Accident_ID,Date,Time_of_Day,Weather,Road_Condition,Vehicle_Density,Avg_Speed,Driver_Distraction,Traffic_Signal_Status,Vehicles_Involved,Casualties,Claim_Amount,Claim_Severity
2788,2024-02-18 00:00:00,Morning,Haze,Damaged,34,95,None,Working,2,6,764217,Medium
898,2023-10-17 00:00:00,Night,Clear,Dry,59,112,Phone,Working,1,2,32881,Medium
343,2023-07-03 00:00:00,Morning,Clear,Dry,96,37,None,Blinking,1,1,768865,Medium
106,2023-02-26 00:00:00,Morning,Clear,Dry,11,32,Phone,Working,4,9,953219,Medium
4858,2025-06-20 00:00:00,Night,Rain,Wet,63,89,None,Working,2,9,903262,High
2846,2023-05-03 00:00:00,Afternoon,Rain,Dry,63,55,None,Working,5,6,518698,Medium
478,2023-01-10 00:00:00,Evening,Rain,Dry,59,50,None,Not Working,1,1,793992,Low
2773,2023-12-30 00:00:00,Night,Clear,Dry,118,80,Phone,Working,1,2,517522,Medium
797,2025-05-25 00:00:00,Night,Clear,Dry,104,20,None,Working,4,3,862550,Low
2268,2023-11-19 00:00:00,Evening,Clear,Dry,44,20,None,Working,3,3,758929,Low
953,2024-01-10 00:00:00,Morning,Rain,Dry,113,73,Phone,Working,2,3,696636,High
3752,2024-05-13 00:00:00,Night,Clear,Dry,39,46,None,Not Working,4,4,465980,Low
1844,2024-11-13 00:00:00,Evening,Clear,Wet,100,113,None,Working,2,1,323435,Medium
174,2024-06-25 00:00:00,Morning,Clear,Dry,14,106,None,Blinking,2,1,488920,Low
3478,2025-02-16 00:00:00,Evening,Rain,Wet,71,106,None,Working,3,9,780196,High
4395,2025-04-16 00:00:00,Night,Clear,Dry,104,26,None,Not Working,4,6,128336,Medium
2826,2025-11-11 00:00:00,Night,Fog,Dry,47,97,None,Working,3,7,85312,Medium
4647,2025-12-27 00:00:00,Evening,Rain,Water-logged,74,56,None,Working,3,0,438756,Medium
4116,2023-09-05 00:00:00,Afternoon,Clear,Dry,13,40,None,Not Working,4,9,932041,Medium
4026,2024-06-20 00:00:00,Night,Clear,Dry,68,47,Phone,Blinking,2,6,63477,Medium
2321,2024-08-05 00:00:00,Night,Clear,Dry,75,27,Phone,Working,1,1,189259,Low
2702,2024-03-31 00:00:00,Night,Rain,Dry,82,25,None,Blinking,1,8,696720,Medium
836,2025-12-04 00:00:00,Afternoon,Rain,Damaged,113,43,Fatigue,Working,1,7,388539,High
4715,2024-01-26 00:00:00,Evening,Clear,Dry,39,103,None,Working,5,1,898772,Low
1967,2023-08-11 00:00:00,Morning,Fog,Water-logged,10,72,Fatigue,Working,2,7,429851,Medium
4270,2024-07-02 00:00:00,Night,Clear,Dry,70,46,Fatigue,Working,2,5,332632,Medium
3354,2023-09-22 00:00:00,Evening,Clear,Wet,11,61,Phone,Working,5,1,920859,Low
3712,2023-02-18 00:00:00,Evening,Clear,Dry,44,56,None,Working,1,9,81559,Medium
326,2024-05-25 00:00:00,Evening,Rain,Dry,48,56,None,Working,4,9,512736,Medium
4733,2024-10-26 00:00:00,Evening,Clear,Dry,72,99,None,Working,3,0,47732,Medium
4802,2025-04-06 00:00:00,Morning,Clear,Wet,45,59,None,Working,5,8,309373,Medium
1840,2025-11-18 00:00:00,Morning,Haze,Dry,10,91,Phone,Not Working,4,5,379997,Medium
4773,2023-04-07 00:00:00,Morning,Clear,Dry,37,95,Phone,Not Working,5,1,699841,Low
735,2023-06-19 00:00:00,Afternoon,Rain,Dry,86,86,Fatigue,Working,1,0,352820,Medium
2637,2024-04-18 00:00:00,Night,Clear,Wet,113,39,None,Not Working,5,6,113291,Medium
4736,2024-09-13 00:00:00,Morning,Rain,Dry,94,30,Other,Not Working,4,2,842670,Medium
1565,2024-07-22 00:00:00,Night,Clear,Wet,39,106,Fatigue,Not Working,3,2,183071,Medium
3300,2025-06-04 00:00:00,Night,Fog,Dry,47,110,Other,Working,4,2,795275,Medium
3522,2025-07-27 00:00:00,Afternoon,Clear,Dry,56,79,Other,Working,3,8,537081,Medium
4134,2024-01-19 00:00:00,Evening,Clear,Dry,98,78,Phone,Blinking,3,0,94835,Medium
295,2024-04-25 00:00:00,Morning,Rain,Dry,92,23,Phone,Working,1,7,828443,Medium
3134,2023-06-17 00:00:00,Evening,Clear,Dry,69,118,None,Working,2,5,96679,Medium
2777,2024-03-09 00:00:00,Morning,Clear,Dry,42,112,Fatigue,Not Working,3,2,133390,Medium
892,2023-12-05 00:00:00,Night,Rain,Dry,37,69,Fatigue,Working,3,3,97856,Medium
732,2024-11-10 00:00:00,Night,Clear,Water-logged,92,64,None,Not Working,2,4,727044,Medium
3959,2023-03-31 00:00:00,Morning,Rain,Wet,63,107,None,Working,3,6,286579,High
1946,2023-04-18 00:00:00,Evening,Rain,Wet,93,31,Phone,Working,4,7,761049,Medium
2506,2024-03-09 00:00:00,Morning,Haze,Damaged,83,77,Phone,Working,3,9,453917,High
2088,2023-01-05 00:00:00,Evening,Rain,Dry,117,48,None,Working,2,5,855834,Medium
3271,2024-08-22 00:00:00,Afternoon,Clear,Dry,52,23,None,Working,3,8,130044,Medium
4886,2025-02-25 00:00:00,Night,Rain,Water-logged,21,26,None,Not Working,4,0,850989,Low
3603,2023-02-07 00:00:00,Morning,Fog,Dry,102,21,Fatigue,Working,5,6,766587,Medium
2152,2023-11-02 00:00:00,Morning,Clear,Dry,40,108,None,Working,5,0,53145,Low
197,2024-07-25 00:00:00,Evening,Rain,Wet,43,81,Fatigue,Working,2,5,93062,Medium
806,2025-06-03 00:00:00,Evening,Clear,Dry,32,100,Fatigue,Working,3,1,804971,Medium
4983,2024-10-11 00:00:00,Evening,Clear,Damaged,38,86,None,Working,4,4,445996,Medium
4563,2024-07-11 00:00:00,Night,Rain,Dry,20,112,None,Working,4,9,247007,High
1103,2025-11-03 00:00:00,Night,Clear,Wet,46,71,Phone,Not Working,3,6,345737,Medium
3856,2023-05-06 00:00:00,Morning,Clear,Water-logged,108,74,None,Working,3,4,113553,Medium
3726,2024-05-03 00:00:00,Night,Rain,Damaged,111,48,Fatigue,Working,5,8,585223,Medium
4175,2025-01-08 00:00:00,Night,Clear,Water-logged,70,31,None,Working,3,6,896124,Medium
3593,2025-10-25 00:00:00,Evening,Clear,Water-logged,93,30,None,Working,5,5,735684,Medium
3426,2023-04-19 00:00:00,Evening,Clear,Wet,12,51,None,Working,3,9,87267,Medium
890,2025-02-09 00:00:00,Morning,Clear,Dry,20,38,Phone,Working,2,2,889763,Low
1482,2024-05-15 00:00:00,Morning,Clear,Dry,86,40,None,Blinking,2,3,385432,Low
4612,2025-08-02 00:00:00,Morning,Clear,Wet,27,61,None,Blinking,2,9,563668,Medium
1790,2024-08-08 00:00:00,Evening,Rain,Wet,91,99,Phone,Working,2,2,399466,Medium
4324,2024-10-04 00:00:00,Afternoon,Clear,Dry,18,87,None,Working,1,0,485162,Low
785,2025-08-29 00:00:00,Morning,Clear,Wet,65,56,None,Blinking,5,9,413233,Medium
4459,2025-11-04 00:00:00,Afternoon,Rain,Wet,56,73,Phone,Working,2,3,840592,Medium
2461,2024-10-10 00:00:00,Night,Clear,Dry,110,58,None,Working,1,6,869861,Medium
954,2024-02-01 00:00:00,Night,Rain,Dry,67,93,None,Working,2,3,185418,Medium
3473,2025-01-18 00:00:00,Evening,Clear,Dry,64,84,None,Working,4,9,451407,High
39,2023-02-04 00:00:00,Evening,Rain,Dry,74,53,Phone,Working,3,9,318880,High
3378,2023-09-17 00:00:00,Morning,Clear,Damaged,115,105,Fatigue,Working,5,7,10301,High
4890,2024-05-02 00:00:00,Evening,Clear,Water-logged,87,111,Other,Not Working,1,1,373819,Medium
4457,2025-12-27 00:00:00,Evening,Clear,Dry,57,55,None,Not Working,4,2,109347,Low
4152,2025-05-13 00:00:00,Morning,Clear,Water-logged,94,76,None,Working,4,4,988522,Medium
585,2024-05-18 00:00:00,Evening,Clear,Dry,76,109,Phone,Working,4,9,625161,High
2481,2024-08-26 00:00:00,Afternoon,Clear,Wet,106,108,Other,Working,4,3,431958,Medium
2106,2025-11-15 00:00:00,Afternoon,Clear,Wet,50,21,Phone,Working,4,7,959447,Medium
3527,2025-12-01 00:00:00,Night,Clear,Wet,103,92,None,Working,5,2,882466,Medium
1156,2025-06-01 00:00:00,Evening,Clear,Dry,65,90,None,Not Working,5,6,219264,Medium
3685,2023-05-10 00:00:00,Evening,Clear,Wet,61,64,None,Working,4,4,350413,Medium
2215,2023-08-03 00:00:00,Evening,Clear,Wet,34,90,None,Blinking,1,3,937989,Medium
3433,2024-03-20 00:00:00,Evening,Clear,Dry,100,106,Fatigue,Working,3,6,626054,High
4438,2025-02-16 00:00:00,Evening,Clear,Dry,51,34,None,Not Working,4,3,770002,Low
4931,2023-04-04 00:00:00,Afternoon,Fog,Dry,31,32,None,Working,5,4,252553,Low
3448,2025-01-24 00:00:00,Evening,Fog,Dry,62,59,None,Working,2,4,436522,Medium
2035,2024-07-21 00:00:00,Evening,Clear,Water-logged,20,38,None,Working,1,5,362797,Low
1532,2023-01-08 00:00:00,Evening,Haze,Dry,17,31,None,Not Working,5,8,385633,Medium
2119,2024-04-15 00:00:00,Morning,Rain,Wet,57,110,Other,Working,2,0,356377,Medium
4652,2025-10-10 00:00:00,Evening,Clear,Dry,39,60,None,Working,3,4,686792,Low
1811,2024-06-23 00:00:00,Evening,Rain,Damaged,101,99,Other,Working,5,0,494302,Medium
90,2024-05-01 00:00:00,Afternoon,Clear,Dry,52,43,Fatigue,Working,2,2,726958,Low
1507,2025-01-26 00:00:00,Evening,Rain,Water-logged,57,104,None,Not Working,4,7,685492,High
4284,2024-09-29 00:00:00,Morning,Clear,Wet,111,48,None,Working,2,2,222009,Medium
781,2024-08-23 00:00:00,Evening,Rain,Damaged,93,51,Phone,Working,2,6,997825,Medium
325,2023-06-23 00:00:00,Night,Clear,Dry,89,52,Fatigue,Working,4,5,799102,Medium
550,2025-01-17 00:00:00,Evening,Clear,Dry,77,112,None,Not Working,3,7,862087,Medium
3631,2023-02-07 00:00:00,Evening,Rain,Dry,101,52,Phone,Working,5,8,746169,High
1553,2025-06-27 00:00:00,Night,Rain,Wet,46,119,None,Working,2,3,573952,Medium
4075,2025-10-02 00:00:00,Evening,Clear,Dry,19,67,None,Not Working,1,3,676845,Low
3308,2025-09-02 00:00:00,Morning,Clear,Water-logged,54,64,Fatigue,Working,2,1,278989,Low
3759,2025-11-25 00:00:00,Afternoon,Clear,Dry,105,33,None,Not Working,2,3,313070,Medium
578,2024-03-21 00:00:00,Night,Haze,Water-logged,96,41,None,Working,2,5,245168,Medium
2470,2024-06-01 00:00:00,Evening,Clear,Wet,40,28,None,Working,4,3,81598,Low
3865,2024-08-25 00:00:00,Morning,Clear,Wet,116,85,None,Not Working,2,0,715105,Medium
1670,2025-02-05 00:00:00,Night,Clear,Dry,77,112,None,Working,4,4,291336,Medium
2523,2024-01-23 00:00:00,Afternoon,Rain,Wet,11,31,Phone,Working,2,0,712578,Low
22,2025-05-06 00:00:00,Morning,Clear,Dry,28,47,None,Working,4,7,883242,Low
2922,2023-06-16 00:00:00,Evening,Rain,Dry,73,81,None,Working,2,0,833324,Medium
1977,2025-04-13 00:00:00,Afternoon,Rain,Dry,67,78,None,Working,4,7,624778,Medium
2214,2023-05-05 00:00:00,Night,Clear,Damaged,105,53,Phone,Not Working,3,2,959349,Medium
3263,2024-05-05 00:00:00,Afternoon,Rain,Wet,24,110,Phone,Not Working,5,9,605908,High
3148,2023-03-09 00:00:00,Evening,Haze,Wet,102,81,Fatigue,Blinking,3,7,86386,High
1858,2023-01-12 00:00:00,Afternoon,Clear,Dry,66,84,None,Working,3,9,934095,High
856,2025-03-19 00:00:00,Morning,Rain,Dry,117,48,None,Working,2,6,224086,Medium
4674,2025-08-05 00:00:00,Morning,Clear,Wet,89,84,Phone,Working,4,2,277270,Medium
1881,2023-09-17 00:00:00,Evening,Rain,Dry,30,96,None,Not Working,5,5,145087,Medium
3163,2025-07-21 00:00:00,Afternoon,Clear,Dry,25,69,None,Not Working,1,0,577763,Low
4553,2023-11-10 00:00:00,Morning,Rain,Wet,57,79,None,Working,1,4,110405,Medium
1207,2023-11-10 00:00:00,Evening,Clear,Wet,43,81,Phone,Working,1,4,314808,Medium
3154,2025-06-08 00:00:00,Afternoon,Haze,Dry,92,22,Phone,Not Working,4,2,350718,Medium
617,2024-04-22 00:00:00,Morning,Fog,Water-logged,105,58,Fatigue,Working,5,0,760020,Medium
1723,2023-12-12 00:00:00,Afternoon,Fog,Dry,94,106,Phone,Working,2,9,944035,High
4408,2024-07-24 00:00:00,Morning,Clear,Wet,42,47,None,Working,4,0,44821,Low
2365,2023-08-04 00:00:00,Evening,Clear,Wet,91,84,Phone,Not Working,5,2,310268,Medium
2842,2023-01-04 00:00:00,Evening,Clear,Dry,74,90,Phone,Working,4,5,494248,Medium
2958,2024-08-23 00:00:00,Night,Fog,Water-logged,63,48,None,Working,1,0,236765,Low
788,2023-09-13 00:00:00,Afternoon,Fog,Dry,26,37,Phone,Working,3,6,400140,Medium
2610,2024-09-26 00:00:00,Morning,Clear,Water-logged,84,62,Fatigue,Not Working,2,1,914211,Medium
1732,2025-02-12 00:00:00,Evening,Clear,Dry,103,117,Phone,Working,3,9,891716,High
759,2024-05-24 00:00:00,Night,Clear,Dry,25,90,Other,Not Working,4,9,795889,Medium
3081,2023-04-20 00:00:00,Evening,Clear,Dry,19,100,Phone,Working,5,2,683759,Medium
2296,2024-12-11 00:00:00,Morning,Haze,Water-logged,82,92,Phone,Working,5,6,606607,High
1245,2025-09-20 00:00:00,Evening,Rain,Dry,97,104,Other,Working,4,5,263665,High
2751,2023-07-10 00:00:00,Afternoon,Clear,Dry,87,106,Other,Working,4,4,421159,Medium
4756,2025-11-27 00:00:00,Night,Clear,Wet,45,24,Other,Working,2,6,279275,Medium
1613,2024-12-17 00:00:00,Evening,Clear,Dry,110,41,None,Working,2,9,803005,Medium
203,2024-03-10 00:00:00,Morning,Rain,Dry,95,71,Fatigue,Working,2,1,322145,Medium
1966,2025-12-11 00:00:00,Evening,Clear,Dry,63,34,None,Blinking,4,1,586678,Low
4575,2024-07-10 00:00:00,Evening,Clear,Dry,79,110,None,Working,2,7,241850,High
644,2023-07-11 00:00:00,Afternoon,Clear,Water-logged,108,61,None,Working,1,8,565513,High
4089,2025-03-23 00:00:00,Night,Clear,Dry,41,114,None,Not Working,2,5,77404,Medium
4790,2025-05-06 00:00:00,Afternoon,Clear,Water-logged,104,95,None,Not Working,1,0,346772,Medium
3895,2025-10-26 00:00:00,Evening,Clear,Dry,46,53,None,Working,4,5,38754,Medium
4574,2024-11-11 00:00:00,Evening,Clear,Water-logged,102,102,None,Not Working,1,8,350754,Medium
2678,2025-12-03 00:00:00,Morning,Haze,Wet,63,94,None,Working,2,9,169445,High
2653,2024-01-20 00:00:00,Afternoon,Clear,Dry,53,27,None,Working,4,3,894531,Low
841,2024-02-23 00:00:00,Morning,Clear,Water-logged,75,104,Phone,Working,2,5,588489,Medium
103,2024-06-26 00:00:00,Afternoon,Rain,Damaged,76,38,None,Working,5,2,92087,Low
1146,2023-01-02 00:00:00,Night,Clear,Wet,117,72,Phone,Working,4,2,880861,Medium
391,2024-06-24 00:00:00,Night,Clear,Water-logged,25,49,Other,Working,4,4,269934,Medium
394,2024-04-07 00:00:00,Evening,Rain,Dry,92,85,None,Working,3,9,49449,High
415,2025-08-29 00:00:00,Evening,Clear,Water-logged,42,32,Other,Working,3,7,870929,Low
2591,2023-06-28 00:00:00,Night,Clear,Water-logged,81,29,Phone,Blinking,2,9,905922,Medium
4471,2024-07-05 00:00:00,Night,Clear,Water-logged,10,66,None,Working,3,9,897408,Medium
2726,2024-03-04 00:00:00,Afternoon,Clear,Water-logged,106,24,None,Working,2,9,46834,Medium
1590,2024-04-05 00:00:00,Evening,Rain,Wet,45,117,None,Blinking,4,7,675641,High
3170,2024-03-19 00:00:00,Afternoon,Clear,Wet,30,86,None,Working,5,4,679020,Medium
4244,2023-02-19 00:00:00,Afternoon,Rain,Dry,57,42,Phone,Working,2,7,823933,Medium
1431,2025-07-04 00:00:00,Afternoon,Rain,Dry,115,115,Phone,Working,5,5,671321,High
1212,2024-10-03 00:00:00,Afternoon,Clear,Wet,20,98,Phone,Working,5,3,961932,Medium
379,2025-03-31 00:00:00,Night,Fog,Wet,71,24,Other,Working,4,2,941436,Medium
4598,2025-12-01 00:00:00,Morning,Clear,Damaged,43,60,None,Blinking,5,3,483242,Low
4958,2023-06-11 00:00:00,Evening,Rain,Wet,102,96,Fatigue,Blinking,3,7,116829,High
2731,2025-12-16 00:00:00,Evening,Clear,Dry,112,26,Phone,Not Working,4,8,962352,Medium
1562,2025-01-17 00:00:00,Morning,Clear,Dry,97,62,None,Working,3,2,741832,Medium
1010,2023-03-29 00:00:00,Afternoon,Clear,Dry,100,52,Fatigue,Not Working,4,8,175441,Medium
3984,2025-06-25 00:00:00,Morning,Rain,Dry,51,55,Phone,Not Working,4,7,416266,Medium
1463,2025-02-04 00:00:00,Morning,Haze,Wet,90,31,None,Not Working,1,7,669758,Medium
944,2023-02-15 00:00:00,Night,Fog,Dry,44,31,Fatigue,Working,5,8,406930,Medium
2763,2023-08-15 00:00:00,Evening,Clear,Dry,45,98,None,Blinking,4,9,312147,Medium
1710,2023-07-14 00:00:00,Evening,Haze,Dry,26,37,None,Working,3,1,65849,Low
2935,2024-12-16 00:00:00,Evening,Clear,Wet,107,50,None,Working,1,9,888941,Medium
3972,2025-07-30 00:00:00,Evening,Rain,Dry,59,77,None,Working,4,3,834377,Medium
2562,2024-03-28 00:00:00,Evening,Rain,Dry,91,66,None,Working,5,3,429977,Medium
4969,2024-10-17 00:00:00,Night,Rain,Dry,61,90,None,Working,5,7,58760,High
704,2023-11-25 00:00:00,Morning,Clear,Damaged,42,30,None,Working,4,7,505038,Medium
1484,2023-02-09 00:00:00,Morning,Clear,Dry,106,73,None,Blinking,1,0,822320,Medium
2369,2024-03-30 00:00:00,Afternoon,Clear,Dry,106,114,Fatigue,Working,4,4,352702,High
3607,2025-05-19 00:00:00,Night,Rain,Dry,69,39,None,Working,5,9,583357,Medium
996,2023-07-24 00:00:00,Morning,Rain,Dry,113,116,None,Working,4,7,371452,High
4939,2023-10-16 00:00:00,Evening,Fog,Dry,11,80,Phone,Not Working,3,8,945864,Medium
910,2025-02-17 00:00:00,Afternoon,Clear,Dry,109,28,Fatigue,Not Working,5,1,336231,Low
858,2024-11-05 00:00:00,Afternoon,Clear,Dry,118,101,Fatigue,Working,3,0,23449,Medium
4409,2023-06-05 00:00:00,Afternoon,Clear,Wet,28,41,None,Working,3,8,923993,Low
2687,2023-10-02 00:00:00,Morning,Rain,Wet,50,50,Phone,Working,3,5,107047,Medium
3007,2024-04-30 00:00:00,Night,Rain,Damaged,38,28,Other,Working,2,2,291173,Low
4044,2023-06-03 00:00:00,Evening,Clear,Dry,117,73,Phone,Working,3,5,300207,Medium
328,2023-05-29 00:00:00,Evening,Clear,Dry,112,43,None,Not Working,3,4,269810,Medium
3787,2025-11-25 00:00:00,Evening,Clear,Wet,32,36,Phone,Not Working,4,5,919799,Low
2055,2024-05-06 00:00:00,Night,Clear,Wet,109,87,None,Not Working,5,8,776132,Medium
3646,2024-03-29 00:00:00,Morning,Clear,Wet,118,30,None,Blinking,1,5,779596,Medium
2242,2025-04-15 00:00:00,Morning,Haze,Dry,82,93,None,Working,2,9,873228,High
695,2025-12-15 00:00:00,Morning,Rain,Water-logged,36,76,None,Not Working,4,4,101447,Medium
3226,2023-11-26 00:00:00,Night,Rain,Dry,26,85,Fatigue,Working,3,9,584073,Medium
2753,2024-09-14 00:00:00,Afternoon,Clear,Dry,36,49,None,Working,4,7,88292,Medium
4482,2024-07-22 00:00:00,Afternoon,Clear,Dry,103,86,None,Not Working,2,2,62669,Medium
1206,2024-03-24 00:00:00,Evening,Haze,Water-logged,76,40,None,Working,5,3,329035,Medium
565,2025-01-27 00:00:00,Afternoon,Haze,Dry,27,62,Phone,Working,2,6,688566,Medium
1556,2024-11-05 00:00:00,Morning,Rain,Dry,55,54,Phone,Working,1,2,157241,Medium
4902,2024-09-05 00:00:00,Afternoon,Clear,Dry,50,84,None,Blinking,1,2,99079,Low
4151,2024-10-22 00:00:00,Morning,Clear,Wet,11,103,Fatigue,Working,2,2,409954,Low
4114,2025-09-21 00:00:00,Morning,Clear,Dry,10,55,Other,Not Working,5,6,931043,Medium
2584,2023-02-05 00:00:00,Afternoon,Clear,Wet,100,81,None,Working,5,6,73664,Medium
2005,2025-08-27 00:00:00,Afternoon,Clear,Dry,41,97,None,Working,5,5,821858,Medium
2634,2023-02-11 00:00:00,Morning,Haze,Dry,56,69,Phone,Working,3,7,212478,Medium
1387,2025-11-02 00:00:00,Evening,Rain,Dry,105,73,Phone,Working,4,5,305047,High
3983,2023-05-09 00:00:00,Morning,Rain,Dry,105,37,Phone,Working,5,1,755707,Medium
2570,2025-01-17 00:00:00,Night,Clear,Dry,60,49,None,Working,2,7,179291,Low
2041,2023-07-16 00:00:00,Night,Rain,Wet,67,50,None,Working,4,5,868155,Medium
4271,2025-11-11 00:00:00,Evening,Clear,Dry,55,32,Fatigue,Not Working,2,4,971620,Medium
4914,2023-06-26 00:00:00,Morning,Rain,Wet,90,46,Phone,Working,1,8,33421,Medium
649,2025-10-08 00:00:00,Evening,Rain,Damaged,88,38,None,Working,4,0,294580,Low
4063,2024-11-18 00:00:00,Evening,Rain,Dry,47,89,None,Working,3,2,740095,Medium
2387,2023-03-08 00:00:00,Afternoon,Clear,Wet,39,53,None,Working,2,1,221207,Low
3785,2023-12-19 00:00:00,Night,Rain,Dry,79,82,Phone,Working,2,9,172143,High
2693,2025-12-08 00:00:00,Morning,Clear,Dry,115,55,Phone,Working,5,7,589777,High
1741,2024-09-19 00:00:00,Night,Clear,Dry,110,71,None,Working,1,3,333827,Medium
133,2024-11-21 00:00:00,Morning,Clear,Wet,89,42,None,Not Working,1,6,612464,Medium
4069,2025-09-01 00:00:00,Evening,Clear,Wet,82,116,Fatigue,Working,2,3,863888,Medium
595,2024-05-05 00:00:00,Night,Clear,Water-logged,44,30,Other,Working,1,9,830862,Medium
1396,2024-07-04 00:00:00,Night,Clear,Dry,110,46,None,Not Working,1,1,614366,Low
4626,2024-04-04 00:00:00,Evening,Clear,Dry,108,53,None,Not Working,4,4,368118,Medium
2123,2025-10-06 00:00:00,Night,Clear,Dry,114,97,None,Working,3,1,772416,Medium
3073,2024-10-05 00:00:00,Afternoon,Rain,Dry,59,48,Phone,Working,2,3,689818,Medium
3447,2023-02-08 00:00:00,Night,Rain,Dry,87,98,None,Blinking,3,3,627642,High
3934,2024-01-09 00:00:00,Morning,Rain,Damaged,89,35,Other,Working,4,3,584382,Medium
1841,2023-05-19 00:00:00,Afternoon,Haze,Dry,94,89,None,Working,5,2,47030,Medium
722,2024-09-30 00:00:00,Morning,Clear,Dry,92,108,Phone,Blinking,3,7,329492,High
2257,2024-04-21 00:00:00,Evening,Clear,Dry,116,100,Other,Working,5,0,277649,Medium
4566,2025-08-12 00:00:00,Night,Clear,Dry,117,103,Phone,Working,2,6,950780,Medium
485,2024-03-25 00:00:00,Evening,Rain,Dry,67,32,None,Working,1,7,986521,Medium
3674,2025-06-15 00:00:00,Morning,Clear,Dry,72,100,Phone,Working,5,0,203138,Medium
4097,2024-10-20 00:00:00,Morning,Clear,Dry,30,108,None,Working,2,4,779107,Medium
117,2025-07-03 00:00:00,Night,Clear,Dry,97,23,Phone,Not Working,4,5,168925,Medium
2576,2025-10-31 00:00:00,Evening,Clear,Dry,47,28,Phone,Working,1,7,558986,Medium
1560,2023-07-09 00:00:00,Night,Haze,Wet,14,37,Fatigue,Working,3,8,410915,Medium
238,2023-10-22 00:00:00,Morning,Rain,Dry,80,75,None,Working,4,4,553180,Medium
3232,2025-04-22 00:00:00,Evening,Clear,Dry,111,36,Phone,Not Working,4,3,218360,Medium
701,2023-06-06 00:00:00,Evening,Clear,Dry,55,46,None,Working,5,3,512826,Low
313,2024-09-05 00:00:00,Morning,Haze,Damaged,105,40,Phone,Not Working,5,0,592460,Medium
575,2024-09-15 00:00:00,Night,Rain,Water-logged,90,21,Fatigue,Working,3,0,802053,Medium
596,2023-08-25 00:00:00,Afternoon,Clear,Wet,96,51,Other,Working,5,8,843932,Medium
1575,2023-07-31 00:00:00,Morning,Clear,Wet,27,24,None,Working,4,1,257022,Low
3103,2023-08-05 00:00:00,Night,Clear,Dry,102,30,Phone,Working,3,2,182997,Low
1018,2023-03-09 00:00:00,Evening,Clear,Water-logged,98,51,Fatigue,Working,4,0,518815,Medium
3455,2023-08-12 00:00:00,Night,Haze,Dry,107,29,Fatigue,Working,3,6,572965,Medium
4819,2024-11-06 00:00:00,Night,Clear,Dry,70,71,None,Working,5,7,971559,Medium
3629,2023-07-31 00:00:00,Evening,Clear,Water-logged,57,69,None,Working,1,2,970197,Low
1958,2025-06-17 00:00:00,Afternoon,Rain,Damaged,108,47,None,Not Working,3,0,130362,Medium
2052,2023-07-19 00:00:00,Afternoon,Clear,Dry,101,117,None,Working,1,8,559429,Medium
1015,2024-01-14 00:00:00,Evening,Clear,Water-logged,42,66,None,Working,3,1,649026,Low
4578,2025-06-18 00:00:00,Morning,Rain,Dry,82,117,None,Working,5,0,728449,Medium
1511,2025-10-19 00:00:00,Night,Clear,Dry,117,27,None,Working,4,5,704797,Low
1389,2023-04-25 00:00:00,Night,Clear,Damaged,12,56,Phone,Not Working,4,7,869420,Medium
358,2025-04-22 00:00:00,Evening,Haze,Dry,94,85,None,Working,2,1,961344,Medium
1258,2023-08-18 00:00:00,Afternoon,Rain,Dry,34,114,Phone,Blinking,4,6,925429,High
1218,2024-09-26 00:00:00,Evening,Clear,Wet,63,113,Phone,Working,5,8,619399,High
1413,2024-01-11 00:00:00,Afternoon,Fog,Dry,34,117,Fatigue,Working,5,9,712615,High
1926,2024-08-29 00:00:00,Morning,Clear,Water-logged,49,33,None,Working,5,2,33878,Low
3465,2023-04-14 00:00:00,Morning,Haze,Wet,53,25,None,Blinking,5,7,882198,Medium
3439,2023-02-11 00:00:00,Night,Rain,Water-logged,87,78,Fatigue,Working,5,1,573148,Medium
729,2024-02-27 00:00:00,Morning,Clear,Dry,59,45,Other,Working,1,9,592072,Medium
3014,2025-01-30 00:00:00,Afternoon,Clear,Dry,14,112,None,Not Working,2,6,617214,Medium
1044,2024-09-07 00:00:00,Evening,Clear,Wet,11,58,Phone,Working,5,1,453930,Low
774,2023-04-30 00:00:00,Afternoon,Rain,Dry,57,31,Phone,Working,3,9,445398,Medium
2168,2024-06-25 00:00:00,Morning,Clear,Wet,31,75,None,Working,1,3,598332,Medium
1047,2023-07-26 00:00:00,Morning,Clear,Dry,103,29,None,Working,4,4,710276,Low
2544,2025-10-22 00:00:00,Evening,Haze,Dry,37,35,Fatigue,Working,4,7,811753,Medium
4293,2024-04-11 00:00:00,Evening,Clear,Dry,89,73,Fatigue,Blinking,2,2,873950,Medium
895,2025-05-10 00:00:00,Evening,Clear,Wet,98,111,None,Working,2,8,308424,High
3130,2024-06-15 00:00:00,Night,Clear,Dry,90,36,Fatigue,Working,1,9,279740,Medium
1929,2023-10-07 00:00:00,Evening,Rain,Dry,39,100,Fatigue,Working,4,3,216203,Medium
2124,2025-12-10 00:00:00,Afternoon,Fog,Damaged,96,34,Phone,Working,5,0,591182,Medium
4206,2023-02-01 00:00:00,Afternoon,Clear,Wet,21,39,Phone,Working,3,7,737680,Medium
3729,2023-04-09 00:00:00,Morning,Clear,Dry,28,42,None,Working,1,3,729093,Low
1303,2025-07-29 00:00:00,Morning,Clear,Dry,18,112,Phone,Working,5,7,555706,Medium
3079,2025-11-12 00:00:00,Morning,Clear,Wet,76,110,Other,Working,2,0,191905,Medium
4521,2023-11-02 00:00:00,Night,Clear,Wet,44,44,None,Working,2,3,214757,Low
2154,2024-03-17 00:00:00,Night,Fog,Wet,45,100,Other,Working,4,2,318558,Medium
3829,2023-05-26 00:00:00,Night,Clear,Dry,10,22,Fatigue,Working,5,9,620170,Low
2101,2023-08-28 00:00:00,Night,Clear,Dry,51,50,Other,Working,4,9,21665,Medium
3512,2023-08-19 00:00:00,Morning,Rain,Water-logged,107,24,None,Working,3,8,995592,Medium
3085,2025-07-22 00:00:00,Evening,Rain,Dry,92,85,Phone,Working,1,2,507140,Medium
4430,2023-04-22 00:00:00,Evening,Fog,Dry,110,50,Phone,Working,5,6,432459,High
893,2024-07-23 00:00:00,Night,Clear,Wet,17,93,None,Working,4,5,674770,Medium
4623,2025-06-29 00:00:00,Morning,Clear,Dry,91,103,Fatigue,Working,2,9,714770,High
1884,2025-01-27 00:00:00,Evening,Clear,Dry,18,44,None,Working,1,6,152345,Low
4132,2025-09-19 00:00:00,Morning,Rain,Dry,95,45,None,Working,1,7,577161,Medium
4520,2025-07-07 00:00:00,Morning,Clear,Dry,64,118,Fatigue,Working,4,0,895497,Medium
128,2024-04-12 00:00:00,Night,Clear,Wet,37,63,Phone,Blinking,5,6,832994,Medium
699,2023-08-16 00:00:00,Morning,Haze,Wet,11,57,None,Blinking,4,4,528538,Medium
4318,2024-02-25 00:00:00,Morning,Clear,Dry,12,90,Other,Not Working,2,4,26964,Medium
2196,2024-08-03 00:00:00,Afternoon,Clear,Dry,104,34,None,Working,4,3,932918,Low
64,2023-01-24 00:00:00,Afternoon,Clear,Dry,111,107,Other,Working,4,7,970006,High
850,2023-05-31 00:00:00,Evening,Clear,Dry,82,94,Other,Working,1,2,308046,Medium
634,2025-05-03 00:00:00,Evening,Clear,Dry,23,41,None,Working,4,0,19968,Low
3572,2025-08-14 00:00:00,Evening,Clear,Dry,98,70,Fatigue,Not Working,3,0,164066,Low
3286,2025-10-31 00:00:00,Morning,Fog,Damaged,56,107,Phone,Working,5,2,944692,Medium
1121,2023-05-11 00:00:00,Night,Clear,Wet,27,63,None,Working,5,2,981526,Low
2370,2025-02-02 00:00:00,Evening,Haze,Wet,84,36,None,Working,5,3,581754,Low
4429,2025-06-26 00:00:00,Morning,Clear,Dry,14,96,Phone,Working,4,0,383580,Medium
2151,2024-05-17 00:00:00,Afternoon,Rain,Dry,61,55,None,Working,1,1,649813,Medium
2288,2023-07-18 00:00:00,Afternoon,Clear,Dry,35,32,Fatigue,Working,4,8,589503,Medium
15,2024-06-29 00:00:00,Morning,Clear,Dry,92,61,None,Working,4,9,533772,Medium
378,2023-01-05 00:00:00,Morning,Clear,Dry,53,39,Fatigue,Working,5,1,553754,Low
560,2023-09-13 00:00:00,Evening,Rain,Damaged,45,37,Other,Not Working,4,1,459251,Low
2541,2025-12-17 00:00:00,Evening,Clear,Dry,12,53,None,Working,1,6,585596,Medium
2617,2023-01-06 00:00:00,Afternoon,Clear,Dry,104,45,Fatigue,Not Working,2,2,492327,Medium
2884,2024-05-29 00:00:00,Morning,Fog,Dry,72,92,None,Working,1,1,673324,Medium
375,2024-05-22 00:00:00,Morning,Clear,Damaged,19,44,None,Working,4,9,341189,Medium
2889,2024-06-08 00:00:00,Night,Clear,Damaged,119,74,Other,Working,2,4,527510,High
1870,2023-08-18 00:00:00,Evening,Haze,Wet,85,109,Fatigue,Blinking,3,0,770880,Medium
3482,2025-04-10 00:00:00,Evening,Clear,Dry,109,85,Phone,Working,4,7,341784,High
1500,2024-05-12 00:00:00,Night,Rain,Damaged,50,46,Fatigue,Working,2,4,656555,Medium
385,2025-06-11 00:00:00,Evening,Rain,Water-logged,33,82,Fatigue,Working,5,9,696222,High
4683,2023-06-11 00:00:00,Night,Clear,Wet,105,114,None,Blinking,3,5,811370,Medium
3055,2025-09-10 00:00:00,Evening,Fog,Dry,114,82,Other,Blinking,1,9,187139,High
2114,2023-10-13 00:00:00,Night,Clear,Wet,117,63,None,Working,4,3,526217,Medium
4649,2023-01-12 00:00:00,Night,Rain,Wet,89,51,None,Blinking,1,8,460401,Medium
2241,2024-04-02 00:00:00,Evening,Fog,Dry,84,25,None,Blinking,1,7,533273,Medium
1803,2023-04-29 00:00:00,Afternoon,Clear,Dry,57,116,None,Blinking,4,1,696402,Low
2382,2023-06-14 00:00:00,Night,Clear,Dry,106,96,Phone,Working,1,4,930997,Medium
3066,2024-08-14 00:00:00,Afternoon,Clear,Wet,57,98,None,Working,1,4,873005,Medium
2407,2025-11-27 00:00:00,Afternoon,Rain,Dry,75,73,None,Working,4,7,818088,High
4369,2024-05-04 00:00:00,Morning,Rain,Damaged,39,44,Fatigue,Not Working,2,9,776212,High
3843,2023-01-14 00:00:00,Afternoon,Clear,Dry,35,106,Other,Working,4,2,306272,Medium
2793,2024-06-26 00:00:00,Evening,Clear,Wet,84,38,Other,Working,5,1,82333,Medium
4804,2025-02-19 00:00:00,Morning,Rain,Dry,25,48,Phone,Working,1,8,752260,Medium
2579,2024-09-30 00:00:00,Afternoon,Haze,Dry,102,70,None,Working,5,2,473196,Medium
1649,2023-03-08 00:00:00,Evening,Rain,Dry,47,38,Phone,Working,4,6,200909,Medium
2445,2024-07-29 00:00:00,Afternoon,Clear,Dry,27,22,None,Working,4,7,19104,Low
4027,2023-09-13 00:00:00,Afternoon,Rain,Wet,68,107,Phone,Working,5,5,533849,High
3018,2025-05-04 00:00:00,Afternoon,Rain,Dry,51,77,None,Working,1,6,249665,Medium
2748,2023-09-07 00:00:00,Morning,Rain,Wet,74,43,None,Working,2,1,554228,Medium
3733,2025-10-11 00:00:00,Afternoon,Clear,Damaged,11,96,Fatigue,Not Working,5,3,440240,Medium
2082,2025-11-13 00:00:00,Morning,Rain,Wet,105,99,None,Working,1,3,266102,Medium
1594,2025-06-11 00:00:00,Morning,Fog,Dry,12,106,None,Working,2,7,72541,Medium
3369,2023-04-16 00:00:00,Morning,Rain,Wet,36,35,None,Not Working,4,6,334260,Medium
2259,2024-07-15 00:00:00,Afternoon,Rain,Dry,107,92,Phone,Working,5,4,850660,High
4796,2023-10-17 00:00:00,Afternoon,Rain,Wet,109,23,Fatigue,Working,3,5,55064,Medium
3668,2024-01-06 00:00:00,Morning,Clear,Dry,82,41,None,Working,3,0,93238,Low
78,2025-07-17 00:00:00,Morning,Clear,Dry,51,20,None,Not Working,2,6,562090,Low
2882,2025-10-25 00:00:00,Night,Clear,Wet,109,44,None,Working,3,0,496239,Low
4567,2024-02-23 00:00:00,Afternoon,Rain,Damaged,103,41,None,Working,3,6,720110,Medium
4999,2024-09-03 00:00:00,Night,Clear,Wet,44,88,None,Blinking,3,6,736115,Medium
1427,2024-08-17 00:00:00,Morning,Haze,Dry,27,37,Phone,Working,5,0,356505,Low
314,2023-09-16 00:00:00,Night,Haze,Dry,97,83,Fatigue,Working,1,7,928861,High
4263,2023-08-22 00:00:00,Afternoon,Rain,Dry,81,64,Fatigue,Not Working,5,1,307221,Medium
3330,2023-02-28 00:00:00,Evening,Clear,Damaged,99,75,None,Working,4,7,419457,Medium
4508,2025-03-14 00:00:00,Morning,Rain,Dry,112,105,None,Blinking,4,6,523751,High
268,2023-08-02 00:00:00,Evening,Clear,Dry,51,88,Phone,Working,1,9,141695,High
4472,2024-01-28 00:00:00,Night,Rain,Damaged,44,22,Phone,Not Working,5,8,509926,Medium
3950,2023-10-25 00:00:00,Morning,Rain,Water-logged,18,81,Other,Not Working,1,4,485346,Medium
3876,2024-10-01 00:00:00,Afternoon,Clear,Dry,32,118,Phone,Not Working,4,6,14250,High
1493,2023-08-28 00:00:00,Morning,Clear,Dry,46,59,Phone,Working,4,4,897025,Low
1598,2023-01-02 00:00:00,Morning,Clear,Dry,16,98,Fatigue,Not Working,3,6,243326,Medium
1894,2024-08-17 00:00:00,Morning,Clear,Dry,110,99,Phone,Not Working,5,5,742158,High
3800,2023-10-15 00:00:00,Evening,Clear,Wet,45,94,Other,Working,5,2,219020,Medium
4505,2023-08-12 00:00:00,Afternoon,Clear,Dry,99,118,None,Working,1,7,735753,High
1603,2023-08-27 00:00:00,Morning,Clear,Water-logged,33,54,None,Working,5,0,6823,Low
2823,2024-05-17 00:00:00,Evening,Clear,Dry,50,88,Fatigue,Working,2,5,519219,Medium
3548,2025-09-26 00:00:00,Afternoon,Clear,Dry,77,98,Phone,Working,1,3,179249,Medium
20,2024-12-07 00:00:00,Afternoon,Fog,Dry,58,107,None,Working,2,5,290543,Medium
880,2023-12-01 00:00:00,Morning,Clear,Water-logged,71,89,Other,Working,3,7,962807,High
2558,2025-06-01 00:00:00,Afternoon,Clear,Wet,16,80,Phone,Working,2,5,116467,Medium
4176,2025-03-22 00:00:00,Night,Clear,Water-logged,71,112,None,Working,4,6,13735,Medium
1325,2024-05-16 00:00:00,Night,Clear,Water-logged,60,68,Phone,Working,4,4,134976,Medium
3845,2023-10-24 00:00:00,Morning,Clear,Dry,117,108,Other,Working,3,6,403628,High
3818,2023-09-06 00:00:00,Night,Clear,Dry,85,74,None,Not Working,3,6,685506,Medium
3643,2025-12-13 00:00:00,Afternoon,Clear,Wet,38,79,Other,Working,4,8,466176,High
835,2023-03-19 00:00:00,Afternoon,Rain,Dry,59,115,Fatigue,Working,3,9,514404,High
991,2023-10-25 00:00:00,Evening,Clear,Wet,87,91,Phone,Working,2,9,450294,High
3725,2023-10-12 00:00:00,Afternoon,Fog,Water-logged,111,21,Phone,Blinking,2,2,364584,Medium
3719,2023-04-10 00:00:00,Afternoon,Fog,Dry,101,37,None,Working,1,4,931537,Medium
41,2025-12-13 00:00:00,Morning,Rain,Water-logged,27,32,Fatigue,Working,4,9,490641,Medium
2721,2024-02-06 00:00:00,Night,Rain,Dry,23,73,Phone,Blinking,3,5,526387,Medium
4952,2023-03-21 00:00:00,Morning,Rain,Dry,65,87,Other,Working,1,9,377396,High
4316,2024-03-18 00:00:00,Morning,Clear,Wet,42,118,Fatigue,Working,5,9,605239,High
3760,2023-02-21 00:00:00,Night,Clear,Dry,44,39,Phone,Working,3,8,509419,Medium
4232,2024-09-21 00:00:00,Evening,Clear,Wet,105,101,Phone,Working,5,6,67751,High
845,2023-02-11 00:00:00,Morning,Fog,Dry,18,36,Fatigue,Working,4,2,483283,Low
619,2025-05-27 00:00:00,Night,Rain,Dry,79,93,Phone,Working,4,4,616713,Medium
4948,2023-01-25 00:00:00,Evening,Clear,Dry,41,75,None,Working,2,6,198608,Low
4411,2023-06-14 00:00:00,Morning,Clear,Dry,24,117,Phone,Blinking,5,7,310712,Medium
429,2023-11-22 00:00:00,Afternoon,Rain,Dry,62,104,Fatigue,Working,2,5,510154,High
3423,2024-03-13 00:00:00,Evening,Clear,Wet,92,30,Other,Not Working,2,8,678484,Medium
4880,2024-09-28 00:00:00,Night,Rain,Dry,87,24,None,Working,3,6,354884,Medium
1765,2023-08-18 00:00:00,Morning,Rain,Dry,55,24,Phone,Working,1,1,757052,Low
1634,2024-07-06 00:00:00,Evening,Clear,Water-logged,114,116,Phone,Blinking,4,3,504501,Medium
4930,2025-03-05 00:00:00,Night,Fog,Dry,66,100,None,Working,3,5,326907,Medium
4094,2024-05-26 00:00:00,Night,Rain,Damaged,83,30,None,Blinking,5,9,165057,Medium
1204,2023-10-20 00:00:00,Afternoon,Rain,Wet,47,54,None,Working,1,7,358465,Medium
4885,2023-06-01 00:00:00,Morning,Clear,Dry,71,88,None,Blinking,3,1,226755,Medium
643,2023-06-19 00:00:00,Morning,Clear,Dry,38,49,None,Working,5,6,440797,Low
3250,2024-11-11 00:00:00,Evening,Rain,Dry,32,102,Phone,Working,1,2,818421,Medium
1628,2025-05-09 00:00:00,Evening,Rain,Dry,76,65,Phone,Not Working,5,8,667270,High
865,2025-08-31 00:00:00,Afternoon,Rain,Dry,104,113,Phone,Working,4,1,360208,Medium
3189,2023-06-19 00:00:00,Night,Clear,Damaged,108,30,Phone,Working,2,3,199124,Medium
1217,2024-01-16 00:00:00,Morning,Clear,Dry,36,86,Phone,Working,4,1,792528,Medium
109,2024-09-14 00:00:00,Morning,Rain,Dry,10,21,None,Working,3,6,716760,Medium
3144,2025-04-15 00:00:00,Evening,Clear,Dry,68,63,Phone,Working,5,1,278835,Low
3457,2023-08-13 00:00:00,Evening,Rain,Dry,80,23,Phone,Blinking,2,9,280935,High
2684,2023-03-11 00:00:00,Afternoon,Clear,Dry,96,75,None,Working,1,3,209012,Medium
4420,2023-08-22 00:00:00,Morning,Clear,Dry,41,87,None,Working,5,4,209474,Medium
529,2024-05-24 00:00:00,Morning,Clear,Water-logged,78,111,None,Blinking,5,3,26755,Medium
4835,2025-09-05 00:00:00,Evening,Clear,Wet,10,87,None,Working,2,0,535446,Low
1759,2024-11-18 00:00:00,Morning,Haze,Water-logged,116,79,Phone,Working,4,0,90401,Medium
1323,2024-12-01 00:00:00,Night,Clear,Dry,45,101,None,Working,5,1,748342,Low
2893,2024-04-13 00:00:00,Evening,Fog,Dry,105,72,Phone,Blinking,1,0,338796,Medium
493,2025-10-17 00:00:00,Afternoon,Rain,Dry,67,22,Fatigue,Working,5,0,527383,Low
2526,2025-07-26 00:00:00,Afternoon,Rain,Dry,73,43,None,Working,1,5,982259,Medium
2193,2023-04-20 00:00:00,Evening,Clear,Water-logged,60,67,None,Working,4,3,950471,Medium
3400,2025-01-08 00:00:00,Evening,Haze,Dry,48,50,None,Working,5,6,846320,Medium
2198,2024-11-23 00:00:00,Night,Rain,Dry,40,46,Phone,Not Working,3,6,532667,Medium
799,2024-03-25 00:00:00,Evening,Haze,Wet,13,61,Phone,Working,3,0,526549,Low
791,2025-06-02 00:00:00,Morning,Clear,Wet,15,47,None,Not Working,3,7,487149,Medium
1460,2024-09-04 00:00:00,Evening,Clear,Water-logged,76,112,None,Working,2,4,136613,Medium
4397,2025-05-24 00:00:00,Afternoon,Clear,Water-logged,13,42,None,Blinking,1,1,82062,Low
2886,2023-08-16 00:00:00,Night,Fog,Dry,76,67,None,Working,4,6,295432,Medium
2722,2024-12-11 00:00:00,Evening,Haze,Dry,11,30,Fatigue,Working,5,0,807610,Low
194,2023-07-22 00:00:00,Evening,Haze,Water-logged,15,82,Phone,Working,5,5,50601,Medium
3385,2024-04-21 00:00:00,Morning,Clear,Dry,70,58,None,Not Working,1,8,786156,Medium
3313,2023-11-30 00:00:00,Evening,Clear,Dry,31,108,None,Working,4,3,164484,Medium
1432,2025-10-13 00:00:00,Evening,Haze,Wet,92,91,Other,Working,4,5,630971,High
2394,2024-04-06 00:00:00,Morning,Clear,Water-logged,75,31,Fatigue,Working,4,5,751009,Medium
3985,2024-04-17 00:00:00,Night,Clear,Damaged,90,43,Fatigue,Working,2,7,409844,Medium
2077,2025-03-15 00:00:00,Morning,Rain,Dry,18,47,None,Working,2,4,880589,Low
2494,2023-10-18 00:00:00,Afternoon,Rain,Dry,33,118,Phone,Working,2,7,194100,High
4839,2025-01-15 00:00:00,Morning,Rain,Dry,62,106,Fatigue,Not Working,5,7,943991,High
3434,2023-05-12 00:00:00,Afternoon,Fog,Dry,82,113,None,Working,1,1,450958,Medium
2441,2025-09-27 00:00:00,Evening,Rain,Wet,56,85,Other,Working,2,9,794906,High
1071,2023-10-22 00:00:00,Afternoon,Haze,Dry,91,58,None,Working,2,9,244432,High
270,2023-08-10 00:00:00,Afternoon,Clear,Dry,85,87,None,Not Working,2,3,156665,Medium
4562,2025-07-13 00:00:00,Afternoon,Clear,Dry,48,110,None,Working,4,6,918506,Medium
342,2025-07-15 00:00:00,Afternoon,Haze,Dry,45,24,Fatigue,Working,4,1,953052,Low
4422,2025-02-17 00:00:00,Night,Clear,Dry,47,115,None,Working,5,1,682720,Low
821,2024-03-27 00:00:00,Night,Fog,Dry,53,108,Other,Working,3,2,102975,Medium
4538,2023-07-09 00:00:00,Evening,Rain,Dry,98,67,Phone,Working,5,0,341251,Medium
4179,2023-02-12 00:00:00,Afternoon,Rain,Dry,101,114,None,Working,2,1,318999,Medium
4393,2025-10-26 00:00:00,Evening,Clear,Dry,100,27,Phone,Working,3,6,776512,Medium
4617,2023-10-06 00:00:00,Night,Rain,Dry,23,76,Other,Not Working,1,5,139536,Medium
2877,2025-01-08 00:00:00,Afternoon,Rain,Wet,19,51,Phone,Working,4,0,406293,Low
3337,2023-01-28 00:00:00,Night,Haze,Water-logged,20,84,None,Working,2,2,256633,Medium
3732,2023-12-15 00:00:00,Night,Rain,Dry,28,75,Phone,Not Working,4,7,290934,Medium
1942,2024-05-24 00:00:00,Afternoon,Fog,Dry,45,112,None,Working,5,6,517267,High
4946,2024-01-08 00:00:00,Night,Clear,Damaged,20,45,Phone,Blinking,3,2,199347,Low
628,2024-01-22 00:00:00,Evening,Clear,Dry,32,86,Phone,Working,3,1,150482,Low
2093,2023-12-23 00:00:00,Morning,Rain,Dry,84,23,None,Not Working,2,7,878035,Medium
2069,2024-02-23 00:00:00,Morning,Clear,Water-logged,107,113,None,Working,1,5,696266,High
4982,2023-01-21 00:00:00,Morning,Rain,Dry,105,46,Fatigue,Working,4,2,738211,Medium
3201,2024-10-14 00:00:00,Evening,Clear,Dry,37,34,Phone,Working,5,9,85853,Medium
4525,2024-07-17 00:00:00,Night,Clear,Dry,70,106,Phone,Working,5,9,978479,High
4462,2023-08-25 00:00:00,Evening,Clear,Wet,12,71,None,Working,1,2,783599,Low
2995,2024-09-23 00:00:00,Morning,Clear,Dry,104,35,Phone,Not Working,3,0,219224,Low
271,2023-04-01 00:00:00,Night,Clear,Dry,50,68,Phone,Not Working,4,8,97703,Medium
4987,2024-04-06 00:00:00,Evening,Clear,Wet,115,37,Other,Working,5,6,441718,Medium
1976,2025-12-29 00:00:00,Night,Clear,Water-logged,38,79,Other,Working,1,0,21456,Low
4266,2024-08-18 00:00:00,Afternoon,Clear,Dry,94,38,None,Not Working,2,9,579787,Medium
4323,2024-06-23 00:00:00,Evening,Rain,Wet,42,83,Phone,Working,3,7,506733,High
1197,2023-10-19 00:00:00,Night,Clear,Wet,22,84,Phone,Working,4,0,10976,Low
3944,2023-02-14 00:00:00,Afternoon,Haze,Dry,36,43,Phone,Working,4,5,555522,Medium
2037,2023-11-06 00:00:00,Morning,Clear,Dry,20,42,Fatigue,Working,4,4,636379,Low
2004,2025-12-31 00:00:00,Morning,Rain,Wet,18,29,None,Not Working,3,8,231785,Medium
2402,2025-11-08 00:00:00,Morning,Rain,Dry,78,97,Phone,Working,4,2,550687,Medium
1510,2023-10-29 00:00:00,Evening,Rain,Dry,111,50,Fatigue,Working,5,0,894078,Medium
4016,2024-10-16 00:00:00,Afternoon,Clear,Dry,96,68,Other,Not Working,3,2,242807,Medium
2960,2025-01-17 00:00:00,Night,Clear,Damaged,106,68,None,Working,2,1,970842,Medium
1417,2024-03-02 00:00:00,Morning,Clear,Water-logged,85,95,None,Working,4,3,723054,Medium
1354,2023-08-08 00:00:00,Evening,Rain,Dry,96,73,Phone,Working,3,0,517444,Medium
4041,2023-06-17 00:00:00,Night,Clear,Dry,84,51,Other,Working,2,4,825344,Medium
3097,2024-09-14 00:00:00,Night,Clear,Dry,116,70,Phone,Working,3,4,198480,Medium
3654,2024-05-09 00:00:00,Morning,Rain,Dry,108,42,None,Blinking,1,2,803110,Medium
1577,2024-03-04 00:00:00,Morning,Haze,Wet,67,105,None,Blinking,1,2,535909,Medium
2141,2023-08-02 00:00:00,Night,Haze,Wet,101,42,None,Working,1,2,573033,Low
1810,2024-04-08 00:00:00,Morning,Clear,Dry,79,74,Other,Working,2,7,597763,Medium
2679,2024-01-06 00:00:00,Morning,Clear,Wet,39,106,Other,Working,1,5,659213,Medium
1472,2023-07-30 00:00:00,Evening,Fog,Dry,72,28,None,Working,3,9,353753,Medium
2848,2024-05-26 00:00:00,Afternoon,Clear,Water-logged,98,76,Phone,Working,2,3,148864,Medium
427,2023-01-09 00:00:00,Afternoon,Haze,Dry,108,57,Other,Not Working,3,6,989749,Medium
1149,2024-09-18 00:00:00,Night,Rain,Water-logged,103,110,None,Blinking,2,5,686988,High
1200,2025-06-01 00:00:00,Morning,Clear,Water-logged,65,96,Fatigue,Blinking,3,6,515500,Medium
2054,2024-10-24 00:00:00,Night,Clear,Wet,96,54,Other,Working,2,9,507540,Medium
4851,2023-09-08 00:00:00,Night,Rain,Wet,87,101,Phone,Working,5,6,289901,High
4580,2024-06-27 00:00:00,Evening,Clear,Dry,62,78,Phone,Blinking,1,9,371500,Medium
4630,2025-02-10 00:00:00,Evening,Clear,Dry,74,98,Phone,Not Working,2,1,777201,Medium
3833,2025-04-13 00:00:00,Night,Rain,Wet,90,52,None,Working,3,1,213147,Medium
1589,2024-11-26 00:00:00,Afternoon,Clear,Wet,93,47,Fatigue,Working,1,0,879970,Low
3290,2024-01-11 00:00:00,Morning,Clear,Dry,40,36,None,Working,4,0,833170,Low
3164,2025-08-26 00:00:00,Evening,Clear,Dry,94,74,Phone,Working,5,8,149470,Medium
3715,2024-05-03 00:00:00,Night,Fog,Dry,69,95,None,Working,3,7,168578,High
1861,2024-02-14 00:00:00,Evening,Clear,Water-logged,107,26,Phone,Working,2,3,90638,Medium
632,2024-09-21 00:00:00,Night,Rain,Wet,81,98,None,Working,4,1,563676,Medium
2853,2023-08-13 00:00:00,Morning,Rain,Water-logged,34,88,None,Working,5,0,920184,Medium
1850,2025-05-03 00:00:00,Evening,Clear,Damaged,42,58,None,Working,5,5,442663,Low
4760,2024-01-09 00:00:00,Night,Rain,Dry,106,29,None,Working,2,4,491252,Medium
380,2023-10-01 00:00:00,Afternoon,Clear,Wet,82,37,Phone,Blinking,3,2,637000,Low
4989,2023-10-25 00:00:00,Evening,Clear,Wet,85,104,Phone,Working,3,1,278687,Medium
3916,2023-01-22 00:00:00,Afternoon,Clear,Wet,74,111,Phone,Working,4,5,265388,Medium
4107,2025-10-24 00:00:00,Night,Clear,Dry,109,49,Phone,Working,1,5,660320,Medium
642,2024-05-22 00:00:00,Afternoon,Fog,Water-logged,113,59,None,Working,5,4,578832,Medium
4464,2023-08-13 00:00:00,Morning,Clear,Dry,91,76,Phone,Not Working,5,9,103427,High
948,2023-02-14 00:00:00,Night,Clear,Water-logged,18,37,Phone,Not Working,1,9,466458,Medium
3836,2025-12-23 00:00:00,Afternoon,Clear,Wet,60,37,Phone,Not Working,4,7,270842,Medium
3727,2023-08-11 00:00:00,Morning,Clear,Damaged,39,70,Fatigue,Working,4,1,492227,Low
1987,2025-09-07 00:00:00,Evening,Clear,Dry,106,100,Other,Working,1,4,973199,Medium
3053,2024-11-06 00:00:00,Afternoon,Haze,Damaged,118,26,None,Working,1,6,264894,Medium
4084,2023-07-30 00:00:00,Evening,Rain,Dry,22,113,Other,Working,4,5,796366,Medium
3816,2025-02-04 00:00:00,Evening,Rain,Dry,118,50,None,Not Working,2,8,139284,Medium
3661,2024-07-04 00:00:00,Evening,Clear,Wet,93,21,Phone,Not Working,4,0,33389,Low
3110,2024-04-18 00:00:00,Evening,Rain,Dry,109,25,Phone,Working,5,1,548468,Medium
3571,2024-10-30 00:00:00,Afternoon,Clear,Dry,22,82,Phone,Working,4,0,463166,Low
2472,2023-11-03 00:00:00,Night,Clear,Wet,98,106,Phone,Working,2,0,771771,Medium
495,2025-12-29 00:00:00,Afternoon,Clear,Wet,70,60,Fatigue,Working,2,9,380424,Medium
3321,2023-10-20 00:00:00,Evening,Clear,Wet,85,80,Fatigue,Working,2,5,576923,Medium
4539,2023-02-22 00:00:00,Morning,Clear,Water-logged,113,116,Other,Working,1,6,706393,High
814,2024-05-02 00:00:00,Night,Clear,Wet,74,32,None,Not Working,2,9,357784,Medium
4690,2025-07-16 00:00:00,Night,Fog,Dry,40,31,Phone,Working,4,7,342882,Medium
963,2025-03-05 00:00:00,Morning,Clear,Dry,74,114,None,Working,4,2,34051,Medium
2199,2024-10-02 00:00:00,Evening,Haze,Dry,26,90,None,Not Working,2,6,778921,High
1668,2025-11-23 00:00:00,Night,Rain,Wet,49,91,Fatigue,Working,3,7,155452,High
4571,2025-12-18 00:00:00,Evening,Clear,Dry,46,70,None,Working,4,3,466286,Low
840,2023-07-26 00:00:00,Evening,Rain,Dry,63,48,Other,Working,5,7,477866,Medium
1797,2025-07-27 00:00:00,Evening,Haze,Dry,63,42,Other,Not Working,3,6,335637,Medium
1134,2024-10-06 00:00:00,Morning,Clear,Wet,108,43,Fatigue,Working,1,0,752634,Low
2567,2023-02-08 00:00:00,Morning,Haze,Wet,64,50,Other,Working,2,4,603721,Medium
3808,2024-07-04 00:00:00,Afternoon,Rain,Dry,87,38,Phone,Working,2,7,702388,High
3056,2024-10-03 00:00:00,Night,Clear,Dry,41,26,Fatigue,Not Working,2,3,222475,Low
1473,2023-02-03 00:00:00,Night,Rain,Damaged,53,92,Phone,Working,1,6,112752,Medium
2859,2023-05-03 00:00:00,Morning,Clear,Dry,61,119,None,Working,3,9,580366,High
2673,2023-06-19 00:00:00,Evening,Fog,Dry,112,56,Phone,Not Working,5,3,554592,Medium
234,2023-07-05 00:00:00,Afternoon,Clear,Dry,23,79,None,Working,1,5,981974,Low
4345,2025-03-05 00:00:00,Evening,Clear,Damaged,26,23,Phone,Not Working,3,0,759060,Low
4666,2025-08-30 00:00:00,Evening,Rain,Dry,93,31,None,Working,2,4,316873,Medium
4343,2025-08-21 00:00:00,Night,Fog,Dry,39,91,Other,Working,1,4,699744,Medium
1391,2024-05-13 00:00:00,Morning,Clear,Dry,68,87,Other,Working,4,1,115258,Medium
3168,2025-07-28 00:00:00,Morning,Rain,Dry,17,43,None,Working,2,2,57225,Low
1186,2024-02-13 00:00:00,Night,Fog,Damaged,33,37,None,Blinking,3,0,205650,Low
3586,2023-11-19 00:00:00,Afternoon,Clear,Dry,20,105,None,Working,4,7,15802,Medium
1734,2024-05-10 00:00:00,Afternoon,Clear,Dry,51,48,Other,Not Working,2,6,688488,Medium
1680,2025-06-20 00:00:00,Evening,Clear,Dry,103,109,Phone,Working,3,3,217640,High
3909,2024-01-24 00:00:00,Evening,Rain,Water-logged,12,41,Phone,Not Working,1,9,746468,Medium
1309,2025-08-19 00:00:00,Afternoon,Clear,Wet,58,94,None,Working,1,9,220865,Medium
1629,2025-03-18 00:00:00,Morning,Rain,Dry,26,57,None,Working,1,8,8871,Medium
1806,2025-07-13 00:00:00,Evening,Rain,Dry,89,38,Fatigue,Working,4,3,69181,Medium
1959,2024-04-07 00:00:00,Evening,Rain,Dry,61,37,None,Working,2,3,789267,Medium
548,2025-10-10 00:00:00,Evening,Clear,Water-logged,90,53,Fatigue,Working,3,7,852017,Medium
1091,2024-01-24 00:00:00,Night,Clear,Damaged,22,32,None,Working,2,0,508045,Low
4867,2023-01-12 00:00:00,Afternoon,Clear,Wet,57,40,None,Working,4,3,311995,Low
4070,2025-10-26 00:00:00,Night,Clear,Dry,53,51,Other,Working,5,7,215869,Medium
4171,2023-06-17 00:00:00,Morning,Clear,Wet,97,116,Phone,Not Working,5,0,181446,Medium
91,2023-01-26 00:00:00,Morning,Clear,Dry,15,66,Fatigue,Working,5,2,70258,Low
4210,2023-04-30 00:00:00,Morning,Rain,Dry,64,74,None,Working,4,3,98240,Medium
3853,2025-06-09 00:00:00,Evening,Clear,Damaged,17,65,Phone,Working,2,5,213524,Medium
2638,2024-08-07 00:00:00,Evening,Rain,Wet,95,39,None,Working,5,1,401774,Low
1293,2024-06-18 00:00:00,Evening,Haze,Dry,83,40,Phone,Working,1,2,862582,Medium
461,2023-04-16 00:00:00,Morning,Fog,Dry,52,73,None,Working,4,3,139428,Medium
1548,2024-10-09 00:00:00,Evening,Clear,Water-logged,100,53,Phone,Working,3,9,530986,Medium
1827,2025-12-01 00:00:00,Morning,Clear,Dry,29,71,Other,Not Working,4,9,285194,Medium
3466,2024-03-11 00:00:00,Evening,Clear,Dry,89,33,None,Working,5,4,370049,Low
930,2024-09-12 00:00:00,Afternoon,Fog,Water-logged,14,64,Phone,Working,3,5,530497,Medium
4686,2025-10-26 00:00:00,Afternoon,Clear,Dry,68,108,None,Working,2,7,668089,Medium
4751,2025-04-15 00:00:00,Afternoon,Clear,Dry,23,21,None,Working,3,9,20386,Medium
4208,2023-01-23 00:00:00,Evening,Rain,Water-logged,106,24,Phone,Working,2,9,339434,High
1873,2025-07-13 00:00:00,Evening,Rain,Dry,20,80,Fatigue,Blinking,4,5,405224,Medium
3176,2023-06-01 00:00:00,Morning,Clear,Wet,61,83,Phone,Not Working,5,8,673105,Medium
3469,2024-02-11 00:00:00,Night,Clear,Dry,32,77,Fatigue,Working,5,4,122877,Medium
950,2024-10-29 00:00:00,Evening,Fog,Damaged,72,23,None,Working,2,0,561956,Low
261,2023-04-16 00:00:00,Evening,Clear,Wet,27,71,Fatigue,Working,3,3,487781,Low
1087,2024-10-12 00:00:00,Evening,Rain,Water-logged,108,60,None,Working,5,2,24622,Medium
2991,2025-11-07 00:00:00,Morning,Rain,Water-logged,32,70,Other,Working,3,3,937742,Medium
593,2024-09-17 00:00:00,Morning,Clear,Dry,35,88,Fatigue,Working,5,2,340894,Medium
4847,2025-08-08 00:00:00,Night,Fog,Dry,29,90,None,Working,3,0,995234,Low
4031,2024-04-15 00:00:00,Evening,Clear,Dry,107,68,Other,Blinking,2,8,858363,Medium
4466,2023-04-04 00:00:00,Afternoon,Haze,Dry,92,105,None,Not Working,4,4,459854,High
4994,2025-07-17 00:00:00,Evening,Fog,Dry,19,109,None,Working,2,2,995102,Medium
4115,2023-04-09 00:00:00,Evening,Clear,Dry,68,53,Other,Working,2,6,639357,Medium
2444,2023-08-15 00:00:00,Night,Rain,Dry,86,84,Fatigue,Not Working,1,9,815471,High
3684,2024-06-05 00:00:00,Morning,Rain,Dry,10,75,None,Blinking,5,4,774028,Medium
327,2023-09-03 00:00:00,Evening,Clear,Dry,27,72,None,Working,4,5,337614,Low
177,2024-06-05 00:00:00,Evening,Fog,Wet,95,112,Fatigue,Working,5,9,854050,High
66,2024-09-22 00:00:00,Evening,Clear,Wet,58,98,None,Working,4,1,743036,Low
3844,2024-06-11 00:00:00,Afternoon,Fog,Dry,76,69,None,Working,3,9,544614,High
1792,2023-02-24 00:00:00,Evening,Clear,Dry,47,119,None,Working,3,5,179420,Medium
2284,2025-03-25 00:00:00,Morning,Rain,Dry,103,83,Fatigue,Working,2,6,850321,High
1250,2024-12-03 00:00:00,Evening,Clear,Water-logged,29,65,None,Working,1,9,463926,Medium
1916,2024-04-11 00:00:00,Evening,Clear,Damaged,68,21,None,Working,4,7,648975,Low
553,2023-08-08 00:00:00,Evening,Haze,Dry,42,90,Fatigue,Working,3,5,40076,Medium
2073,2024-04-24 00:00:00,Morning,Rain,Dry,50,25,None,Working,1,8,366300,Medium
2524,2025-09-21 00:00:00,Afternoon,Rain,Dry,64,98,Phone,Working,4,6,569147,High
4560,2023-12-11 00:00:00,Night,Rain,Dry,102,20,None,Working,5,4,286531,Medium
1655,2023-11-16 00:00:00,Morning,Clear,Water-logged,86,73,Other,Working,5,2,381546,Medium
3430,2023-02-18 00:00:00,Evening,Clear,Dry,97,22,None,Not Working,5,4,525887,Low
1836,2023-11-13 00:00:00,Evening,Clear,Dry,91,73,None,Not Working,5,4,567682,Medium
3502,2024-01-18 00:00:00,Night,Clear,Wet,25,27,Phone,Working,2,2,955524,Low
3047,2025-07-31 00:00:00,Afternoon,Rain,Dry,32,82,Phone,Working,5,3,67996,Medium
2548,2024-09-18 00:00:00,Afternoon,Clear,Wet,20,110,Phone,Blinking,4,9,522495,High
1697,2024-07-07 00:00:00,Morning,Rain,Dry,118,103,Phone,Working,3,2,303672,High
3347,2025-06-10 00:00:00,Afternoon,Fog,Dry,17,50,None,Working,3,7,293640,Medium
51,2024-03-05 00:00:00,Night,Clear,Wet,19,71,Phone,Working,2,2,938084,Low
154,2025-10-08 00:00:00,Afternoon,Rain,Dry,77,43,None,Not Working,3,7,818441,Medium
1752,2023-07-07 00:00:00,Morning,Rain,Water-logged,110,51,None,Working,2,2,977320,Medium
3992,2023-05-31 00:00:00,Morning,Clear,Dry,99,37,Phone,Not Working,1,5,332735,Medium
1903,2023-03-07 00:00:00,Evening,Clear,Wet,51,105,Other,Working,2,7,274908,Medium
4366,2025-12-31 00:00:00,Evening,Clear,Dry,25,32,Fatigue,Working,5,4,898749,Low
4632,2024-09-18 00:00:00,Afternoon,Rain,Wet,88,102,Phone,Working,2,7,306214,High
3166,2024-08-22 00:00:00,Afternoon,Clear,Dry,97,102,None,Working,4,8,554651,Medium
4298,2024-01-17 00:00:00,Morning,Fog,Dry,81,71,Phone,Not Working,1,8,701736,High
4359,2024-07-11 00:00:00,Evening,Fog,Water-logged,17,111,Fatigue,Not Working,2,0,866481,Medium
3441,2024-11-12 00:00:00,Afternoon,Clear,Dry,19,41,Phone,Working,1,4,918705,Low
4516,2025-07-18 00:00:00,Afternoon,Clear,Dry,31,35,None,Not Working,5,7,130251,Low
584,2025-09-27 00:00:00,Afternoon,Rain,Dry,18,88,Other,Working,3,7,710616,Medium
532,2023-12-02 00:00:00,Night,Clear,Wet,78,83,Fatigue,Working,3,1,602417,Low
4205,2024-11-24 00:00:00,Morning,Haze,Wet,27,102,None,Not Working,2,9,229182,Medium
68,2023-06-25 00:00:00,Night,Clear,Wet,112,100,Other,Working,1,1,258064,Medium
4584,2023-07-25 00:00:00,Evening,Clear,Dry,28,40,Fatigue,Working,4,2,281419,Low
3878,2024-05-12 00:00:00,Night,Clear,Dry,52,25,None,Working,3,6,166235,Medium
1433,2023-03-29 00:00:00,Afternoon,Fog,Damaged,87,70,None,Working,4,5,918429,Medium
4945,2023-02-16 00:00:00,Evening,Clear,Dry,81,104,None,Working,3,4,550255,Medium
4339,2024-09-21 00:00:00,Afternoon,Clear,Dry,91,88,None,Blinking,5,1,217084,Medium
2784,2023-08-23 00:00:00,Evening,Clear,Dry,108,57,Fatigue,Working,4,9,164752,Medium
653,2025-05-04 00:00:00,Evening,Clear,Wet,106,71,None,Working,4,9,18785,High
2598,2025-04-16 00:00:00,Afternoon,Clear,Dry,51,22,Other,Working,2,1,361041,Low
4401,2023-06-05 00:00:00,Morning,Rain,Dry,90,64,None,Working,2,1,779729,Medium
4720,2024-10-14 00:00:00,Night,Rain,Dry,14,34,None,Working,3,5,860591,Medium
3027,2025-09-14 00:00:00,Night,Fog,Dry,116,82,Phone,Not Working,4,7,767205,High
3667,2025-02-24 00:00:00,Night,Rain,Dry,52,100,None,Working,5,5,820853,Medium
673,2023-03-25 00:00:00,Morning,Rain,Dry,113,27,None,Working,1,4,586875,Medium
3921,2025-09-15 00:00:00,Night,Clear,Dry,19,35,Other,Not Working,5,2,109457,Low
2185,2025-10-13 00:00:00,Evening,Clear,Dry,16,66,None,Working,3,6,601187,Medium
373,2023-06-21 00:00:00,Morning,Clear,Dry,104,111,None,Not Working,4,2,449330,Medium
552,2025-12-01 00:00:00,Night,Clear,Dry,98,50,Other,Not Working,5,6,985691,Medium
818,2023-02-22 00:00:00,Afternoon,Rain,Wet,61,87,Phone,Working,4,0,176100,Medium
13,2023-06-30 00:00:00,Night,Clear,Water-logged,76,111,Phone,Working,2,0,284051,Medium
1578,2024-10-01 00:00:00,Evening,Clear,Water-logged,41,77,None,Working,3,0,245179,Low
4192,2024-09-25 00:00:00,Night,Clear,Dry,111,115,None,Working,3,7,517822,High
291,2025-10-12 00:00:00,Morning,Clear,Dry,54,92,None,Working,4,5,777255,Medium
525,2023-10-27 00:00:00,Night,Clear,Dry,109,69,Phone,Working,3,1,356143,Medium
1743,2024-03-09 00:00:00,Evening,Rain,Dry,12,30,Phone,Not Working,1,8,290913,Medium
4258,2023-07-31 00:00:00,Afternoon,Clear,Water-logged,93,54,Phone,Working,4,5,226317,Medium
1771,2023-02-06 00:00:00,Afternoon,Clear,Dry,105,48,Phone,Working,4,6,499352,Medium
105,2025-04-07 00:00:00,Night,Clear,Wet,73,36,Phone,Working,3,1,730975,Low
1898,2024-10-31 00:00:00,Morning,Clear,Water-logged,102,73,Phone,Working,1,3,719045,Medium
1597,2023-06-03 00:00:00,Afternoon,Clear,Dry,32,101,Other,Working,1,0,294285,Medium
2063,2023-03-22 00:00:00,Night,Rain,Dry,79,88,Phone,Working,1,0,791499,Medium
4145,2025-12-16 00:00:00,Night,Rain,Dry,58,69,Other,Working,1,9,996994,High
3963,2023-05-09 00:00:00,Morning,Clear,Water-logged,68,31,Phone,Blinking,4,5,372586,Low
3344,2024-06-07 00:00:00,Morning,Clear,Wet,19,97,Fatigue,Working,1,2,24826,Medium
4492,2024-03-09 00:00:00,Evening,Clear,Wet,14,111,None,Working,5,8,956857,Medium
2499,2024-06-07 00:00:00,Night,Clear,Wet,112,111,None,Blinking,4,1,709148,Medium
2393,2024-05-01 00:00:00,Afternoon,Fog,Wet,14,36,None,Working,2,5,300769,Low
2913,2023-07-31 00:00:00,Evening,Clear,Damaged,43,116,None,Working,5,6,316483,Medium
2875,2024-09-03 00:00:00,Evening,Clear,Damaged,115,60,None,Working,2,5,727299,Medium
3331,2024-01-15 00:00:00,Evening,Rain,Dry,84,82,Phone,Working,1,7,27201,High
1559,2024-09-01 00:00:00,Night,Rain,Dry,110,101,None,Working,5,0,970182,Medium
4884,2023-06-08 00:00:00,Morning,Haze,Dry,115,23,Fatigue,Working,2,4,530664,Medium
574,2024-11-03 00:00:00,Evening,Rain,Dry,34,30,Phone,Working,5,3,223605,Medium
1082,2023-06-25 00:00:00,Morning,Haze,Dry,67,66,Other,Working,4,2,351907,Medium
2815,2024-12-12 00:00:00,Evening,Clear,Dry,40,41,None,Working,2,9,562424,Medium
4627,2023-03-06 00:00:00,Afternoon,Rain,Dry,113,33,Phone,Working,4,4,425344,Medium
244,2023-03-25 00:00:00,Afternoon,Haze,Dry,23,77,None,Working,1,9,669095,High
1703,2023-12-05 00:00:00,Afternoon,Clear,Dry,15,110,Fatigue,Working,1,1,735400,Medium
2993,2024-10-09 00:00:00,Evening,Clear,Dry,35,56,None,Working,1,3,112247,Low
44,2024-04-26 00:00:00,Night,Rain,Dry,61,40,Phone,Blinking,5,8,260529,Medium
3558,2024-11-29 00:00:00,Afternoon,Rain,Wet,50,65,None,Working,5,4,123886,Medium
512,2023-12-05 00:00:00,Afternoon,Haze,Dry,72,89,None,Not Working,4,5,886277,Medium
1689,2024-12-23 00:00:00,Evening,Clear,Dry,68,40,Other,Not Working,5,5,535331,Medium
4019,2024-07-10 00:00:00,Afternoon,Clear,Damaged,117,56,Fatigue,Not Working,3,2,600258,Medium
3098,2025-03-20 00:00:00,Morning,Clear,Dry,27,61,None,Working,1,0,168769,Low
3178,2024-11-28 00:00:00,Night,Rain,Dry,13,21,None,Working,2,6,588892,Low
3292,2025-06-26 00:00:00,Night,Rain,Dry,26,110,None,Working,4,3,772890,Medium
2586,2025-10-09 00:00:00,Evening,Rain,Dry,109,102,Phone,Working,4,4,506378,High
1059,2024-06-06 00:00:00,Afternoon,Fog,Dry,104,76,Other,Blinking,3,3,640116,High
3552,2025-01-16 00:00:00,Morning,Clear,Dry,106,44,None,Working,5,1,701263,Medium
807,2023-06-17 00:00:00,Night,Clear,Dry,66,63,None,Working,3,7,906358,Medium
680,2023-11-03 00:00:00,Night,Clear,Dry,38,109,Phone,Working,4,9,960711,High
3301,2023-03-23 00:00:00,Afternoon,Rain,Dry,62,110,Other,Blinking,4,5,519171,High
2357,2023-10-27 00:00:00,Night,Haze,Wet,59,65,None,Working,1,1,46051,Medium
462,2025-12-22 00:00:00,Evening,Clear,Dry,37,110,None,Working,5,7,945104,Medium
1210,2023-03-24 00:00:00,Night,Clear,Dry,79,23,Phone,Blinking,4,2,669882,Low
2013,2025-02-04 00:00:00,Night,Clear,Water-logged,91,55,Phone,Working,3,0,209939,Low
161,2023-09-02 00:00:00,Afternoon,Rain,Dry,27,46,Phone,Working,1,7,125388,Medium
1009,2023-03-29 00:00:00,Morning,Rain,Wet,87,98,Other,Working,5,7,62704,High
2979,2024-11-04 00:00:00,Evening,Rain,Dry,82,77,None,Working,1,9,766135,High
4997,2025-10-18 00:00:00,Morning,Fog,Dry,79,47,None,Blinking,5,2,758476,Medium
4544,2024-10-10 00:00:00,Afternoon,Clear,Dry,90,33,None,Working,4,5,412517,Low
4526,2024-06-10 00:00:00,Afternoon,Clear,Dry,27,35,None,Working,2,0,968836,Low
1263,2023-03-02 00:00:00,Afternoon,Clear,Wet,114,90,Phone,Not Working,1,9,206311,High
2449,2025-01-10 00:00:00,Morning,Rain,Wet,47,52,Phone,Working,4,1,51716,Medium
3025,2025-10-21 00:00:00,Morning,Clear,Dry,116,49,Other,Blinking,2,6,349226,Medium
1024,2024-04-07 00:00:00,Night,Clear,Dry,94,78,Fatigue,Not Working,4,1,211600,Medium
1609,2023-11-16 00:00:00,Morning,Haze,Dry,111,61,None,Working,2,8,138484,High
815,2023-06-09 00:00:00,Night,Clear,Wet,90,62,Fatigue,Working,1,2,635888,Medium
102,2024-08-24 00:00:00,Evening,Rain,Wet,25,87,None,Working,2,8,635241,Medium
4229,2023-10-01 00:00:00,Afternoon,Clear,Dry,29,25,None,Working,1,7,484595,Low
3091,2023-08-19 00:00:00,Afternoon,Fog,Dry,116,47,Phone,Working,5,6,942569,High
372,2025-11-23 00:00:00,Morning,Clear,Water-logged,40,42,None,Working,4,3,391252,Medium
630,2024-05-02 00:00:00,Afternoon,Clear,Dry,66,96,None,Blinking,2,9,456335,Medium
2551,2023-04-18 00:00:00,Afternoon,Haze,Dry,81,80,None,Not Working,1,2,640637,Medium
838,2024-10-12 00:00:00,Afternoon,Clear,Water-logged,59,114,Phone,Working,4,4,774629,Medium
2950,2023-06-27 00:00:00,Night,Clear,Dry,23,44,Phone,Working,2,5,459394,Low
3545,2025-08-29 00:00:00,Night,Clear,Dry,31,97,None,Working,4,3,462103,Low
4763,2024-11-26 00:00:00,Evening,Haze,Dry,47,109,Other,Working,5,2,699318,Medium
3030,2023-05-07 00:00:00,Evening,Fog,Dry,98,108,Phone,Not Working,2,3,422605,Medium
3019,2023-09-05 00:00:00,Morning,Clear,Dry,24,102,Phone,Blinking,5,4,592470,Medium
4275,2024-04-26 00:00:00,Evening,Rain,Dry,60,28,Fatigue,Working,2,4,599085,Medium
4996,2024-03-16 00:00:00,Night,Fog,Wet,53,61,None,Working,4,2,121958,Medium
1374,2025-12-08 00:00:00,Afternoon,Haze,Dry,18,36,Phone,Working,1,5,215427,Medium
445,2024-09-11 00:00:00,Night,Clear,Dry,109,27,None,Working,4,1,662957,Low
2559,2024-07-15 00:00:00,Morning,Clear,Water-logged,113,63,Fatigue,Working,1,6,648189,Medium
2120,2024-03-04 00:00:00,Night,Rain,Wet,61,26,None,Working,4,3,882380,Medium
4837,2025-12-06 00:00:00,Afternoon,Fog,Dry,44,113,Fatigue,Not Working,3,2,322399,Medium
2538,2025-02-14 00:00:00,Morning,Clear,Wet,60,71,Other,Not Working,4,7,424808,Medium
2630,2025-02-14 00:00:00,Afternoon,Rain,Wet,108,37,Other,Working,2,1,381103,Medium
1421,2024-07-09 00:00:00,Afternoon,Haze,Wet,77,39,Phone,Working,5,0,99209,Medium
1637,2024-06-30 00:00:00,Afternoon,Haze,Wet,66,60,Phone,Not Working,1,1,751412,Medium
4376,2023-09-15 00:00:00,Afternoon,Clear,Wet,98,21,None,Not Working,4,7,931670,Medium
2646,2024-11-30 00:00:00,Afternoon,Rain,Dry,13,93,Other,Blinking,3,6,977878,Medium
586,2023-09-25 00:00:00,Morning,Clear,Dry,25,90,None,Not Working,4,5,978402,Medium
587,2024-08-18 00:00:00,Morning,Clear,Dry,98,112,None,Working,2,5,867307,Medium
3642,2025-01-13 00:00:00,Night,Clear,Dry,51,102,Phone,Not Working,2,6,504688,Medium
3671,2025-11-10 00:00:00,Morning,Haze,Dry,70,95,None,Not Working,3,1,211765,Medium
4348,2024-12-10 00:00:00,Evening,Fog,Dry,105,114,None,Working,1,8,286532,High
3981,2025-07-25 00:00:00,Night,Rain,Dry,93,35,None,Working,3,8,980719,Medium
4829,2025-06-25 00:00:00,Afternoon,Rain,Wet,44,119,None,Working,3,8,616184,Medium
1470,2023-11-15 00:00:00,Evening,Rain,Water-logged,119,112,None,Blinking,3,2,812550,High
4185,2025-12-05 00:00:00,Morning,Rain,Dry,14,60,None,Working,5,6,724638,Medium
4834,2025-11-13 00:00:00,Morning,Haze,Dry,105,98,None,Not Working,1,9,232592,High
2323,2025-03-19 00:00:00,Evening,Clear,Dry,89,60,None,Not Working,2,4,861351,Medium
2139,2025-09-06 00:00:00,Morning,Rain,Dry,12,28,Other,Blinking,3,7,757264,Medium
4139,2025-10-09 00:00:00,Evening,Clear,Wet,44,33,None,Not Working,3,0,50763,Low
2582,2024-12-09 00:00:00,Night,Clear,Water-logged,35,31,None,Working,5,2,238814,Low
499,2023-08-29 00:00:00,Night,Rain,Dry,71,95,Fatigue,Working,4,0,627230,Medium
2556,2024-12-18 00:00:00,Night,Clear,Dry,55,63,Fatigue,Not Working,5,0,331741,Low
1220,2024-10-05 00:00:00,Afternoon,Clear,Dry,114,103,Phone,Working,3,7,845587,High
3849,2023-05-08 00:00:00,Evening,Clear,Dry,90,83,None,Working,1,4,240803,Medium
3227,2024-02-23 00:00:00,Morning,Clear,Dry,40,35,Phone,Working,4,9,170850,Medium
1167,2025-06-27 00:00:00,Night,Clear,Dry,80,74,Other,Working,2,1,619149,Medium
614,2024-06-26 00:00:00,Morning,Clear,Dry,115,102,Phone,Blinking,4,6,70491,High
428,2023-04-10 00:00:00,Night,Clear,Wet,47,41,None,Working,3,4,483158,Medium
1845,2025-10-23 00:00:00,Night,Haze,Damaged,19,36,Phone,Working,4,9,428138,Medium
1855,2024-09-12 00:00:00,Night,Clear,Dry,59,82,Other,Working,4,3,104692,Medium
1985,2024-03-13 00:00:00,Morning,Fog,Dry,83,105,None,Working,1,4,489354,High
4698,2023-10-16 00:00:00,Evening,Rain,Dry,40,79,Phone,Blinking,2,3,515028,Medium
3846,2023-01-14 00:00:00,Evening,Rain,Dry,64,20,None,Working,1,6,192899,Low
1784,2025-06-01 00:00:00,Evening,Clear,Wet,67,108,Fatigue,Not Working,1,5,838500,Medium
26,2024-08-02 00:00:00,Evening,Clear,Dry,109,66,None,Not Working,4,7,569832,Medium
2432,2023-10-07 00:00:00,Night,Clear,Dry,67,47,None,Working,5,5,312033,Low
2263,2024-03-09 00:00:00,Night,Rain,Wet,29,81,Phone,Working,2,2,296765,Medium
1667,2025-12-28 00:00:00,Morning,Clear,Dry,63,89,None,Not Working,4,0,267403,Medium
1199,2024-07-01 00:00:00,Evening,Clear,Dry,76,83,None,Blinking,4,7,254746,Medium
4383,2024-02-15 00:00:00,Evening,Rain,Dry,93,50,Phone,Working,5,3,819148,Medium
1631,2025-06-10 00:00:00,Evening,Clear,Water-logged,102,26,None,Working,1,1,33586,Low
1403,2024-04-23 00:00:00,Morning,Clear,Water-logged,15,94,None,Not Working,2,6,609912,Medium
1084,2023-02-06 00:00:00,Night,Clear,Wet,45,111,None,Working,4,0,621130,Medium
623,2023-05-23 00:00:00,Afternoon,Fog,Wet,32,72,None,Blinking,2,2,57396,Medium
2834,2025-03-27 00:00:00,Afternoon,Fog,Dry,39,74,Fatigue,Working,2,5,759004,Medium
3847,2023-07-28 00:00:00,Night,Haze,Wet,37,101,None,Not Working,2,6,276493,Medium
2135,2024-06-08 00:00:00,Evening,Clear,Dry,107,29,None,Working,2,8,721618,Medium
2437,2024-07-14 00:00:00,Afternoon,Clear,Dry,31,59,Other,Working,3,1,861282,Low
4530,2025-04-13 00:00:00,Morning,Haze,Dry,106,101,Fatigue,Not Working,2,8,140743,High
2045,2023-03-06 00:00:00,Night,Haze,Wet,30,58,None,Working,3,7,502814,Medium
793,2023-05-06 00:00:00,Evening,Haze,Wet,27,67,None,Working,4,2,69904,Medium
3945,2023-09-07 00:00:00,Morning,Clear,Dry,24,38,Phone,Blinking,1,3,441243,Low
4635,2023-08-26 00:00:00,Morning,Clear,Wet,62,68,Fatigue,Not Working,2,1,957324,Low
4938,2025-08-20 00:00:00,Evening,Rain,Wet,119,67,None,Working,3,5,305664,Medium
2473,2023-07-07 00:00:00,Night,Fog,Dry,61,20,Phone,Working,5,6,530772,Medium
3492,2024-03-21 00:00:00,Evening,Clear,Dry,87,27,None,Not Working,5,5,598658,Medium
1289,2025-02-16 00:00:00,Morning,Haze,Dry,54,70,None,Working,2,2,249612,Medium
4297,2023-05-07 00:00:00,Morning,Fog,Wet,44,112,Phone,Working,2,8,823398,High
1225,2025-09-18 00:00:00,Afternoon,Clear,Dry,67,67,None,Working,3,1,785531,Low
982,2024-04-30 00:00:00,Evening,Clear,Dry,63,36,None,Working,2,1,369841,Low
2866,2023-07-04 00:00:00,Evening,Haze,Wet,70,53,None,Working,1,2,531301,Low
2650,2023-05-17 00:00:00,Afternoon,Rain,Water-logged,68,57,None,Working,1,4,643148,Medium
1259,2025-02-25 00:00:00,Morning,Fog,Water-logged,66,70,None,Not Working,3,1,995026,Medium
545,2024-06-16 00:00:00,Evening,Rain,Water-logged,71,84,Phone,Working,2,2,803647,Medium
1658,2024-01-29 00:00:00,Afternoon,Clear,Damaged,86,57,Other,Not Working,1,6,613733,Medium
1519,2025-11-05 00:00:00,Morning,Haze,Wet,79,84,Phone,Working,1,8,921350,High
1753,2025-06-24 00:00:00,Morning,Clear,Wet,73,87,Phone,Working,1,5,341245,Medium
2648,2023-05-11 00:00:00,Evening,Clear,Dry,69,43,None,Working,3,9,471405,Medium
599,2025-02-04 00:00:00,Morning,Rain,Dry,115,39,Fatigue,Working,5,7,931614,High
1452,2025-03-19 00:00:00,Evening,Haze,Wet,118,90,None,Working,1,4,108533,Medium
3892,2025-07-25 00:00:00,Evening,Fog,Wet,103,101,Phone,Working,1,5,452478,High
1492,2023-06-30 00:00:00,Afternoon,Clear,Dry,92,34,Phone,Blinking,5,3,578913,Medium
3062,2023-07-27 00:00:00,Morning,Clear,Dry,26,116,Other,Working,1,8,232368,Medium
1231,2023-03-21 00:00:00,Night,Rain,Wet,10,38,None,Working,4,9,36185,Medium
470,2024-12-30 00:00:00,Night,Clear,Dry,88,112,None,Blinking,5,3,691218,Medium
997,2023-11-24 00:00:00,Night,Clear,Water-logged,46,116,Phone,Not Working,1,6,563882,Medium
2665,2023-03-19 00:00:00,Evening,Clear,Dry,115,91,None,Working,4,9,769346,High
3254,2024-05-11 00:00:00,Morning,Rain,Dry,88,56,Fatigue,Working,5,4,371497,Medium
1902,2024-09-13 00:00:00,Morning,Clear,Damaged,41,94,None,Working,2,2,365439,Medium
1301,2025-10-07 00:00:00,Morning,Rain,Dry,36,72,Phone,Working,5,8,940138,High
2986,2023-02-04 00:00:00,Night,Rain,Water-logged,105,74,None,Working,2,2,109330,Medium
2590,2025-09-13 00:00:00,Evening,Clear,Wet,94,42,Fatigue,Working,2,9,607405,Medium
3508,2023-08-29 00:00:00,Afternoon,Rain,Wet,95,45,Phone,Working,3,3,522336,Medium
2500,2024-11-02 00:00:00,Afternoon,Rain,Wet,69,27,Other,Working,4,9,832760,Medium
3327,2023-05-29 00:00:00,Night,Clear,Dry,68,86,Phone,Blinking,1,2,414771,Medium
2419,2025-07-10 00:00:00,Morning,Clear,Wet,40,29,None,Working,3,1,640152,Low
351,2023-05-21 00:00:00,Evening,Rain,Dry,40,82,Phone,Working,5,4,558516,Medium
2881,2024-07-28 00:00:00,Afternoon,Clear,Wet,114,36,Phone,Working,5,1,378325,Low
352,2023-08-14 00:00:00,Night,Haze,Wet,38,117,Phone,Working,1,5,240309,Medium
3328,2024-01-09 00:00:00,Evening,Haze,Dry,105,74,None,Working,5,1,10524,Medium
2250,2024-07-28 00:00:00,Morning,Fog,Damaged,118,77,None,Working,3,9,337808,High
4981,2024-08-07 00:00:00,Night,Clear,Dry,43,74,Fatigue,Working,5,4,550427,Medium
4163,2024-09-04 00:00:00,Evening,Rain,Wet,29,38,Phone,Working,4,1,361083,Low
1017,2023-04-07 00:00:00,Morning,Clear,Wet,115,103,Fatigue,Not Working,2,8,380080,High
2392,2025-09-26 00:00:00,Morning,Clear,Water-logged,50,40,Fatigue,Working,3,3,938949,Medium
989,2023-07-24 00:00:00,Morning,Rain,Water-logged,96,94,Phone,Working,4,7,19828,High
497,2025-05-31 00:00:00,Evening,Rain,Dry,10,112,None,Not Working,2,0,847541,Medium
1682,2023-08-03 00:00:00,Night,Clear,Dry,117,29,Phone,Not Working,2,8,116491,Medium
3633,2023-02-21 00:00:00,Afternoon,Clear,Dry,26,97,Phone,Working,2,8,394261,Medium
3736,2025-03-20 00:00:00,Afternoon,Haze,Dry,100,119,Fatigue,Working,5,8,694846,High
1113,2025-01-10 00:00:00,Morning,Haze,Dry,51,90,Other,Blinking,4,1,840581,Medium
3336,2023-08-14 00:00:00,Evening,Clear,Wet,25,53,None,Working,2,9,22743,Medium
1256,2024-09-02 00:00:00,Afternoon,Clear,Damaged,103,84,Other,Working,4,9,55710,High
1110,2023-11-11 00:00:00,Morning,Haze,Wet,53,118,None,Working,1,8,781029,Medium
1707,2025-11-20 00:00:00,Evening,Haze,Water-logged,41,105,None,Not Working,1,2,573295,Medium
296,2023-08-28 00:00:00,Evening,Clear,Damaged,59,52,None,Working,1,4,625342,Low
4921,2023-01-08 00:00:00,Night,Clear,Wet,100,79,None,Not Working,1,5,905206,Medium
688,2025-03-19 00:00:00,Afternoon,Haze,Dry,71,34,Other,Working,2,1,505104,Medium
3419,2025-12-22 00:00:00,Morning,Rain,Water-logged,31,104,Phone,Working,1,0,712715,Medium
2290,2024-06-16 00:00:00,Morning,Fog,Dry,59,104,None,Working,5,2,760855,Medium
959,2024-03-21 00:00:00,Morning,Rain,Dry,28,117,None,Working,3,7,53287,Medium
1000,2025-04-24 00:00:00,Afternoon,Clear,Dry,22,103,None,Working,3,6,432009,Medium
4128,2025-04-16 00:00:00,Night,Rain,Dry,59,100,Other,Working,5,7,891973,High
2235,2023-02-27 00:00:00,Evening,Clear,Dry,49,24,Phone,Working,1,5,397341,Medium
773,2023-11-21 00:00:00,Morning,Clear,Dry,118,26,None,Working,4,9,884203,Medium
1192,2023-11-19 00:00:00,Evening,Rain,Dry,15,59,None,Not Working,3,5,348009,Medium
3229,2024-11-15 00:00:00,Morning,Rain,Dry,79,102,Phone,Working,4,8,781867,High
1801,2023-05-30 00:00:00,Night,Clear,Dry,109,61,Other,Working,2,1,555060,Medium
1775,2025-07-14 00:00:00,Evening,Clear,Damaged,90,52,Phone,Working,5,8,173458,Medium
4109,2023-10-11 00:00:00,Night,Clear,Wet,46,69,None,Working,3,2,194694,Low
1991,2023-10-02 00:00:00,Evening,Haze,Dry,43,27,Phone,Working,5,5,363343,Medium
3367,2025-04-19 00:00:00,Afternoon,Clear,Dry,94,81,None,Working,1,0,911021,Low
4604,2024-09-19 00:00:00,Afternoon,Clear,Dry,57,66,None,Blinking,5,6,971012,Medium
1288,2024-01-12 00:00:00,Afternoon,Clear,Dry,11,116,None,Working,1,4,905697,Medium
1458,2024-04-07 00:00:00,Evening,Clear,Dry,112,81,Phone,Working,3,6,99588,Medium
2443,2025-08-22 00:00:00,Evening,Clear,Water-logged,113,25,None,Not Working,3,2,354912,Low
4896,2024-05-08 00:00:00,Morning,Clear,Dry,58,114,None,Not Working,2,4,185305,Medium
3799,2024-09-07 00:00:00,Morning,Clear,Water-logged,30,20,Fatigue,Working,1,0,28871,Low
1162,2023-05-29 00:00:00,Morning,Clear,Dry,39,27,None,Working,5,6,81092,Low
940,2024-08-22 00:00:00,Evening,Clear,Dry,55,64,None,Working,4,8,761699,Medium
2624,2025-05-01 00:00:00,Night,Rain,Dry,53,117,Fatigue,Not Working,5,4,880626,Medium
214,2025-03-11 00:00:00,Morning,Rain,Dry,19,46,None,Working,4,2,256991,Low
3951,2024-06-30 00:00:00,Morning,Clear,Damaged,114,37,None,Working,1,7,251030,Medium
2274,2024-07-11 00:00:00,Evening,Clear,Wet,67,91,Fatigue,Blinking,5,4,291738,Medium
251,2025-09-13 00:00:00,Afternoon,Clear,Wet,87,103,None,Working,4,0,691011,Low
4143,2025-07-26 00:00:00,Morning,Haze,Dry,16,31,None,Working,3,6,365869,Medium
2355,2024-09-02 00:00:00,Evening,Clear,Dry,80,31,None,Working,1,2,92951,Low
527,2025-07-30 00:00:00,Afternoon,Rain,Dry,50,58,None,Working,2,4,735480,Medium
1202,2025-07-15 00:00:00,Morning,Clear,Dry,65,22,Other,Not Working,3,0,925527,Low
4651,2024-12-03 00:00:00,Morning,Clear,Dry,30,31,Phone,Blinking,4,6,436870,Medium
4283,2025-04-24 00:00:00,Morning,Rain,Wet,94,112,Fatigue,Blinking,4,3,154473,High
975,2023-12-09 00:00:00,Morning,Clear,Wet,14,97,Phone,Not Working,5,3,241189,Medium
4201,2024-03-21 00:00:00,Night,Haze,Dry,45,28,Fatigue,Blinking,1,6,837761,Medium
3255,2025-11-29 00:00:00,Afternoon,Clear,Dry,116,27,Phone,Working,1,9,505776,Medium
3870,2024-02-03 00:00:00,Morning,Clear,Dry,26,77,None,Working,3,3,624745,Low
45,2025-07-08 00:00:00,Afternoon,Rain,Wet,49,20,Other,Working,1,4,737120,Low
4887,2024-02-22 00:00:00,Afternoon,Fog,Dry,105,54,Fatigue,Not Working,5,7,129395,High
1865,2024-07-15 00:00:00,Night,Clear,Wet,85,31,Fatigue,Not Working,3,2,829721,Low
2448,2024-02-17 00:00:00,Morning,Clear,Damaged,26,106,None,Working,2,4,746656,Medium
1648,2024-08-25 00:00:00,Night,Fog,Dry,41,37,Other,Working,3,4,763470,Medium
4572,2024-01-11 00:00:00,Evening,Clear,Water-logged,25,115,Phone,Working,4,2,361218,Medium
3196,2025-12-25 00:00:00,Evening,Clear,Wet,76,99,Fatigue,Working,3,6,375017,Medium
658,2024-07-04 00:00:00,Afternoon,Fog,Dry,45,44,Phone,Working,2,3,962157,Low
1508,2025-05-24 00:00:00,Evening,Haze,Dry,93,103,Phone,Working,2,9,829443,High
2583,2024-04-28 00:00:00,Evening,Clear,Wet,57,91,Phone,Working,5,7,69652,Medium
58,2025-10-30 00:00:00,Morning,Clear,Wet,108,28,Phone,Working,2,6,445620,Medium
2381,2024-12-31 00:00:00,Night,Clear,Dry,35,65,None,Working,4,4,561726,Low
1036,2025-02-27 00:00:00,Evening,Clear,Water-logged,50,72,None,Working,2,0,289466,Low
2519,2025-12-08 00:00:00,Evening,Rain,Dry,105,119,Phone,Working,3,4,907599,High
702,2023-08-20 00:00:00,Morning,Clear,Dry,83,36,None,Working,3,9,700334,Medium
1754,2025-02-08 00:00:00,Morning,Clear,Dry,40,90,None,Working,2,5,495831,Medium
4568,2024-11-24 00:00:00,Morning,Fog,Water-logged,64,69,Fatigue,Working,4,2,767288,Medium
2440,2024-06-06 00:00:00,Morning,Clear,Dry,20,111,Phone,Not Working,5,0,980161,Medium
4783,2023-05-13 00:00:00,Evening,Rain,Water-logged,87,33,None,Working,2,5,126444,Medium
3620,2025-06-26 00:00:00,Morning,Clear,Dry,73,90,Phone,Not Working,1,7,659829,Medium
2925,2023-11-03 00:00:00,Afternoon,Haze,Dry,77,40,None,Working,4,2,381285,Medium
4170,2025-06-30 00:00:00,Morning,Clear,Dry,60,23,None,Working,4,3,743029,Low
3449,2025-12-01 00:00:00,Evening,Clear,Wet,37,117,None,Not Working,1,8,544698,Medium
3534,2025-10-16 00:00:00,Afternoon,Rain,Dry,95,75,None,Working,3,2,599202,Medium
1343,2024-02-01 00:00:00,Night,Rain,Dry,14,82,Phone,Working,4,4,640102,Medium
1240,2023-01-24 00:00:00,Morning,Fog,Dry,56,94,None,Working,4,2,175247,Medium
1831,2023-12-12 00:00:00,Night,Haze,Dry,23,22,Fatigue,Working,2,1,772800,Low
486,2023-01-01 00:00:00,Night,Haze,Wet,43,70,Phone,Not Working,5,6,592606,Medium
935,2024-06-23 00:00:00,Morning,Clear,Dry,83,33,Phone,Working,4,7,91316,Medium
1154,2023-02-15 00:00:00,Evening,Clear,Dry,31,113,Fatigue,Working,4,8,622310,Medium
2926,2025-10-15 00:00:00,Night,Clear,Dry,70,104,None,Working,4,0,260922,Medium
3089,2024-09-29 00:00:00,Evening,Clear,Wet,119,94,None,Working,4,2,610089,Medium
738,2024-03-20 00:00:00,Night,Clear,Dry,107,86,Fatigue,Not Working,2,1,377396,Medium
1588,2024-02-03 00:00:00,Afternoon,Clear,Dry,13,114,Phone,Working,1,4,360765,Medium
1448,2023-01-02 00:00:00,Night,Clear,Dry,48,21,Fatigue,Not Working,3,7,689837,Low
2816,2024-09-01 00:00:00,Evening,Clear,Dry,94,105,None,Working,5,1,425778,Medium
297,2023-12-02 00:00:00,Evening,Clear,Water-logged,34,62,Phone,Working,1,6,768326,Medium
2165,2023-06-06 00:00:00,Afternoon,Rain,Dry,113,72,None,Working,5,5,973044,Medium
4820,2023-03-19 00:00:00,Morning,Clear,Dry,44,53,None,Blinking,4,6,471409,Medium
4347,2023-12-17 00:00:00,Evening,Rain,Dry,67,77,Phone,Blinking,1,4,504551,Medium
1569,2025-03-30 00:00:00,Evening,Clear,Dry,37,37,None,Working,1,1,699565,Low
4533,2024-02-13 00:00:00,Morning,Clear,Dry,21,32,None,Working,3,4,656057,Low
2146,2024-10-11 00:00:00,Night,Rain,Wet,47,92,Other,Working,3,5,354241,High
4628,2023-09-19 00:00:00,Evening,Fog,Dry,32,87,None,Not Working,4,9,617065,Medium
3597,2024-04-25 00:00:00,Morning,Clear,Dry,66,73,Fatigue,Not Working,4,5,51521,Medium
1527,2023-06-16 00:00:00,Afternoon,Clear,Dry,17,53,Other,Working,2,3,797847,Low
2657,2023-08-19 00:00:00,Night,Rain,Wet,67,107,None,Not Working,2,3,987774,Medium
3926,2025-04-20 00:00:00,Morning,Rain,Dry,56,112,Phone,Blinking,4,3,518572,Medium
3238,2024-08-31 00:00:00,Night,Rain,Wet,97,30,Phone,Working,5,0,267146,Medium
3332,2024-06-16 00:00:00,Evening,Rain,Dry,119,106,None,Working,2,2,811249,Medium
2928,2025-08-23 00:00:00,Night,Fog,Dry,116,72,None,Working,2,2,205748,Medium
4194,2023-05-27 00:00:00,Evening,Fog,Wet,57,75,Phone,Not Working,5,4,760938,Medium
4869,2025-01-02 00:00:00,Evening,Haze,Dry,56,42,Other,Not Working,2,0,502362,Low
1817,2023-08-02 00:00:00,Afternoon,Clear,Dry,77,97,None,Working,2,3,871399,Medium
1414,2023-03-06 00:00:00,Morning,Clear,Dry,31,35,None,Working,5,9,263478,Medium
3540,2023-03-28 00:00:00,Morning,Fog,Dry,84,91,Phone,Working,1,6,380346,High
3074,2024-01-07 00:00:00,Afternoon,Rain,Dry,28,89,None,Working,1,0,763052,Low
2056,2023-11-26 00:00:00,Evening,Clear,Dry,67,74,Fatigue,Working,4,9,873618,Medium
1706,2025-06-05 00:00:00,Morning,Fog,Wet,15,115,None,Not Working,2,5,615207,Medium
3516,2025-12-06 00:00:00,Night,Clear,Dry,106,112,None,Working,3,3,203052,Medium
3376,2023-12-29 00:00:00,Evening,Clear,Dry,32,73,None,Working,1,4,466764,Low
1936,2025-06-12 00:00:00,Night,Clear,Dry,17,90,Phone,Working,4,1,506687,Low
3127,2023-05-16 00:00:00,Evening,Clear,Dry,90,73,None,Blinking,3,1,227175,Low
2521,2024-03-01 00:00:00,Evening,Clear,Dry,111,51,Other,Not Working,4,4,354412,Medium
293,2023-01-17 00:00:00,Night,Clear,Dry,86,59,Phone,Working,2,6,202248,Medium
249,2024-08-26 00:00:00,Night,Clear,Damaged,117,87,None,Working,2,4,327659,Medium
1964,2025-11-17 00:00:00,Afternoon,Rain,Dry,29,30,Phone,Working,2,3,624074,Low
3638,2023-10-23 00:00:00,Morning,Clear,Dry,59,90,Phone,Not Working,4,0,158679,Medium
420,2023-07-25 00:00:00,Evening,Clear,Dry,72,72,Phone,Blinking,3,5,502869,Medium
443,2023-10-24 00:00:00,Afternoon,Clear,Water-logged,35,87,Phone,Working,4,8,645446,Medium
1512,2023-07-14 00:00:00,Evening,Rain,Dry,69,43,Phone,Working,4,5,428248,Medium
1643,2025-11-22 00:00:00,Evening,Clear,Dry,30,63,None,Working,3,4,25300,Low
640,2023-12-07 00:00:00,Afternoon,Clear,Dry,60,107,None,Working,4,1,719617,Medium
4252,2023-10-14 00:00:00,Morning,Rain,Water-logged,48,45,None,Not Working,2,5,394700,Medium
3704,2025-02-13 00:00:00,Night,Clear,Dry,93,108,None,Working,4,9,525823,High
479,2025-10-11 00:00:00,Night,Rain,Dry,104,77,None,Working,5,3,960063,Medium
454,2025-04-23 00:00:00,Night,Clear,Water-logged,72,35,Phone,Working,2,6,715217,Medium
4613,2025-06-09 00:00:00,Afternoon,Haze,Wet,42,114,Fatigue,Not Working,2,0,591105,Medium
4166,2024-12-20 00:00:00,Afternoon,Fog,Dry,98,63,None,Working,4,4,582301,Medium
2724,2024-12-30 00:00:00,Afternoon,Rain,Water-logged,41,114,None,Not Working,4,5,721646,Medium
4864,2023-04-02 00:00:00,Afternoon,Fog,Wet,62,25,None,Not Working,4,6,339118,Low
4033,2024-05-28 00:00:00,Morning,Clear,Water-logged,87,54,Fatigue,Working,3,9,973186,Medium
452,2025-01-10 00:00:00,Evening,Clear,Damaged,19,119,Fatigue,Working,5,4,204132,Medium
2720,2023-01-31 00:00:00,Morning,Haze,Dry,12,75,Fatigue,Working,5,4,167795,Medium
2547,2023-11-15 00:00:00,Morning,Rain,Wet,112,72,Phone,Working,1,7,506911,High
3048,2025-06-09 00:00:00,Afternoon,Clear,Dry,113,30,Fatigue,Working,1,4,913895,Medium
1067,2024-01-17 00:00:00,Morning,Clear,Dry,111,103,None,Blinking,3,0,523525,Medium
2350,2025-07-02 00:00:00,Morning,Haze,Dry,103,95,Phone,Working,3,0,87119,Medium
3793,2025-10-19 00:00:00,Evening,Clear,Wet,84,34,None,Blinking,5,1,274633,Low
318,2024-04-02 00:00:00,Morning,Haze,Dry,28,67,None,Not Working,3,9,845322,Medium
82,2023-10-29 00:00:00,Evening,Clear,Dry,44,45,None,Not Working,5,0,611228,Low
4467,2024-10-27 00:00:00,Morning,Haze,Dry,33,111,None,Working,4,3,210628,Medium
1868,2025-10-10 00:00:00,Morning,Clear,Dry,88,51,Phone,Working,3,4,922929,Medium
1369,2023-05-12 00:00:00,Morning,Clear,Dry,98,67,None,Not Working,1,1,565071,Low
1280,2023-11-18 00:00:00,Afternoon,Clear,Wet,66,94,Phone,Working,4,4,188844,Medium
430,2024-10-03 00:00:00,Morning,Rain,Wet,96,48,Phone,Working,1,1,691466,Medium
833,2023-02-16 00:00:00,Morning,Fog,Dry,50,77,Fatigue,Not Working,3,2,958094,Medium
4688,2023-08-12 00:00:00,Morning,Clear,Wet,62,49,None,Not Working,3,0,775305,Low
2611,2025-06-30 00:00:00,Night,Clear,Dry,111,119,None,Blinking,1,8,552416,High
492,2025-07-20 00:00:00,Evening,Rain,Dry,42,87,Other,Blinking,5,3,222349,Medium
4644,2023-10-25 00:00:00,Morning,Clear,Wet,51,38,Fatigue,Working,2,1,476505,Low
1489,2025-05-03 00:00:00,Afternoon,Clear,Wet,40,67,None,Working,3,4,320103,Low
3067,2025-12-30 00:00:00,Morning,Clear,Wet,91,48,None,Not Working,2,5,748101,Medium
2531,2025-09-05 00:00:00,Evening,Clear,Dry,83,82,Phone,Working,5,1,653239,Medium
195,2025-10-18 00:00:00,Afternoon,Clear,Dry,20,33,Fatigue,Not Working,4,0,946881,Low
21,2024-04-22 00:00:00,Evening,Rain,Dry,42,78,Fatigue,Working,4,1,749551,Medium
1705,2025-05-20 00:00:00,Afternoon,Clear,Dry,31,44,None,Not Working,4,9,886214,Medium
3245,2023-01-04 00:00:00,Evening,Clear,Wet,64,41,None,Not Working,4,6,540209,Low
129,2023-01-26 00:00:00,Morning,Clear,Wet,96,52,None,Not Working,1,5,856059,Medium
3326,2024-07-26 00:00:00,Evening,Fog,Dry,105,33,None,Working,5,4,841935,Medium
2892,2023-04-03 00:00:00,Evening,Clear,Dry,33,20,None,Working,2,7,892070,Low
455,2023-06-02 00:00:00,Morning,Rain,Wet,34,65,None,Working,3,5,448694,Medium
2903,2024-06-11 00:00:00,Morning,Clear,Dry,26,50,None,Working,5,9,834166,Medium
81,2024-03-17 00:00:00,Night,Clear,Dry,95,27,None,Working,5,3,968535,Low
193,2023-02-01 00:00:00,Night,Rain,Dry,45,93,None,Working,4,6,338843,Medium
491,2023-09-25 00:00:00,Afternoon,Clear,Dry,20,47,Other,Working,4,5,505586,Medium
2676,2025-11-27 00:00:00,Afternoon,Rain,Wet,48,67,Fatigue,Working,2,1,742753,Medium
3989,2025-05-15 00:00:00,Afternoon,Fog,Dry,86,81,None,Blinking,5,4,654139,Medium
4801,2023-10-25 00:00:00,Morning,Rain,Damaged,21,111,Fatigue,Not Working,5,8,518095,High
3399,2024-09-05 00:00:00,Morning,Fog,Dry,44,45,None,Working,2,6,913584,Medium
772,2024-04-09 00:00:00,Night,Rain,Wet,93,30,Other,Working,3,0,673410,Medium
1999,2023-12-12 00:00:00,Morning,Clear,Water-logged,105,68,Phone,Working,5,7,775982,Medium
3446,2023-01-19 00:00:00,Evening,Rain,Water-logged,89,98,Phone,Working,2,0,33797,Medium
2856,2024-02-06 00:00:00,Evening,Clear,Dry,66,62,None,Not Working,4,3,66397,Medium
3064,2025-11-01 00:00:00,Evening,Clear,Damaged,48,55,Phone,Working,4,2,717681,Low
2488,2025-09-11 00:00:00,Night,Haze,Dry,14,66,Phone,Working,5,7,716984,Medium
1872,2023-09-23 00:00:00,Morning,Clear,Dry,11,109,Phone,Working,4,7,470670,Medium
1174,2024-08-25 00:00:00,Afternoon,Fog,Wet,90,97,Phone,Not Working,3,9,720867,High
2153,2023-05-23 00:00:00,Evening,Haze,Dry,35,39,Phone,Working,2,2,906899,Low
4511,2023-11-07 00:00:00,Morning,Clear,Water-logged,101,119,None,Working,4,8,787055,High
2502,2023-08-19 00:00:00,Evening,Fog,Dry,46,99,Phone,Working,4,0,66790,Medium
2160,2023-12-17 00:00:00,Evening,Rain,Dry,24,56,None,Working,4,7,357019,Medium
2161,2025-07-01 00:00:00,Evening,Rain,Dry,66,22,None,Working,2,5,373014,Medium
2806,2024-09-27 00:00:00,Night,Clear,Wet,89,71,None,Working,1,7,944960,Medium
1001,2023-05-27 00:00:00,Morning,Rain,Dry,43,52,Phone,Working,3,0,333465,Low
349,2023-10-23 00:00:00,Afternoon,Clear,Dry,112,48,None,Working,5,0,984141,Low
1772,2025-07-18 00:00:00,Evening,Fog,Dry,34,30,Phone,Working,2,8,304390,Medium
3131,2025-06-19 00:00:00,Night,Rain,Wet,109,101,None,Working,2,0,451423,Medium
1057,2024-05-23 00:00:00,Evening,Clear,Dry,65,81,Phone,Working,1,2,571517,Medium
2947,2023-01-31 00:00:00,Evening,Rain,Dry,95,106,None,Not Working,4,5,973862,Medium
2043,2025-06-17 00:00:00,Evening,Rain,Wet,81,41,Phone,Blinking,1,3,911032,Medium
1043,2023-12-25 00:00:00,Afternoon,Clear,Water-logged,10,45,None,Working,1,8,723049,Low
488,2024-02-13 00:00:00,Afternoon,Rain,Water-logged,102,38,Phone,Working,4,8,911824,High
1342,2023-09-09 00:00:00,Afternoon,Rain,Dry,119,102,Other,Working,1,8,556982,High
1541,2023-08-24 00:00:00,Evening,Clear,Wet,74,114,None,Working,4,3,201472,Medium
3174,2024-12-14 00:00:00,Morning,Clear,Wet,89,92,None,Working,5,8,67402,High
3034,2025-12-01 00:00:00,Morning,Clear,Dry,21,71,Phone,Not Working,3,9,91985,Medium
4146,2024-06-08 00:00:00,Evening,Clear,Wet,92,112,None,Working,1,1,843367,Medium
1921,2025-03-02 00:00:00,Evening,Haze,Wet,112,80,Phone,Working,2,1,619230,Medium
662,2025-11-04 00:00:00,Night,Clear,Dry,42,45,None,Working,4,0,336686,Low
2574,2023-09-25 00:00:00,Afternoon,Rain,Dry,117,54,Other,Working,2,4,831234,Medium
1624,2025-10-13 00:00:00,Night,Clear,Dry,21,42,None,Working,5,0,903514,Low
4003,2024-04-03 00:00:00,Evening,Rain,Wet,47,29,None,Working,5,0,707763,Low
3546,2024-05-30 00:00:00,Morning,Clear,Wet,68,101,None,Working,4,0,574479,Medium
2833,2024-11-02 00:00:00,Morning,Clear,Dry,90,82,None,Working,3,6,66241,Medium
918,2025-07-05 00:00:00,Night,Rain,Dry,56,26,None,Working,1,7,85884,Medium
1446,2023-12-16 00:00:00,Morning,Clear,Wet,45,86,Phone,Not Working,5,4,519639,Medium
3476,2023-03-21 00:00:00,Night,Rain,Dry,15,37,None,Working,2,1,295782,Low
3052,2025-04-26 00:00:00,Afternoon,Clear,Dry,72,27,Other,Working,2,3,158424,Low
4517,2024-08-29 00:00:00,Evening,Clear,Dry,45,76,None,Working,1,5,157821,Medium
1876,2024-01-13 00:00:00,Evening,Clear,Water-logged,68,65,Other,Not Working,4,7,538089,Medium
697,2023-08-16 00:00:00,Afternoon,Clear,Damaged,76,95,Fatigue,Working,3,2,864539,Medium
884,2025-12-19 00:00:00,Morning,Haze,Wet,97,89,Phone,Working,3,0,61764,Medium
4286,2023-10-10 00:00:00,Evening,Rain,Wet,119,92,None,Working,3,9,281645,High
4803,2024-07-19 00:00:00,Night,Clear,Water-logged,19,70,None,Not Working,2,6,841341,Medium
418,2024-02-28 00:00:00,Afternoon,Clear,Dry,23,81,Phone,Working,3,1,558744,Low
1839,2025-06-05 00:00:00,Night,Clear,Dry,74,72,Fatigue,Blinking,1,0,798790,Low
3,2025-07-24 00:00:00,Evening,Fog,Dry,118,39,Phone,Not Working,2,8,667221,High
3679,2024-10-31 00:00:00,Night,Clear,Dry,65,38,None,Working,5,0,995382,Low
4038,2025-01-13 00:00:00,Evening,Fog,Dry,65,88,None,Not Working,3,4,485806,Medium
1311,2025-12-19 00:00:00,Morning,Clear,Dry,25,25,Phone,Working,2,1,37720,Low
292,2025-01-27 00:00:00,Morning,Clear,Dry,28,38,Fatigue,Working,2,0,425316,Low
1127,2024-07-13 00:00:00,Morning,Clear,Wet,98,109,Fatigue,Working,4,4,25407,Medium
4261,2024-02-01 00:00:00,Morning,Clear,Dry,49,28,None,Not Working,2,4,998656,Low
3264,2024-01-03 00:00:00,Morning,Clear,Wet,25,68,Fatigue,Not Working,3,9,157490,Medium
1158,2024-10-25 00:00:00,Night,Rain,Dry,34,95,Phone,Working,3,9,47846,High
1042,2025-03-21 00:00:00,Evening,Clear,Wet,98,34,Fatigue,Not Working,4,6,907244,Medium
3690,2023-01-15 00:00:00,Morning,Clear,Wet,84,77,Fatigue,Blinking,3,8,286375,Medium
1947,2024-08-15 00:00:00,Afternoon,Clear,Dry,70,46,Phone,Working,1,8,490105,Medium
3422,2023-06-21 00:00:00,Evening,Clear,Dry,104,80,None,Blinking,5,3,71107,Medium
140,2025-09-08 00:00:00,Night,Haze,Dry,43,46,Other,Not Working,1,6,221027,Medium
1535,2023-11-05 00:00:00,Afternoon,Clear,Dry,102,85,Phone,Working,5,3,502201,Medium
1502,2025-07-22 00:00:00,Afternoon,Clear,Water-logged,60,69,Phone,Working,2,3,943230,Medium
2983,2024-09-03 00:00:00,Evening,Rain,Dry,77,67,Phone,Working,1,0,554990,Medium
2012,2023-03-31 00:00:00,Morning,Fog,Dry,63,94,Phone,Working,2,4,154339,High
2847,2024-08-27 00:00:00,Evening,Fog,Water-logged,100,37,None,Not Working,2,0,850350,Low
4932,2023-02-08 00:00:00,Afternoon,Clear,Dry,25,87,None,Not Working,1,9,500060,Medium
2967,2023-10-25 00:00:00,Evening,Clear,Dry,25,36,None,Working,3,4,721838,Low
2300,2023-04-25 00:00:00,Afternoon,Rain,Dry,32,42,Phone,Blinking,5,8,625024,Medium
4488,2024-01-10 00:00:00,Afternoon,Clear,Wet,25,72,Fatigue,Not Working,1,3,726158,Low
4477,2023-05-21 00:00:00,Afternoon,Haze,Water-logged,19,50,Phone,Blinking,5,3,294422,Medium
3692,2025-12-11 00:00:00,Evening,Rain,Dry,45,41,Phone,Working,5,0,464378,Low
2902,2024-02-02 00:00:00,Evening,Clear,Dry,116,72,None,Working,5,5,134213,Medium
3431,2024-02-06 00:00:00,Evening,Clear,Dry,118,47,Phone,Working,3,7,518873,Medium
4105,2024-05-01 00:00:00,Afternoon,Clear,Wet,102,44,None,Working,3,0,48606,Low
4498,2024-12-14 00:00:00,Morning,Clear,Dry,98,34,Phone,Working,4,0,195118,Low
3230,2025-07-28 00:00:00,Morning,Clear,Dry,112,116,None,Working,5,1,170728,Medium
589,2024-01-03 00:00:00,Morning,Haze,Wet,102,43,Other,Working,3,5,747954,Medium
3997,2024-03-01 00:00:00,Afternoon,Clear,Water-logged,103,87,None,Working,2,7,399749,Medium
202,2025-03-30 00:00:00,Morning,Haze,Dry,107,72,Other,Working,4,3,120292,Medium
3114,2023-01-08 00:00:00,Morning,Rain,Dry,33,35,Fatigue,Working,1,1,520860,Medium
476,2024-01-28 00:00:00,Night,Clear,Dry,26,114,None,Working,4,0,584395,Low
25,2023-07-14 00:00:00,Afternoon,Haze,Wet,24,52,None,Working,3,0,396723,Low
2176,2025-03-10 00:00:00,Night,Clear,Wet,68,119,Other,Working,3,1,237821,Medium
978,2024-02-11 00:00:00,Morning,Clear,Wet,107,32,None,Working,5,4,715574,Medium
3495,2025-09-16 00:00:00,Evening,Clear,Wet,42,49,None,Working,1,9,996939,Medium
2480,2024-12-11 00:00:00,Evening,Clear,Dry,76,88,None,Working,1,9,478291,Medium
4513,2023-05-06 00:00:00,Morning,Clear,Dry,77,76,Phone,Working,3,7,849817,Medium
4585,2024-10-06 00:00:00,Evening,Haze,Wet,53,53,None,Working,4,4,64566,Medium
2455,2023-03-26 00:00:00,Evening,Fog,Dry,99,90,Fatigue,Not Working,5,7,944697,High
1524,2025-07-18 00:00:00,Morning,Clear,Dry,63,38,Fatigue,Working,5,6,582659,Medium
3231,2023-04-23 00:00:00,Evening,Clear,Dry,98,28,None,Working,3,9,757661,Medium
306,2024-12-21 00:00:00,Night,Clear,Wet,67,25,Phone,Blinking,3,6,902271,Medium
2690,2023-12-15 00:00:00,Afternoon,Fog,Dry,66,30,None,Working,2,8,769120,Medium
2061,2024-06-18 00:00:00,Morning,Haze,Damaged,61,49,Fatigue,Blinking,1,9,144298,Medium
1659,2023-02-04 00:00:00,Afternoon,Clear,Dry,56,47,Phone,Working,2,3,821362,Medium
4785,2025-08-12 00:00:00,Afternoon,Clear,Dry,16,65,None,Not Working,5,0,300939,Low
1973,2025-01-03 00:00:00,Afternoon,Clear,Dry,60,106,Phone,Blinking,4,2,765857,Medium
438,2024-07-02 00:00:00,Night,Fog,Dry,100,116,Other,Working,3,5,468275,High
4811,2024-02-16 00:00:00,Morning,Clear,Dry,112,47,Phone,Working,2,2,580527,Medium
2482,2023-12-28 00:00:00,Night,Clear,Water-logged,100,27,Fatigue,Working,4,4,181750,Medium
3346,2024-02-16 00:00:00,Evening,Rain,Dry,117,85,None,Working,4,9,804628,High
3366,2023-07-04 00:00:00,Evening,Rain,Wet,11,115,Fatigue,Working,5,1,481867,Medium
447,2025-10-15 00:00:00,Night,Clear,Dry,14,59,None,Working,5,4,852129,Medium
2528,2023-07-19 00:00:00,Night,Clear,Dry,78,37,Other,Working,3,2,89392,Low
3065,2025-02-24 00:00:00,Evening,Haze,Dry,50,35,Phone,Working,1,9,452416,High
2708,2023-06-07 00:00:00,Afternoon,Rain,Wet,20,24,None,Not Working,3,2,268634,Low
2966,2023-08-03 00:00:00,Evening,Clear,Dry,107,97,None,Working,4,6,356655,Medium
2741,2024-12-14 00:00:00,Afternoon,Rain,Wet,95,117,Fatigue,Working,2,8,88451,High
191,2025-08-14 00:00:00,Morning,Clear,Wet,37,88,None,Working,3,7,490016,Medium
1349,2024-08-19 00:00:00,Night,Rain,Dry,88,68,Phone,Not Working,4,4,169561,Medium
2911,2024-04-10 00:00:00,Morning,Fog,Dry,32,87,Fatigue,Working,1,3,271367,Medium
4090,2025-11-09 00:00:00,Morning,Rain,Dry,20,79,None,Working,4,8,572443,Medium
4546,2025-11-04 00:00:00,Night,Clear,Dry,118,103,None,Working,5,6,408224,Medium
3169,2023-01-10 00:00:00,Evening,Clear,Dry,117,105,Phone,Not Working,5,3,713582,Medium
4682,2023-06-09 00:00:00,Morning,Clear,Dry,35,108,Fatigue,Working,4,6,62969,Medium
30,2024-09-20 00:00:00,Morning,Clear,Wet,58,53,Other,Working,1,6,771921,Medium
2287,2023-11-18 00:00:00,Night,Clear,Wet,94,87,Fatigue,Working,1,9,857784,High
2851,2023-01-21 00:00:00,Evening,Clear,Dry,31,33,None,Working,3,6,44130,Low
4730,2023-04-12 00:00:00,Morning,Clear,Water-logged,59,85,Fatigue,Not Working,5,8,986478,Medium
2513,2024-05-08 00:00:00,Afternoon,Clear,Dry,69,109,Fatigue,Not Working,4,6,353181,High
1766,2024-06-06 00:00:00,Afternoon,Haze,Wet,98,85,Phone,Working,1,3,687085,Medium
4787,2024-10-07 00:00:00,Night,Clear,Wet,26,26,Phone,Working,5,7,850502,Low
3737,2023-03-14 00:00:00,Evening,Clear,Water-logged,81,99,Phone,Working,2,5,952588,Medium
4894,2024-04-11 00:00:00,Morning,Rain,Wet,41,90,None,Working,5,8,972696,Medium
1777,2023-10-06 00:00:00,Evening,Rain,Dry,54,61,Fatigue,Not Working,1,2,546681,Medium
3470,2025-12-12 00:00:00,Morning,Clear,Dry,57,84,None,Blinking,1,8,351172,Medium
1251,2025-02-04 00:00:00,Evening,Clear,Dry,89,48,None,Working,3,9,390699,Medium
1351,2024-10-07 00:00:00,Night,Clear,Dry,106,43,Other,Working,4,4,216262,Medium
3242,2023-06-28 00:00:00,Afternoon,Rain,Dry,100,45,Phone,Working,3,0,971026,Medium
518,2024-05-07 00:00:00,Night,Rain,Dry,78,83,Phone,Working,5,6,149096,Medium
3042,2024-12-09 00:00:00,Night,Clear,Wet,52,96,None,Working,3,4,985848,Medium
1161,2024-04-09 00:00:00,Night,Clear,Dry,40,51,Fatigue,Not Working,3,8,865856,Medium
2238,2024-12-13 00:00:00,Morning,Fog,Water-logged,107,62,Fatigue,Working,3,9,897712,High
4149,2023-10-08 00:00:00,Evening,Clear,Dry,36,110,Other,Working,5,4,889984,Medium
958,2023-02-17 00:00:00,Morning,Clear,Wet,106,33,Phone,Working,3,3,586585,Medium
3887,2023-03-21 00:00:00,Night,Rain,Wet,39,48,None,Working,4,9,713689,High
4706,2024-12-13 00:00:00,Afternoon,Clear,Dry,54,39,None,Working,1,7,613410,Medium
3776,2024-01-14 00:00:00,Night,Clear,Water-logged,11,50,None,Working,2,5,579277,Low
3060,2025-01-06 00:00:00,Night,Rain,Dry,119,37,Fatigue,Working,2,3,874087,Medium
1027,2023-01-23 00:00:00,Night,Fog,Dry,109,37,None,Working,1,6,405509,Medium
802,2023-04-11 00:00:00,Morning,Clear,Wet,49,111,None,Not Working,1,9,599471,High
3150,2025-01-15 00:00:00,Afternoon,Clear,Wet,21,72,Phone,Working,3,7,710827,Medium
1677,2023-02-03 00:00:00,Morning,Rain,Dry,11,34,None,Blinking,4,9,741489,Medium
2498,2024-02-09 00:00:00,Night,Fog,Dry,31,111,None,Not Working,2,0,463007,Medium
1889,2025-03-22 00:00:00,Evening,Clear,Dry,14,55,None,Working,4,4,291903,Low
4941,2024-09-24 00:00:00,Afternoon,Haze,Dry,11,59,Phone,Working,5,3,695902,Medium
3734,2023-01-17 00:00:00,Evening,Clear,Wet,49,81,None,Working,3,1,574529,Medium
3976,2024-04-10 00:00:00,Night,Rain,Dry,61,55,Phone,Not Working,2,1,399678,Medium
289,2025-10-30 00:00:00,Afternoon,Clear,Wet,27,86,None,Working,2,1,331771,Low
2599,2024-08-20 00:00:00,Afternoon,Haze,Dry,38,81,Other,Working,4,3,91588,Medium
4448,2024-10-08 00:00:00,Evening,Rain,Dry,90,92,None,Working,1,0,563796,Medium
2234,2023-03-04 00:00:00,Night,Clear,Dry,11,43,None,Working,5,7,153344,Low
4976,2025-10-29 00:00:00,Afternoon,Clear,Dry,118,97,None,Working,2,9,92975,High
366,2025-01-02 00:00:00,Afternoon,Haze,Dry,35,75,Phone,Working,3,8,379339,Medium
4006,2023-08-16 00:00:00,Afternoon,Clear,Water-logged,73,70,None,Working,3,0,633559,Low
2691,2023-02-21 00:00:00,Evening,Clear,Dry,100,112,None,Blinking,1,5,829878,Medium
310,2024-09-17 00:00:00,Afternoon,Fog,Dry,14,116,None,Working,1,3,75909,Medium
4253,2025-02-08 00:00:00,Afternoon,Clear,Dry,42,96,None,Working,4,7,267889,Medium
726,2024-06-05 00:00:00,Night,Rain,Dry,45,52,None,Working,1,0,256450,Low
1011,2023-06-08 00:00:00,Morning,Fog,Dry,27,61,None,Blinking,2,9,656557,Medium
2163,2025-08-20 00:00:00,Afternoon,Rain,Dry,14,105,Fatigue,Not Working,5,7,347040,High
4418,2025-02-26 00:00:00,Morning,Clear,Wet,31,93,Fatigue,Working,4,2,209052,Low
3946,2025-03-25 00:00:00,Morning,Fog,Water-logged,16,94,None,Working,4,8,540095,Medium
945,2025-11-17 00:00:00,Morning,Haze,Dry,10,72,None,Working,4,7,303464,Medium
353,2023-12-12 00:00:00,Evening,Clear,Dry,68,102,Phone,Working,1,8,52986,Medium
3973,2025-05-28 00:00:00,Afternoon,Clear,Wet,27,23,Phone,Working,5,5,241434,Low
4338,2025-10-02 00:00:00,Night,Haze,Damaged,106,61,Other,Working,2,2,72644,Medium
1907,2024-01-15 00:00:00,Night,Clear,Wet,65,31,Fatigue,Blinking,1,0,904148,Low
549,2023-05-03 00:00:00,Evening,Clear,Dry,13,78,None,Working,3,3,441444,Low
450,2025-08-25 00:00:00,Morning,Clear,Damaged,93,105,None,Not Working,4,3,999556,Medium
3253,2025-05-16 00:00:00,Evening,Clear,Dry,56,90,Phone,Not Working,4,6,452495,Medium
2278,2024-09-21 00:00:00,Evening,Clear,Wet,48,117,Other,Working,2,5,851870,Medium
1196,2024-09-19 00:00:00,Night,Clear,Dry,57,50,None,Blinking,1,8,734635,Medium
4871,2024-06-20 00:00:00,Afternoon,Clear,Dry,51,76,Other,Not Working,3,9,159636,High
3500,2023-03-27 00:00:00,Evening,Clear,Wet,83,58,None,Working,1,4,717169,Medium
3215,2023-01-11 00:00:00,Morning,Clear,Dry,74,89,None,Not Working,2,2,208154,Medium
2639,2024-04-26 00:00:00,Night,Clear,Dry,74,65,None,Working,2,8,723442,Medium
2426,2025-05-21 00:00:00,Night,Clear,Wet,63,99,None,Blinking,3,0,445747,Medium
3240,2024-12-21 00:00:00,Evening,Clear,Damaged,58,50,Other,Working,4,3,451095,Medium
676,2025-02-23 00:00:00,Night,Clear,Wet,30,81,Other,Not Working,5,9,287182,Medium
1265,2023-03-06 00:00:00,Morning,Fog,Wet,56,119,Other,Working,4,6,748992,High
1908,2024-01-31 00:00:00,Afternoon,Fog,Dry,20,55,None,Not Working,3,3,35342,Medium
4274,2024-08-09 00:00:00,Afternoon,Clear,Dry,69,31,None,Working,3,6,543577,Medium
2829,2023-09-19 00:00:00,Afternoon,Rain,Dry,92,31,None,Working,2,6,615280,Medium
338,2025-05-02 00:00:00,Evening,Rain,Dry,12,98,None,Blinking,4,3,754031,Medium
4110,2025-06-24 00:00:00,Evening,Rain,Dry,51,33,Phone,Working,2,4,225610,Medium
4759,2023-08-16 00:00:00,Afternoon,Clear,Wet,15,84,None,Working,5,7,208561,Medium
1517,2024-10-09 00:00:00,Evening,Fog,Dry,15,34,None,Working,4,5,586197,Low
2459,2025-09-04 00:00:00,Afternoon,Clear,Dry,106,109,Phone,Blinking,3,1,124363,Medium
1201,2024-10-23 00:00:00,Evening,Rain,Dry,50,112,None,Blinking,4,5,926872,High
622,2023-12-31 00:00:00,Morning,Haze,Dry,117,25,Phone,Working,5,2,369289,Medium
72,2023-02-21 00:00:00,Morning,Rain,Wet,28,50,None,Working,5,6,445217,Medium
3032,2023-05-23 00:00:00,Afternoon,Rain,Dry,59,72,Fatigue,Working,3,0,712338,Medium
832,2025-03-24 00:00:00,Afternoon,Clear,Dry,22,36,Phone,Working,3,6,463958,Medium
4668,2025-06-30 00:00:00,Night,Clear,Dry,73,113,Fatigue,Working,3,9,567572,High
725,2023-10-05 00:00:00,Evening,Clear,Wet,24,118,None,Blinking,5,7,954011,Medium
830,2023-07-10 00:00:00,Afternoon,Clear,Dry,101,51,None,Not Working,5,4,15159,Medium
1152,2024-02-02 00:00:00,Night,Clear,Wet,74,119,None,Working,4,9,752372,Medium
3160,2024-03-08 00:00:00,Afternoon,Rain,Dry,87,42,Other,Not Working,3,8,784190,Medium
189,2025-05-23 00:00:00,Evening,Haze,Dry,75,61,None,Working,2,5,656595,Medium
1742,2024-04-04 00:00:00,Evening,Clear,Dry,80,59,None,Not Working,3,4,534838,Medium
2746,2025-03-06 00:00:00,Evening,Rain,Dry,94,33,None,Working,3,9,501674,Medium
3304,2025-05-12 00:00:00,Afternoon,Clear,Wet,38,103,Fatigue,Working,3,1,606873,Medium
2915,2024-12-14 00:00:00,Morning,Clear,Wet,25,65,None,Working,1,5,985550,Low
4256,2025-01-05 00:00:00,Evening,Clear,Water-logged,64,87,None,Working,2,0,272743,Medium
3413,2023-07-15 00:00:00,Morning,Clear,Dry,64,47,Other,Working,3,9,833805,Medium
3528,2023-11-25 00:00:00,Evening,Rain,Dry,34,29,None,Working,3,9,916132,Medium
4262,2024-05-14 00:00:00,Night,Clear,Wet,67,98,Phone,Not Working,4,7,274908,Medium
2412,2024-03-25 00:00:00,Morning,Clear,Water-logged,52,32,Phone,Working,1,2,366521,Low
1770,2023-06-12 00:00:00,Afternoon,Clear,Dry,10,43,None,Blinking,1,9,513029,Medium
4669,2025-01-02 00:00:00,Evening,Rain,Wet,112,115,None,Working,1,6,580962,High
2281,2025-03-06 00:00:00,Afternoon,Rain,Dry,71,46,Other,Working,5,4,795259,Medium
56,2024-11-09 00:00:00,Night,Rain,Dry,70,95,Phone,Working,3,1,987724,Medium
1972,2024-04-23 00:00:00,Night,Rain,Dry,32,82,Fatigue,Working,5,8,798714,Medium
1719,2025-03-17 00:00:00,Night,Clear,Dry,95,23,Other,Not Working,5,4,286414,Medium
3451,2025-03-06 00:00:00,Afternoon,Rain,Wet,35,48,None,Not Working,2,5,784639,Medium
3536,2025-02-06 00:00:00,Morning,Clear,Dry,27,88,None,Working,1,0,230365,Low
3940,2024-02-10 00:00:00,Afternoon,Clear,Water-logged,11,47,None,Working,2,7,598793,Medium
866,2023-10-15 00:00:00,Evening,Clear,Damaged,90,117,Other,Working,5,0,189969,Medium
3207,2024-01-12 00:00:00,Night,Clear,Wet,25,63,None,Working,2,6,185634,Medium
4468,2023-11-29 00:00:00,Morning,Haze,Water-logged,13,109,None,Working,4,0,620834,Medium
1261,2025-01-14 00:00:00,Afternoon,Clear,Dry,72,118,None,Blinking,2,6,9819,Medium
4537,2023-02-01 00:00:00,Afternoon,Rain,Wet,36,101,Phone,Working,2,4,719812,Medium
242,2025-03-14 00:00:00,Night,Clear,Dry,105,84,Fatigue,Blinking,1,8,886538,High
330,2025-01-21 00:00:00,Morning,Clear,Water-logged,72,70,Phone,Not Working,1,3,395783,Medium
2571,2024-08-15 00:00:00,Afternoon,Clear,Damaged,68,37,None,Working,1,9,271725,Medium
3809,2024-02-02 00:00:00,Morning,Clear,Dry,61,32,None,Working,2,9,750755,Medium
2729,2025-03-23 00:00:00,Morning,Haze,Dry,15,50,Phone,Working,3,9,947191,Medium
1606,2025-09-25 00:00:00,Evening,Clear,Wet,60,82,Other,Working,4,1,694848,Low
239,2023-06-10 00:00:00,Evening,Clear,Wet,86,112,Phone,Working,3,9,6082,High
3750,2024-07-03 00:00:00,Night,Clear,Dry,28,70,Fatigue,Working,1,6,367652,Low
705,2024-07-11 00:00:00,Morning,Haze,Dry,67,83,None,Working,3,5,494954,Medium
3857,2023-01-25 00:00:00,Afternoon,Clear,Dry,115,110,Fatigue,Working,1,3,434647,Medium
2377,2023-05-15 00:00:00,Afternoon,Clear,Dry,94,115,Other,Working,4,1,874529,Medium
4724,2025-04-20 00:00:00,Afternoon,Rain,Dry,81,112,None,Blinking,1,7,330920,High
4850,2023-05-29 00:00:00,Morning,Clear,Dry,25,46,None,Working,5,0,770086,Low
1954,2023-01-10 00:00:00,Evening,Clear,Wet,69,63,Phone,Working,4,4,542970,Medium
93,2024-06-19 00:00:00,Evening,Fog,Dry,109,113,None,Working,2,5,922119,High
4264,2023-03-13 00:00:00,Afternoon,Rain,Wet,83,56,Phone,Not Working,2,5,933395,Medium
2311,2023-03-12 00:00:00,Evening,Haze,Wet,35,63,Other,Working,2,5,722879,Medium
190,2023-10-26 00:00:00,Morning,Clear,Dry,73,96,None,Working,1,4,58932,Medium
4091,2023-09-02 00:00:00,Evening,Clear,Damaged,90,76,None,Not Working,1,2,276269,Medium
3247,2024-08-29 00:00:00,Evening,Clear,Dry,94,39,None,Working,2,2,286368,Low
1826,2025-05-23 00:00:00,Evening,Fog,Dry,20,101,Fatigue,Working,4,0,979103,Medium
3900,2023-02-10 00:00:00,Night,Haze,Dry,47,71,None,Not Working,2,9,386791,Medium
2020,2024-09-23 00:00:00,Evening,Rain,Dry,60,77,None,Working,1,5,625217,Medium
4934,2023-06-28 00:00:00,Afternoon,Clear,Dry,85,83,None,Working,2,8,46993,Medium
1625,2025-09-14 00:00:00,Morning,Fog,Dry,13,109,None,Working,5,4,814213,Medium
4754,2025-06-22 00:00:00,Evening,Rain,Dry,17,57,None,Working,3,5,633908,Low
3088,2024-08-12 00:00:00,Morning,Rain,Damaged,61,61,Other,Working,4,5,134622,Medium
554,2023-10-22 00:00:00,Evening,Rain,Dry,87,32,None,Blinking,5,9,776885,Medium
4371,2023-06-21 00:00:00,Morning,Rain,Water-logged,14,74,Fatigue,Working,1,4,122260,Medium
4576,2024-09-17 00:00:00,Afternoon,Clear,Dry,102,70,None,Blinking,1,3,863296,Medium
1944,2023-09-24 00:00:00,Evening,Clear,Water-logged,45,28,Phone,Working,4,1,44837,Low
2452,2025-10-17 00:00:00,Night,Clear,Wet,24,96,None,Working,1,1,914346,Medium
2633,2024-01-16 00:00:00,Morning,Clear,Dry,88,20,Fatigue,Working,2,9,586918,Medium
1116,2023-08-01 00:00:00,Evening,Rain,Water-logged,73,50,None,Working,2,1,70657,Low
913,2025-07-17 00:00:00,Evening,Rain,Dry,72,32,None,Not Working,4,2,892653,Medium
3289,2024-03-18 00:00:00,Night,Clear,Dry,51,39,None,Working,3,9,705083,Medium
1564,2025-10-06 00:00:00,Afternoon,Rain,Dry,104,26,Other,Working,4,2,629314,Medium
4446,2024-07-27 00:00:00,Night,Clear,Dry,60,42,Fatigue,Working,4,1,913861,Low
3496,2024-05-11 00:00:00,Morning,Haze,Dry,16,113,Phone,Working,5,9,134149,High
2272,2025-05-08 00:00:00,Afternoon,Haze,Dry,112,50,Phone,Working,5,4,155234,Medium
3035,2024-03-17 00:00:00,Afternoon,Rain,Dry,22,97,Other,Working,5,6,546519,Medium
186,2025-12-04 00:00:00,Evening,Haze,Dry,99,42,None,Working,5,7,211454,Medium
1367,2023-05-16 00:00:00,Evening,Clear,Dry,19,83,Phone,Working,3,3,102479,Low
2961,2025-01-10 00:00:00,Morning,Fog,Dry,115,92,None,Blinking,3,1,124467,Medium
1673,2023-12-04 00:00:00,Night,Clear,Dry,98,41,Phone,Working,1,1,897993,Medium
3151,2025-05-01 00:00:00,Evening,Clear,Dry,18,47,None,Not Working,5,9,855988,Medium
3161,2023-03-20 00:00:00,Afternoon,Haze,Dry,58,107,Phone,Working,5,4,696197,High
3869,2024-04-12 00:00:00,Evening,Rain,Wet,116,62,None,Working,5,9,833281,High
2916,2023-08-06 00:00:00,Evening,Clear,Dry,43,115,Fatigue,Working,2,7,902601,High
1605,2024-04-09 00:00:00,Morning,Clear,Dry,54,98,Phone,Working,2,0,137210,Low
4423,2024-02-27 00:00:00,Evening,Rain,Wet,35,105,Phone,Working,3,7,578640,High
3798,2025-12-23 00:00:00,Morning,Clear,Dry,97,50,Fatigue,Not Working,4,8,947860,Medium
2399,2025-10-23 00:00:00,Evening,Rain,Dry,34,79,None,Working,4,0,292537,Medium
805,2024-11-12 00:00:00,Afternoon,Clear,Damaged,53,99,None,Not Working,1,1,833475,Low
3317,2023-04-20 00:00:00,Afternoon,Fog,Dry,102,89,Fatigue,Working,1,1,894706,Medium
2260,2024-08-18 00:00:00,Afternoon,Clear,Wet,112,92,None,Working,2,8,347273,High
2769,2025-03-19 00:00:00,Evening,Clear,Dry,44,42,Phone,Working,5,4,940414,Medium
904,2025-04-06 00:00:00,Evening,Clear,Wet,76,28,Other,Working,5,1,398547,Low
1714,2023-01-30 00:00:00,Afternoon,Fog,Dry,70,31,None,Not Working,1,6,147681,Medium
3529,2024-01-30 00:00:00,Night,Rain,Dry,37,29,None,Blinking,5,2,585623,Low
983,2023-08-25 00:00:00,Morning,Haze,Water-logged,101,66,Phone,Blinking,1,6,725150,High
1268,2023-01-31 00:00:00,Afternoon,Clear,Dry,12,110,Fatigue,Working,4,4,745677,Medium
3358,2024-07-19 00:00:00,Afternoon,Clear,Damaged,45,41,None,Working,3,7,626621,Medium
1273,2023-07-13 00:00:00,Evening,Clear,Dry,19,49,Fatigue,Working,3,1,573650,Low
3307,2025-06-19 00:00:00,Afternoon,Clear,Dry,56,23,Phone,Not Working,4,1,529519,Low
3817,2025-03-07 00:00:00,Afternoon,Rain,Dry,101,78,Other,Not Working,2,2,71452,Medium
1119,2025-10-11 00:00:00,Afternoon,Clear,Wet,50,108,Fatigue,Working,3,9,319287,Medium
3570,2025-01-03 00:00:00,Night,Clear,Water-logged,106,113,None,Working,5,6,36435,High
2008,2023-09-10 00:00:00,Evening,Clear,Water-logged,43,105,Other,Working,1,6,856046,Medium
446,2024-02-11 00:00:00,Night,Clear,Wet,56,71,Phone,Working,1,8,689570,Medium
1595,2025-10-07 00:00:00,Evening,Rain,Water-logged,15,65,Phone,Blinking,3,8,257631,Medium
2912,2025-03-25 00:00:00,Morning,Clear,Damaged,111,26,None,Working,4,5,687680,Low
166,2024-06-01 00:00:00,Night,Haze,Dry,35,38,Phone,Working,2,7,440612,Medium
1983,2025-11-21 00:00:00,Afternoon,Haze,Dry,40,50,Phone,Working,2,3,635180,Medium
2261,2024-07-28 00:00:00,Evening,Clear,Damaged,60,59,None,Working,5,0,883127,Low
3501,2023-06-24 00:00:00,Afternoon,Clear,Dry,88,43,Phone,Working,3,8,340413,Medium
2293,2025-10-28 00:00:00,Morning,Clear,Damaged,42,69,None,Working,5,2,587495,Low
309,2025-09-08 00:00:00,Evening,Fog,Water-logged,57,86,None,Working,4,7,210087,High
1746,2023-04-25 00:00:00,Afternoon,Haze,Dry,76,54,None,Working,3,9,778441,Medium
2745,2024-10-28 00:00:00,Evening,Clear,Water-logged,19,21,None,Working,2,8,574389,Medium
2097,2024-01-19 00:00:00,Evening,Fog,Dry,81,23,None,Not Working,2,3,831959,Low
4373,2023-01-28 00:00:00,Morning,Clear,Wet,22,58,None,Working,3,0,517574,Low
3784,2024-12-14 00:00:00,Night,Rain,Dry,35,40,Phone,Blinking,4,8,286328,Medium
2207,2023-08-14 00:00:00,Afternoon,Clear,Water-logged,60,29,None,Working,3,8,341284,Medium
4589,2025-02-04 00:00:00,Evening,Clear,Dry,85,95,None,Working,1,4,569199,Medium
2458,2025-11-27 00:00:00,Evening,Clear,Dry,22,59,None,Working,2,8,469432,Medium
4311,2023-06-19 00:00:00,Afternoon,Clear,Dry,24,99,Other,Not Working,2,4,323479,Medium
3837,2025-09-06 00:00:00,Night,Clear,Damaged,12,75,Other,Not Working,4,6,824401,Medium
2388,2025-04-28 00:00:00,Evening,Haze,Dry,104,105,Other,Working,1,0,950395,Medium
1666,2025-12-09 00:00:00,Night,Rain,Dry,35,29,Other,Working,3,4,501679,Medium
2588,2023-08-18 00:00:00,Evening,Rain,Wet,21,27,Phone,Working,5,9,158278,Medium
4862,2023-04-16 00:00:00,Night,Clear,Dry,109,57,None,Working,2,9,816867,Medium
1650,2023-07-15 00:00:00,Evening,Fog,Wet,79,70,Fatigue,Working,4,0,929346,Medium
4732,2023-02-21 00:00:00,Morning,Rain,Dry,46,73,Phone,Working,4,0,919822,Medium
4025,2025-03-27 00:00:00,Evening,Clear,Dry,70,52,Other,Working,1,9,580414,Medium
2099,2024-11-07 00:00:00,Evening,Clear,Wet,99,117,Phone,Not Working,5,4,344421,Medium
986,2024-03-06 00:00:00,Afternoon,Clear,Dry,13,62,None,Not Working,5,8,393622,Medium
1254,2023-06-21 00:00:00,Morning,Clear,Water-logged,52,119,Phone,Working,4,5,277248,Medium
4842,2024-08-06 00:00:00,Night,Haze,Dry,85,77,None,Working,1,5,896289,Medium
2695,2025-11-29 00:00:00,Night,Haze,Wet,16,78,None,Working,4,4,120363,Medium
1006,2023-09-07 00:00:00,Evening,Haze,Water-logged,92,52,None,Blinking,2,6,141258,Medium
4483,2025-09-09 00:00:00,Evening,Rain,Dry,88,45,None,Not Working,2,3,534260,Medium
76,2025-04-13 00:00:00,Evening,Clear,Dry,108,82,None,Not Working,4,5,134658,Medium
1521,2024-10-03 00:00:00,Morning,Clear,Wet,21,30,None,Not Working,4,9,295076,Medium
1867,2024-02-01 00:00:00,Morning,Clear,Dry,37,65,Phone,Blinking,4,9,343555,High
3596,2025-02-15 00:00:00,Evening,Clear,Dry,71,21,Fatigue,Working,5,0,983377,Low
2489,2023-10-15 00:00:00,Evening,Rain,Dry,88,44,Phone,Working,2,4,990691,Medium
3664,2023-01-21 00:00:00,Morning,Clear,Wet,33,55,None,Working,3,8,395682,Medium
2899,2023-06-05 00:00:00,Afternoon,Clear,Water-logged,32,83,None,Working,2,3,332729,Low
1385,2023-01-30 00:00:00,Evening,Clear,Dry,61,116,None,Not Working,4,1,442064,Medium
3998,2023-12-27 00:00:00,Afternoon,Haze,Dry,116,118,Phone,Not Working,3,7,238387,High
2232,2025-10-10 00:00:00,Morning,Clear,Damaged,78,45,Phone,Working,3,5,556328,Medium
200,2025-10-08 00:00:00,Evening,Clear,Dry,117,86,None,Working,2,6,917268,High
4860,2025-11-01 00:00:00,Night,Clear,Wet,34,36,None,Working,4,1,693227,Low
4214,2023-02-27 00:00:00,Morning,Clear,Water-logged,18,67,None,Not Working,4,2,874166,Low
501,2025-01-12 00:00:00,Evening,Clear,Dry,96,103,Fatigue,Working,1,9,416954,High
442,2023-04-05 00:00:00,Night,Clear,Wet,18,119,Phone,Not Working,1,1,99855,Medium
3514,2023-04-03 00:00:00,Night,Rain,Wet,79,55,None,Working,5,3,773015,Medium
2417,2025-04-02 00:00:00,Afternoon,Clear,Dry,24,50,None,Working,1,1,756267,Low
3738,2023-04-22 00:00:00,Evening,Clear,Wet,118,34,None,Working,3,6,278668,Medium
2058,2025-07-25 00:00:00,Afternoon,Clear,Dry,82,66,Fatigue,Not Working,4,2,673768,Low
1230,2024-12-24 00:00:00,Afternoon,Clear,Dry,33,54,Fatigue,Not Working,1,4,331230,Medium
2089,2025-12-02 00:00:00,Night,Clear,Wet,84,29,None,Working,5,5,268362,Medium
538,2024-10-14 00:00:00,Morning,Fog,Dry,91,42,None,Working,4,5,606827,Medium
2908,2023-06-26 00:00:00,Morning,Rain,Wet,85,93,Fatigue,Working,5,7,218057,High
3411,2023-08-30 00:00:00,Afternoon,Clear,Dry,118,66,Other,Working,4,8,42674,Medium
2667,2024-05-11 00:00:00,Morning,Rain,Wet,53,88,None,Working,1,7,74066,Medium
1584,2024-10-09 00:00:00,Afternoon,Clear,Wet,74,68,Fatigue,Not Working,5,0,534802,Medium
1805,2024-02-11 00:00:00,Afternoon,Clear,Damaged,43,48,None,Working,3,9,900186,Medium
4104,2024-08-12 00:00:00,Morning,Rain,Dry,75,74,None,Not Working,2,1,31999,Low
333,2023-08-16 00:00:00,Morning,Clear,Dry,39,78,None,Not Working,1,8,439463,Medium
3860,2025-09-21 00:00:00,Night,Rain,Dry,84,89,None,Working,4,2,330326,Medium
1128,2025-08-02 00:00:00,Afternoon,Clear,Dry,91,74,None,Working,4,6,357663,Medium
633,2025-01-19 00:00:00,Evening,Clear,Dry,12,64,None,Working,2,4,238688,Low
2345,2024-09-05 00:00:00,Night,Clear,Dry,38,44,Other,Working,1,9,149314,Medium
546,2025-04-06 00:00:00,Afternoon,Clear,Dry,116,31,Phone,Working,1,1,963678,Low
3128,2023-09-01 00:00:00,Morning,Haze,Dry,84,98,None,Working,2,6,125919,High
3061,2023-07-03 00:00:00,Afternoon,Rain,Wet,78,64,Fatigue,Not Working,3,1,13133,Medium
2378,2025-06-05 00:00:00,Evening,Clear,Wet,93,48,None,Not Working,3,5,235653,Low
3345,2025-06-21 00:00:00,Afternoon,Haze,Dry,91,100,None,Working,1,7,188273,High
2315,2023-10-22 00:00:00,Night,Clear,Wet,14,86,None,Working,2,6,448298,Medium
3239,2025-03-20 00:00:00,Evening,Rain,Damaged,72,32,None,Working,2,5,294909,Medium
1796,2023-05-13 00:00:00,Morning,Clear,Water-logged,33,96,Other,Working,4,3,843779,Medium
2879,2023-06-29 00:00:00,Evening,Rain,Dry,13,107,None,Not Working,4,1,948682,Medium
4035,2025-08-27 00:00:00,Morning,Clear,Dry,64,29,Phone,Blinking,5,8,548823,Medium
3218,2025-01-11 00:00:00,Morning,Clear,Wet,57,67,Fatigue,Working,4,3,62684,Medium
4047,2025-07-11 00:00:00,Afternoon,Clear,Dry,110,97,Other,Working,1,4,370190,Medium
4603,2023-08-27 00:00:00,Night,Clear,Dry,36,23,None,Working,2,7,933000,Low
1365,2023-10-05 00:00:00,Evening,Clear,Dry,89,60,Fatigue,Blinking,3,1,709083,Low
3828,2023-01-19 00:00:00,Afternoon,Clear,Dry,67,80,None,Working,4,8,478457,Medium
2939,2024-05-27 00:00:00,Night,Clear,Dry,57,72,None,Working,5,9,466196,Medium
3650,2025-12-16 00:00:00,Night,Clear,Wet,61,26,None,Blinking,2,2,317874,Low
147,2025-12-05 00:00:00,Evening,Rain,Wet,34,42,Phone,Working,4,5,572648,Medium
3649,2024-08-31 00:00:00,Evening,Rain,Dry,116,53,Phone,Working,1,3,21469,Medium
2218,2025-02-18 00:00:00,Afternoon,Rain,Wet,111,119,None,Blinking,5,6,115946,High
1026,2024-10-17 00:00:00,Afternoon,Clear,Dry,65,33,None,Not Working,2,8,634827,Medium
2059,2024-04-06 00:00:00,Evening,Fog,Dry,21,25,Other,Working,4,8,18594,Medium
3562,2023-09-17 00:00:00,Night,Fog,Dry,55,30,None,Blinking,5,1,531438,Low
1115,2024-05-20 00:00:00,Evening,Clear,Dry,32,86,Phone,Working,3,1,645053,Medium
860,2025-04-17 00:00:00,Morning,Rain,Wet,104,83,None,Blinking,1,3,53429,Medium
1544,2025-02-27 00:00:00,Afternoon,Clear,Dry,26,62,None,Working,4,2,382477,Low
277,2023-04-15 00:00:00,Evening,Clear,Wet,64,104,Phone,Working,4,6,545136,Medium
2134,2024-05-12 00:00:00,Evening,Clear,Dry,87,79,Phone,Not Working,4,6,870051,Medium
787,2024-10-02 00:00:00,Evening,Clear,Dry,49,73,Fatigue,Working,5,6,948761,Medium
424,2025-10-20 00:00:00,Afternoon,Clear,Dry,116,86,None,Working,5,5,768122,Medium
1621,2023-02-08 00:00:00,Afternoon,Clear,Dry,100,26,None,Working,2,7,226120,Medium
2079,2025-08-30 00:00:00,Night,Rain,Dry,110,60,Phone,Working,2,0,620156,Medium
1373,2025-08-19 00:00:00,Night,Haze,Wet,37,118,None,Not Working,4,0,872561,Medium
3698,2023-07-11 00:00:00,Evening,Rain,Dry,97,80,Phone,Working,1,4,553263,Medium
3867,2025-08-31 00:00:00,Afternoon,Clear,Wet,49,30,None,Blinking,4,0,774365,Low
3765,2024-10-13 00:00:00,Afternoon,Clear,Wet,36,85,Fatigue,Working,3,5,767457,Medium
3443,2024-07-23 00:00:00,Morning,Rain,Water-logged,89,90,None,Not Working,3,7,930981,High
4058,2023-11-26 00:00:00,Morning,Clear,Wet,115,73,Phone,Working,2,3,435789,Medium
899,2025-06-13 00:00:00,Morning,Haze,Dry,116,91,None,Working,5,7,454141,High
1294,2025-07-25 00:00:00,Evening,Clear,Wet,103,75,None,Blinking,3,7,828834,Medium
3604,2024-10-29 00:00:00,Afternoon,Clear,Dry,44,41,None,Not Working,2,0,880830,Low
4923,2023-03-23 00:00:00,Evening,Rain,Water-logged,22,63,Fatigue,Blinking,1,4,479706,Medium
1955,2024-10-28 00:00:00,Night,Fog,Wet,66,78,Phone,Working,5,5,476934,Medium
3606,2023-08-23 00:00:00,Morning,Clear,Dry,46,26,Phone,Not Working,4,5,382902,Low
2938,2024-03-10 00:00:00,Evening,Rain,Dry,37,45,None,Working,4,7,738081,Medium
3518,2024-07-17 00:00:00,Afternoon,Haze,Water-logged,62,110,None,Working,3,0,451759,Medium
3874,2025-03-21 00:00:00,Night,Clear,Water-logged,22,113,Phone,Working,1,8,692018,Medium
3542,2024-12-03 00:00:00,Night,Rain,Water-logged,114,20,Phone,Working,1,8,510574,Medium
2019,2024-12-01 00:00:00,Morning,Clear,Dry,36,62,None,Working,3,8,964758,Medium
3225,2024-10-06 00:00:00,Morning,Clear,Dry,106,40,None,Working,3,9,205912,Medium
4621,2025-12-11 00:00:00,Night,Clear,Water-logged,117,75,None,Working,4,0,789752,Medium
4564,2023-04-26 00:00:00,Morning,Clear,Wet,34,34,Phone,Working,1,1,920698,Low
1534,2023-12-07 00:00:00,Afternoon,Clear,Dry,54,115,None,Working,4,1,926022,Medium
4998,2025-01-06 00:00:00,Afternoon,Haze,Dry,100,48,Phone,Working,3,2,672226,Medium
3194,2025-12-10 00:00:00,Afternoon,Clear,Dry,18,59,Other,Working,3,4,985359,Medium
4705,2024-01-26 00:00:00,Afternoon,Clear,Water-logged,10,94,Fatigue,Blinking,4,0,718881,Low
4743,2023-09-08 00:00:00,Morning,Fog,Wet,10,54,None,Working,2,9,394689,Medium
4178,2024-09-11 00:00:00,Night,Rain,Dry,98,80,None,Not Working,4,9,187424,High
2862,2024-03-13 00:00:00,Afternoon,Clear,Damaged,110,103,Phone,Working,1,4,248719,Medium
1271,2023-07-08 00:00:00,Evening,Clear,Dry,45,84,None,Working,4,6,338123,Medium
1536,2025-07-03 00:00:00,Morning,Clear,Water-logged,93,105,None,Not Working,3,3,550748,Medium
4187,2024-09-30 00:00:00,Morning,Rain,Dry,51,33,Phone,Blinking,4,5,63242,Medium
1007,2024-04-15 00:00:00,Evening,Clear,Wet,18,86,Fatigue,Working,1,4,470988,Medium
4136,2025-01-04 00:00:00,Morning,Rain,Dry,75,34,None,Not Working,3,7,639226,Medium
3101,2023-12-05 00:00:00,Morning,Fog,Dry,79,20,Phone,Working,4,1,682870,Low
4221,2025-07-16 00:00:00,Afternoon,Clear,Wet,51,28,None,Blinking,2,5,88454,Medium
3841,2024-01-13 00:00:00,Evening,Rain,Dry,109,91,Other,Working,4,7,398208,High
3475,2024-06-29 00:00:00,Night,Fog,Dry,59,27,None,Working,5,8,552128,Medium
1657,2023-06-30 00:00:00,Evening,Clear,Damaged,112,47,Fatigue,Working,2,2,908640,Medium
3072,2023-09-08 00:00:00,Evening,Clear,Water-logged,10,102,Fatigue,Working,2,9,866071,Medium
3889,2023-12-20 00:00:00,Evening,Clear,Dry,19,55,None,Blinking,2,8,60488,Medium
2530,2024-08-06 00:00:00,Night,Clear,Dry,52,75,Other,Not Working,1,7,98399,Medium
2226,2023-01-26 00:00:00,Afternoon,Haze,Dry,118,72,Phone,Working,1,6,919756,High
182,2025-09-15 00:00:00,Morning,Fog,Dry,44,107,None,Working,3,8,198850,High
3360,2023-10-25 00:00:00,Evening,Clear,Dry,104,57,Phone,Working,3,0,845086,Low
3102,2023-01-20 00:00:00,Evening,Haze,Dry,40,88,None,Working,5,6,324992,Medium
2516,2024-10-02 00:00:00,Night,Fog,Dry,61,49,None,Not Working,3,2,79860,Medium
4356,2025-12-03 00:00:00,Evening,Rain,Dry,24,119,None,Working,5,2,642003,Medium
3884,2024-04-17 00:00:00,Morning,Clear,Dry,39,37,Phone,Working,5,5,767981,Medium
2868,2024-04-05 00:00:00,Evening,Clear,Dry,88,40,None,Working,1,5,88640,Medium
2373,2023-09-06 00:00:00,Evening,Clear,Dry,63,29,Fatigue,Working,5,8,312220,Medium
3069,2023-04-26 00:00:00,Afternoon,Clear,Water-logged,86,37,Other,Working,4,4,217687,Medium
1924,2024-04-27 00:00:00,Afternoon,Rain,Damaged,88,119,None,Blinking,3,5,697366,High
2433,2024-11-04 00:00:00,Night,Clear,Water-logged,73,55,Phone,Working,2,1,418136,Low
2964,2024-11-13 00:00:00,Night,Clear,Dry,85,34,Other,Not Working,1,7,139328,Medium
2258,2023-08-04 00:00:00,Afternoon,Clear,Dry,18,91,Fatigue,Working,3,8,869338,Medium
598,2024-03-24 00:00:00,Morning,Rain,Wet,68,91,Fatigue,Working,1,7,872422,High
1592,2025-05-30 00:00:00,Night,Clear,Water-logged,111,79,None,Working,4,5,668113,Medium
1030,2025-06-15 00:00:00,Night,Clear,Dry,96,116,None,Working,5,1,593602,Medium
2025,2024-07-10 00:00:00,Afternoon,Rain,Dry,115,103,None,Working,5,4,416016,Medium
3104,2025-07-17 00:00:00,Afternoon,Clear,Wet,18,67,Phone,Working,2,5,600952,Medium
4904,2023-09-07 00:00:00,Afternoon,Rain,Dry,76,102,None,Not Working,5,4,299555,Medium
23,2023-02-15 00:00:00,Afternoon,Haze,Water-logged,45,107,Phone,Not Working,3,3,496660,Medium
2505,2025-07-12 00:00:00,Morning,Rain,Dry,83,44,Phone,Not Working,2,0,994087,Medium
399,2023-03-16 00:00:00,Evening,Clear,Dry,29,104,None,Working,3,3,115464,Medium
2689,2023-02-11 00:00:00,Afternoon,Clear,Wet,48,96,Fatigue,Working,1,5,86472,Medium
561,2024-10-07 00:00:00,Evening,Clear,Dry,19,70,Phone,Working,5,9,831839,Medium
1832,2024-12-09 00:00:00,Evening,Clear,Wet,67,61,None,Not Working,5,5,376053,Medium
3988,2023-11-26 00:00:00,Afternoon,Haze,Dry,59,83,None,Blinking,1,9,38899,High
1669,2024-03-12 00:00:00,Morning,Clear,Wet,75,98,Other,Working,3,4,521851,Medium
2469,2023-03-19 00:00:00,Afternoon,Rain,Dry,24,64,Other,Not Working,1,8,513040,Medium
636,2024-05-07 00:00:00,Afternoon,Clear,Damaged,43,36,None,Working,5,5,755016,Low
2717,2023-02-12 00:00:00,Evening,Clear,Dry,52,20,Fatigue,Working,2,8,183650,Medium
3510,2025-09-20 00:00:00,Morning,Clear,Dry,26,107,None,Working,2,1,687717,Medium
2824,2023-06-01 00:00:00,Morning,Rain,Wet,98,44,None,Working,1,5,743833,Medium
3987,2023-07-05 00:00:00,Morning,Clear,Dry,86,20,None,Working,5,2,39424,Medium
4228,2025-04-23 00:00:00,Evening,Fog,Dry,101,56,None,Working,5,3,513464,Medium
4735,2025-03-30 00:00:00,Afternoon,Rain,Dry,112,99,Phone,Working,5,1,772793,Medium
1905,2023-09-24 00:00:00,Evening,Clear,Wet,40,32,Phone,Working,5,9,284603,Medium
4766,2025-07-05 00:00:00,Night,Clear,Dry,116,75,Other,Working,4,3,190638,Medium
1380,2023-09-26 00:00:00,Evening,Fog,Dry,96,72,Other,Working,1,3,389663,Medium
3755,2024-02-14 00:00:00,Afternoon,Haze,Dry,97,110,Phone,Working,5,3,167768,Medium
1229,2023-11-23 00:00:00,Night,Rain,Dry,12,49,Other,Working,1,3,185349,Medium
52,2023-05-09 00:00:00,Evening,Fog,Dry,116,42,Other,Blinking,4,1,771020,Medium
448,2023-01-25 00:00:00,Evening,Rain,Wet,71,55,None,Working,2,8,792734,Medium
2090,2025-07-08 00:00:00,Afternoon,Clear,Dry,74,25,None,Working,5,0,748179,Low
2956,2025-12-15 00:00:00,Evening,Clear,Wet,14,66,Phone,Working,2,6,971154,Medium
1614,2025-12-02 00:00:00,Afternoon,Clear,Damaged,118,30,Phone,Working,5,1,900088,Low
874,2023-09-15 00:00:00,Afternoon,Fog,Dry,102,64,None,Working,5,5,555831,High
213,2025-11-04 00:00:00,Evening,Clear,Dry,86,85,None,Not Working,1,4,129409,Medium
4015,2023-08-31 00:00:00,Evening,Clear,Dry,71,91,Fatigue,Working,3,0,502800,Medium
1971,2024-05-29 00:00:00,Morning,Clear,Dry,19,34,Phone,Working,1,6,252875,Low
2972,2025-10-30 00:00:00,Morning,Rain,Water-logged,57,71,Phone,Not Working,2,3,800414,Medium
363,2023-06-07 00:00:00,Afternoon,Clear,Damaged,102,25,None,Working,1,6,203699,Medium
520,2025-11-19 00:00:00,Morning,Rain,Wet,56,40,Fatigue,Not Working,5,3,847477,Medium
4213,2023-10-19 00:00:00,Evening,Clear,Dry,11,34,Phone,Blinking,2,6,64155,Medium
2871,2025-02-13 00:00:00,Night,Fog,Wet,100,118,Other,Working,1,4,725929,High
4559,2025-01-17 00:00:00,Night,Rain,Wet,110,119,Phone,Blinking,5,2,923653,Medium
2981,2025-01-30 00:00:00,Afternoon,Clear,Dry,28,44,Fatigue,Working,4,5,917692,Medium
3172,2024-05-13 00:00:00,Afternoon,Fog,Dry,17,80,None,Working,5,5,245882,Medium
1078,2023-11-05 00:00:00,Evening,Clear,Dry,83,107,Fatigue,Working,1,8,315609,High
265,2025-10-19 00:00:00,Night,Haze,Wet,79,27,Fatigue,Working,3,1,711601,Medium
311,2023-01-19 00:00:00,Afternoon,Clear,Damaged,96,78,Other,Not Working,1,2,299515,Medium
4219,2024-08-02 00:00:00,Evening,Fog,Dry,80,99,Phone,Blinking,3,2,67058,Medium
740,2024-12-05 00:00:00,Afternoon,Clear,Dry,85,82,None,Not Working,3,7,831608,Medium
967,2024-06-21 00:00:00,Evening,Haze,Dry,102,119,None,Working,1,5,338955,High
2189,2024-06-06 00:00:00,Evening,Clear,Dry,49,113,None,Working,5,7,289277,Medium
1830,2023-04-11 00:00:00,Afternoon,Clear,Dry,91,100,None,Blinking,1,5,402677,Medium
4713,2023-07-08 00:00:00,Afternoon,Clear,Dry,98,90,Phone,Working,4,0,408587,Medium
968,2025-12-21 00:00:00,Afternoon,Clear,Dry,26,80,Fatigue,Working,1,0,899199,Medium
3280,2025-07-15 00:00:00,Evening,Clear,Water-logged,96,28,Phone,Working,4,2,497972,Medium
2016,2025-03-26 00:00:00,Afternoon,Fog,Wet,21,115,None,Not Working,4,7,653614,Medium
1782,2025-12-10 00:00:00,Night,Clear,Dry,41,104,Phone,Working,2,7,151390,Medium
873,2023-02-24 00:00:00,Evening,Rain,Dry,19,72,None,Not Working,5,2,343563,Low
2352,2024-11-27 00:00:00,Night,Clear,Water-logged,39,31,None,Working,2,5,336748,Low
3175,2024-06-02 00:00:00,Morning,Rain,Dry,19,70,Phone,Working,4,0,784731,Medium
592,2024-10-29 00:00:00,Evening,Clear,Wet,49,112,None,Working,4,1,16659,Medium
2501,2023-01-22 00:00:00,Night,Clear,Wet,95,46,Phone,Not Working,4,6,978078,Medium
4458,2023-09-05 00:00:00,Morning,Fog,Dry,97,50,None,Working,5,0,579516,Low
4865,2023-04-05 00:00:00,Afternoon,Rain,Wet,107,79,Fatigue,Working,3,6,905272,High
1526,2024-10-22 00:00:00,Afternoon,Haze,Wet,21,119,Other,Blinking,4,5,66155,High
4895,2025-02-11 00:00:00,Afternoon,Rain,Dry,118,105,None,Working,2,8,338949,High
4337,2024-12-10 00:00:00,Evening,Rain,Dry,111,46,None,Working,5,4,460052,Medium
4973,2025-05-29 00:00:00,Evening,Haze,Dry,105,69,Other,Working,1,1,919989,Medium
1604,2025-04-28 00:00:00,Afternoon,Fog,Wet,46,76,None,Working,2,0,549293,Medium
3303,2023-08-17 00:00:00,Evening,Rain,Dry,86,34,None,Working,4,0,795107,Low
600,2024-10-30 00:00:00,Morning,Rain,Dry,23,53,Other,Working,5,8,266501,Medium
878,2025-05-10 00:00:00,Evening,Rain,Dry,58,53,None,Working,2,6,886937,Medium
2977,2025-03-05 00:00:00,Night,Haze,Dry,39,31,None,Working,3,8,631593,Medium
3790,2024-05-29 00:00:00,Night,Rain,Wet,15,111,Phone,Working,5,9,159742,High
4569,2025-08-12 00:00:00,Morning,Clear,Wet,93,67,Fatigue,Working,1,7,857967,Medium
844,2023-02-11 00:00:00,Night,Clear,Dry,72,111,Phone,Working,4,4,879601,Medium
4118,2024-12-23 00:00:00,Afternoon,Haze,Dry,23,94,Phone,Working,3,9,184263,High
4004,2023-12-10 00:00:00,Morning,Clear,Dry,106,72,Phone,Working,2,2,57175,Medium
3525,2023-09-15 00:00:00,Morning,Clear,Dry,16,38,Other,Working,4,2,585157,Low
422,2024-02-29 00:00:00,Evening,Clear,Dry,99,68,None,Working,3,5,594634,Medium
1247,2024-06-15 00:00:00,Morning,Clear,Dry,70,113,Other,Not Working,1,3,33293,Medium
3105,2024-05-12 00:00:00,Afternoon,Fog,Wet,44,29,Fatigue,Blinking,2,7,31841,Medium
2796,2024-07-05 00:00:00,Evening,Clear,Damaged,33,119,None,Working,2,6,303162,Medium
3745,2023-08-08 00:00:00,Morning,Clear,Dry,26,33,Other,Working,1,3,456504,Low
4778,2025-02-07 00:00:00,Afternoon,Haze,Dry,117,45,None,Working,1,8,885661,Medium
1824,2025-05-23 00:00:00,Evening,Haze,Wet,92,78,Phone,Working,1,6,301664,Medium
4233,2023-07-06 00:00:00,Afternoon,Haze,Dry,28,70,Other,Working,3,1,764082,Medium
3974,2025-03-21 00:00:00,Evening,Clear,Water-logged,27,64,Other,Not Working,5,2,905620,Low
4825,2023-07-29 00:00:00,Evening,Clear,Dry,64,101,None,Working,2,2,431538,Medium
3339,2024-01-31 00:00:00,Evening,Clear,Dry,84,108,Fatigue,Working,3,0,897168,Medium
3713,2025-02-14 00:00:00,Evening,Rain,Wet,47,57,None,Working,1,1,230111,Low
3484,2024-11-30 00:00:00,Night,Haze,Dry,83,76,None,Working,4,3,363031,Medium
1214,2023-05-10 00:00:00,Evening,Clear,Dry,57,67,None,Working,5,4,354113,Low
3129,2023-10-06 00:00:00,Night,Fog,Wet,74,113,Other,Working,5,3,161047,Medium
1809,2025-07-25 00:00:00,Morning,Clear,Dry,27,63,Phone,Not Working,2,1,105210,Low
2224,2025-04-19 00:00:00,Morning,Clear,Dry,97,97,None,Not Working,2,7,226460,Medium
577,2023-01-29 00:00:00,Morning,Rain,Damaged,42,82,None,Working,1,0,27901,Medium
1555,2025-07-27 00:00:00,Morning,Rain,Wet,92,92,Phone,Not Working,3,3,574672,Medium
1678,2023-12-16 00:00:00,Afternoon,Clear,Wet,51,26,None,Working,5,3,934820,Low
4336,2024-03-28 00:00:00,Morning,Clear,Damaged,24,100,None,Working,1,9,379177,Medium
237,2025-12-30 00:00:00,Afternoon,Rain,Wet,115,23,Phone,Working,1,0,204183,Low
1324,2023-09-26 00:00:00,Morning,Clear,Dry,20,71,Phone,Working,2,9,90089,Medium
1441,2023-11-05 00:00:00,Night,Clear,Dry,14,61,None,Working,1,2,811639,Low
4807,2024-05-14 00:00:00,Morning,Rain,Dry,113,24,Phone,Not Working,4,0,614041,Medium
4640,2024-09-03 00:00:00,Night,Clear,Wet,86,74,None,Working,3,7,68698,Medium
3490,2023-09-15 00:00:00,Afternoon,Clear,Dry,84,46,Phone,Working,5,4,905526,Medium
4646,2024-08-30 00:00:00,Evening,Rain,Dry,40,23,Other,Working,5,7,356310,Medium
4979,2025-04-01 00:00:00,Morning,Haze,Wet,28,100,None,Not Working,2,3,15428,Medium
2205,2025-05-13 00:00:00,Evening,Haze,Dry,73,94,Phone,Working,1,3,776992,Medium
4281,2024-04-14 00:00:00,Morning,Clear,Water-logged,16,109,None,Not Working,5,1,205027,Low
3908,2025-07-16 00:00:00,Afternoon,Rain,Dry,62,22,None,Working,1,2,232339,Medium
171,2025-06-20 00:00:00,Evening,Clear,Dry,100,93,Phone,Blinking,5,2,485657,Medium
703,2025-02-23 00:00:00,Afternoon,Rain,Dry,112,82,None,Working,5,3,898120,Medium
243,2025-02-13 00:00:00,Night,Clear,Dry,84,107,Phone,Working,5,3,778006,Medium
2122,2025-10-12 00:00:00,Evening,Clear,Dry,103,60,None,Working,2,5,844033,Medium
3424,2024-10-19 00:00:00,Morning,Clear,Wet,60,94,None,Working,1,6,840309,Medium
811,2024-11-01 00:00:00,Night,Clear,Wet,99,39,Other,Working,2,7,97152,Medium
4548,2024-10-21 00:00:00,Evening,Clear,Dry,111,73,Phone,Working,4,8,298618,High
1172,2025-05-27 00:00:00,Night,Rain,Wet,63,83,Phone,Blinking,1,8,661477,High
2341,2024-10-23 00:00:00,Evening,Haze,Wet,11,67,None,Blinking,3,2,832260,Low
2509,2023-11-15 00:00:00,Night,Rain,Dry,62,27,Other,Working,1,1,478717,Medium
3309,2025-01-26 00:00:00,Afternoon,Clear,Water-logged,27,32,None,Working,4,3,27960,Low
1423,2023-02-24 00:00:00,Morning,Clear,Water-logged,58,113,Fatigue,Working,4,3,262079,Medium
65,2025-09-11 00:00:00,Afternoon,Rain,Dry,17,75,Phone,Working,3,0,376854,Low
2450,2025-02-24 00:00:00,Afternoon,Clear,Dry,34,28,Phone,Working,5,7,135738,Low
2431,2024-04-28 00:00:00,Evening,Clear,Damaged,64,59,Other,Working,2,0,899022,Low
3259,2025-09-01 00:00:00,Afternoon,Rain,Dry,93,111,None,Working,2,5,781755,High
1394,2025-04-08 00:00:00,Evening,Rain,Wet,71,46,None,Blinking,2,5,754160,Medium
4099,2024-02-28 00:00:00,Afternoon,Haze,Wet,90,26,None,Working,2,7,855272,Medium
4117,2024-12-25 00:00:00,Night,Rain,Dry,112,57,Fatigue,Working,4,4,692647,Medium
3046,2023-05-24 00:00:00,Evening,Clear,Wet,54,97,None,Working,4,7,19294,Medium
685,2024-07-26 00:00:00,Night,Clear,Dry,56,48,None,Working,4,9,141819,Medium
3202,2025-04-19 00:00:00,Evening,Clear,Dry,88,106,Phone,Not Working,4,4,532426,High
4910,2025-06-18 00:00:00,Evening,Clear,Dry,108,74,Phone,Working,3,5,655965,Medium
2705,2024-02-13 00:00:00,Evening,Clear,Dry,107,107,Phone,Working,4,1,811775,Medium
3663,2025-09-07 00:00:00,Morning,Clear,Wet,60,89,Other,Working,4,3,249964,Medium
2425,2023-04-22 00:00:00,Afternoon,Clear,Wet,30,109,Other,Working,1,1,463983,Medium
3153,2025-04-05 00:00:00,Evening,Clear,Dry,58,84,None,Not Working,3,0,446082,Low
3569,2025-11-25 00:00:00,Evening,Clear,Damaged,70,67,None,Working,1,3,852960,Medium
286,2023-08-24 00:00:00,Morning,Rain,Dry,89,41,Fatigue,Working,4,8,275599,Medium
217,2023-07-25 00:00:00,Afternoon,Clear,Wet,77,112,Other,Working,4,1,650002,Medium
1731,2023-02-23 00:00:00,Afternoon,Clear,Wet,94,56,None,Working,4,0,746640,Medium
917,2025-01-20 00:00:00,Afternoon,Haze,Dry,79,53,Fatigue,Working,1,5,767003,Medium
1291,2024-08-31 00:00:00,Afternoon,Clear,Dry,71,53,None,Blinking,1,9,535039,Medium
1252,2023-07-22 00:00:00,Afternoon,Clear,Wet,83,118,Other,Working,1,5,774148,Medium
902,2025-03-18 00:00:00,Morning,Clear,Dry,69,104,Phone,Blinking,1,0,207529,Medium
4388,2025-01-24 00:00:00,Morning,Clear,Wet,83,73,None,Not Working,1,5,959224,Medium
1808,2023-07-20 00:00:00,Morning,Clear,Dry,16,51,Phone,Not Working,5,0,958320,Low
2557,2025-12-08 00:00:00,Evening,Clear,Wet,37,34,Other,Not Working,1,2,665128,Low
4874,2024-01-22 00:00:00,Morning,Clear,Wet,55,46,None,Not Working,2,7,653161,Medium
4165,2025-07-12 00:00:00,Evening,Haze,Dry,85,78,None,Working,2,4,244515,Medium
1147,2025-08-24 00:00:00,Evening,Clear,Dry,102,67,Phone,Working,3,8,465241,Medium
521,2023-04-09 00:00:00,Evening,Fog,Dry,100,107,Fatigue,Not Working,4,8,980052,High
3057,2025-02-22 00:00:00,Evening,Clear,Dry,47,74,None,Working,3,1,421829,Low
3183,2025-02-21 00:00:00,Afternoon,Clear,Dry,71,87,None,Working,5,6,323978,Medium
2642,2024-05-20 00:00:00,Morning,Clear,Wet,97,51,Other,Working,1,8,340978,Medium
2781,2024-07-23 00:00:00,Morning,Clear,Wet,105,56,None,Working,1,4,836850,Medium
2478,2023-07-16 00:00:00,Evening,Clear,Dry,82,119,Phone,Working,1,9,955738,High
1641,2024-01-12 00:00:00,Evening,Rain,Damaged,108,99,None,Not Working,5,1,775865,Medium
3382,2023-09-09 00:00:00,Afternoon,Clear,Dry,105,69,None,Working,3,0,461677,Low
4870,2023-05-21 00:00:00,Night,Clear,Dry,100,95,Phone,Working,2,1,610763,Medium
765,2024-05-15 00:00:00,Morning,Fog,Wet,119,63,Phone,Working,1,4,685966,Medium
4717,2024-05-24 00:00:00,Evening,Clear,Water-logged,77,119,None,Working,1,3,492081,Medium
4629,2023-07-17 00:00:00,Evening,Clear,Wet,98,48,None,Working,3,7,413501,Medium
2747,2023-11-15 00:00:00,Evening,Clear,Dry,79,32,Other,Working,2,3,518558,Medium
1350,2025-07-17 00:00:00,Morning,Rain,Water-logged,99,61,None,Working,5,5,995740,Medium
3159,2025-04-01 00:00:00,Night,Clear,Water-logged,44,55,None,Working,1,7,664692,Medium
4224,2024-04-17 00:00:00,Night,Clear,Dry,99,54,None,Working,4,8,492779,Medium
152,2024-02-15 00:00:00,Morning,Clear,Dry,93,43,Phone,Working,5,0,149545,Low
3459,2024-02-18 00:00:00,Evening,Haze,Damaged,44,61,None,Working,4,4,468285,Medium
2112,2023-03-22 00:00:00,Morning,Haze,Wet,105,65,None,Working,2,5,466688,Medium
2655,2023-06-10 00:00:00,Evening,Rain,Dry,15,97,None,Working,2,1,324704,Medium
276,2025-01-05 00:00:00,Evening,Clear,Dry,106,31,None,Working,3,6,612448,Medium
664,2023-01-12 00:00:00,Morning,Rain,Dry,105,105,None,Working,5,2,378430,High
3435,2025-01-23 00:00:00,Evening,Haze,Dry,86,91,Fatigue,Working,3,0,802123,Medium
2017,2025-01-27 00:00:00,Afternoon,Clear,Dry,13,27,None,Working,3,2,16110,Low
4821,2024-03-12 00:00:00,Afternoon,Rain,Dry,115,56,None,Working,3,9,520503,High
2344,2023-04-24 00:00:00,Afternoon,Clear,Wet,105,27,None,Working,5,7,23330,Medium
2066,2024-04-29 00:00:00,Evening,Rain,Dry,61,63,Phone,Blinking,3,4,841266,Medium
2217,2025-02-14 00:00:00,Night,Rain,Dry,72,60,Phone,Working,4,9,200624,High
319,2024-04-22 00:00:00,Morning,Clear,Wet,16,75,Fatigue,Working,1,7,631493,Medium
404,2023-05-08 00:00:00,Night,Clear,Dry,51,60,None,Working,1,5,627940,Medium
2158,2023-09-02 00:00:00,Afternoon,Clear,Dry,83,38,Phone,Not Working,3,5,642604,Medium
2209,2024-09-28 00:00:00,Afternoon,Clear,Dry,46,97,Other,Working,4,7,807740,Medium
4830,2023-04-05 00:00:00,Evening,Rain,Wet,59,106,None,Working,1,3,872897,Medium
4290,2025-04-30 00:00:00,Night,Clear,Dry,65,114,Phone,Not Working,2,9,525840,High
3935,2025-10-31 00:00:00,Afternoon,Rain,Wet,113,35,Phone,Working,1,5,801934,Medium
1745,2024-01-30 00:00:00,Afternoon,Clear,Wet,58,21,None,Working,4,3,143210,Low
1935,2025-05-19 00:00:00,Evening,Haze,Dry,60,87,None,Not Working,4,8,475155,High
2060,2025-02-08 00:00:00,Evening,Haze,Dry,95,47,Phone,Working,1,3,440446,Medium
3348,2023-08-21 00:00:00,Morning,Clear,Dry,35,102,Phone,Working,3,4,718131,Medium
451,2023-12-12 00:00:00,Evening,Clear,Wet,14,89,None,Not Working,1,0,607078,Low
3563,2025-10-08 00:00:00,Morning,Rain,Wet,101,30,Fatigue,Working,1,5,28226,Medium
2081,2023-11-28 00:00:00,Morning,Clear,Dry,114,73,None,Working,5,2,776742,Medium
4137,2023-11-24 00:00:00,Evening,Rain,Dry,80,27,None,Blinking,2,7,808147,Medium
1181,2024-05-30 00:00:00,Night,Rain,Wet,17,59,Phone,Working,3,9,192455,Medium
3440,2023-01-29 00:00:00,Night,Clear,Dry,89,44,None,Working,1,6,593079,Medium
3329,2023-04-20 00:00:00,Morning,Fog,Dry,105,80,None,Blinking,2,6,783056,Medium
4716,2023-08-08 00:00:00,Afternoon,Clear,Dry,87,53,Phone,Working,5,1,527504,Low
2244,2025-10-19 00:00:00,Night,Clear,Water-logged,43,26,None,Blinking,2,3,950119,Low
938,2025-09-27 00:00:00,Night,Clear,Dry,70,37,Phone,Not Working,1,8,465629,Medium
3388,2023-07-23 00:00:00,Evening,Clear,Dry,80,87,None,Working,5,0,915623,Medium
2248,2024-07-18 00:00:00,Night,Fog,Dry,69,100,None,Not Working,3,2,273693,Medium
1063,2025-08-12 00:00:00,Evening,Clear,Water-logged,48,32,Phone,Working,4,7,720216,Medium
608,2023-03-03 00:00:00,Afternoon,Fog,Water-logged,75,86,Fatigue,Working,3,3,815436,Medium
4212,2024-11-13 00:00:00,Evening,Haze,Damaged,87,108,None,Working,5,3,314585,Medium
4849,2024-04-03 00:00:00,Evening,Rain,Dry,102,32,None,Working,3,5,695770,Medium
1322,2025-12-30 00:00:00,Morning,Clear,Dry,69,69,None,Not Working,1,4,403720,Medium
3112,2025-01-17 00:00:00,Morning,Clear,Dry,57,36,Fatigue,Working,2,4,370379,Low
4922,2024-07-22 00:00:00,Evening,Fog,Water-logged,49,27,None,Not Working,1,8,402224,Medium
2873,2023-09-10 00:00:00,Night,Haze,Dry,75,72,Fatigue,Blinking,1,0,687847,Medium
4901,2025-04-05 00:00:00,Morning,Clear,Dry,103,94,Phone,Working,2,5,350269,Medium
2710,2024-04-01 00:00:00,Afternoon,Fog,Dry,105,77,None,Working,4,0,657657,Medium
4444,2023-04-13 00:00:00,Afternoon,Clear,Wet,49,65,None,Working,4,6,798801,Medium
769,2023-01-08 00:00:00,Afternoon,Clear,Dry,119,109,None,Working,3,6,186154,High
4536,2025-09-03 00:00:00,Evening,Clear,Dry,44,68,None,Working,1,8,252932,Medium
4861,2023-04-21 00:00:00,Evening,Fog,Dry,76,64,Phone,Working,4,7,284127,High
3953,2023-11-10 00:00:00,Night,Clear,Damaged,66,33,None,Not Working,5,2,14788,Low
1370,2024-10-02 00:00:00,Morning,Fog,Water-logged,36,96,None,Working,2,2,601830,Medium
889,2023-09-10 00:00:00,Morning,Fog,Wet,21,91,None,Working,1,9,147730,Medium
4827,2024-08-17 00:00:00,Evening,Clear,Dry,104,117,Phone,Working,3,0,825484,Medium
74,2024-04-21 00:00:00,Night,Clear,Dry,64,69,None,Working,4,7,309335,Medium
3628,2024-07-07 00:00:00,Night,Fog,Dry,46,53,Fatigue,Working,4,6,659559,Medium
2190,2023-08-10 00:00:00,Evening,Rain,Dry,52,41,Phone,Working,2,9,968649,Medium
2306,2025-04-29 00:00:00,Afternoon,Haze,Dry,30,23,Other,Blinking,5,7,683636,Medium
4660,2024-07-12 00:00:00,Evening,Fog,Damaged,42,115,None,Working,3,5,319744,Medium
222,2023-01-17 00:00:00,Evening,Clear,Wet,43,58,Phone,Working,5,2,735262,Low
4427,2025-05-16 00:00:00,Morning,Clear,Wet,106,92,None,Working,1,8,704383,Medium
2273,2025-02-28 00:00:00,Afternoon,Rain,Water-logged,96,54,None,Blinking,5,7,747236,Medium
1080,2023-06-26 00:00:00,Night,Clear,Wet,60,65,None,Working,2,2,347604,Medium
883,2023-09-13 00:00:00,Morning,Clear,Dry,65,59,Phone,Not Working,5,4,758842,Medium
2658,2023-10-01 00:00:00,Night,Rain,Dry,40,35,None,Working,5,2,879137,Low
4745,2023-05-05 00:00:00,Morning,Clear,Dry,56,88,None,Working,1,7,916026,Medium
4519,2023-06-23 00:00:00,Morning,Clear,Damaged,67,101,None,Working,5,9,659829,Medium
1139,2025-07-22 00:00:00,Afternoon,Rain,Wet,48,100,None,Working,5,0,793324,Medium
957,2023-03-28 00:00:00,Evening,Clear,Dry,22,59,Phone,Working,1,4,393171,Medium
1943,2024-11-25 00:00:00,Evening,Rain,Dry,65,62,Other,Not Working,5,2,203693,Medium
3343,2025-06-12 00:00:00,Evening,Clear,Dry,90,101,None,Working,1,9,903611,High
4319,2023-11-16 00:00:00,Afternoon,Rain,Water-logged,11,42,None,Working,5,3,932879,Low
374,2025-09-20 00:00:00,Evening,Rain,Dry,45,55,None,Blinking,2,5,906610,Medium
1053,2023-10-22 00:00:00,Night,Clear,Wet,22,84,Phone,Working,4,9,12403,Medium
3550,2023-05-23 00:00:00,Evening,Clear,Dry,92,102,Other,Not Working,3,1,759850,Medium
3555,2023-10-16 00:00:00,Morning,Clear,Wet,55,54,Other,Not Working,3,1,815805,Low
1170,2025-12-17 00:00:00,Afternoon,Clear,Dry,60,49,None,Working,5,6,469115,Medium
2613,2023-01-18 00:00:00,Morning,Haze,Dry,55,34,None,Working,5,2,402681,Low
1996,2023-06-12 00:00:00,Evening,Rain,Dry,67,38,Fatigue,Working,5,3,135321,Medium
3026,2025-07-19 00:00:00,Afternoon,Clear,Dry,22,20,None,Blinking,1,1,58901,Low
341,2024-11-05 00:00:00,Afternoon,Fog,Dry,54,39,None,Working,1,1,308358,Low
4125,2025-03-23 00:00:00,Evening,Clear,Wet,89,94,None,Working,1,0,377174,Medium
2647,2023-01-20 00:00:00,Night,Clear,Dry,80,107,Phone,Working,2,4,947820,Medium
4641,2023-02-28 00:00:00,Night,Clear,Dry,98,23,Fatigue,Working,3,5,199886,Medium
4308,2025-08-03 00:00:00,Evening,Rain,Dry,56,38,Phone,Working,2,5,726483,Medium
1315,2024-10-12 00:00:00,Afternoon,Clear,Water-logged,76,24,Other,Working,3,2,240932,Medium
4103,2025-03-09 00:00:00,Evening,Clear,Dry,102,107,Phone,Working,2,8,165367,High
4650,2024-03-11 00:00:00,Morning,Clear,Dry,101,64,Fatigue,Not Working,3,0,674872,Medium
2998,2025-07-09 00:00:00,Afternoon,Clear,Water-logged,63,52,None,Not Working,5,6,898786,Medium
2187,2023-01-20 00:00:00,Night,Rain,Wet,110,98,Fatigue,Not Working,3,1,174227,Medium
31,2024-09-19 00:00:00,Evening,Clear,Dry,84,61,Phone,Working,4,5,118204,Medium
2836,2023-08-25 00:00:00,Night,Clear,Wet,108,101,None,Not Working,2,1,658211,Medium
2968,2024-12-31 00:00:00,Evening,Clear,Wet,113,41,Phone,Working,2,9,833371,Medium
2975,2025-07-03 00:00:00,Afternoon,Clear,Damaged,43,58,None,Working,3,6,848709,Medium
2169,2024-03-28 00:00:00,Evening,Clear,Dry,61,89,None,Working,3,5,203726,Medium
3788,2025-09-29 00:00:00,Afternoon,Rain,Dry,63,31,None,Working,3,3,424245,Medium
775,2023-11-03 00:00:00,Evening,Clear,Dry,50,57,Phone,Working,5,0,252581,Low
3355,2023-12-15 00:00:00,Morning,Clear,Dry,108,60,Phone,Working,4,3,565063,Medium
2680,2023-08-04 00:00:00,Evening,Clear,Dry,29,50,Phone,Working,3,6,96354,Low
279,2023-01-30 00:00:00,Evening,Haze,Dry,62,97,None,Working,2,0,380055,Medium
4918,2025-04-28 00:00:00,Afternoon,Clear,Dry,14,34,None,Not Working,1,8,158312,Low
4809,2025-06-15 00:00:00,Morning,Haze,Wet,13,80,Fatigue,Working,2,1,658151,Low
1938,2024-02-16 00:00:00,Night,Rain,Dry,45,33,Phone,Working,1,0,237531,Medium
712,2025-06-05 00:00:00,Evening,Haze,Dry,112,107,Other,Working,5,0,394386,Medium
1328,2024-10-05 00:00:00,Evening,Clear,Dry,63,79,None,Working,3,1,616545,Low
3673,2023-11-28 00:00:00,Evening,Clear,Dry,103,114,Phone,Working,5,6,188465,Medium
1465,2025-12-12 00:00:00,Night,Fog,Wet,86,91,Other,Working,3,9,225713,High
1409,2023-10-02 00:00:00,Evening,Clear,Dry,21,91,Fatigue,Working,1,2,538800,Low
2772,2025-12-21 00:00:00,Afternoon,Rain,Wet,108,29,Phone,Working,1,9,989076,High
4965,2024-10-14 00:00:00,Afternoon,Clear,Dry,87,54,Other,Working,4,5,567270,Medium
4248,2025-11-18 00:00:00,Morning,Clear,Wet,89,29,Phone,Working,3,2,158509,Medium
113,2025-04-18 00:00:00,Night,Rain,Wet,78,119,Fatigue,Not Working,1,1,25148,Medium
4953,2023-10-11 00:00:00,Afternoon,Clear,Wet,25,27,None,Working,4,3,10023,Low
4351,2023-09-29 00:00:00,Evening,Clear,Dry,16,55,Fatigue,Working,4,6,865814,Low
1467,2023-06-18 00:00:00,Night,Clear,Dry,36,83,Phone,Working,2,4,326469,Medium
4055,2025-10-30 00:00:00,Evening,Rain,Dry,110,112,Phone,Working,4,7,110315,High
3000,2025-06-29 00:00:00,Night,Clear,Dry,71,36,Fatigue,Working,2,6,909980,Medium
4664,2023-11-06 00:00:00,Night,Clear,Dry,41,65,None,Working,1,9,760219,Medium
4966,2023-06-12 00:00:00,Morning,Rain,Wet,98,48,None,Working,2,5,789616,Medium
183,2023-07-03 00:00:00,Night,Clear,Dry,35,40,None,Not Working,4,8,662869,Low
2022,2025-04-04 00:00:00,Evening,Fog,Dry,15,105,Phone,Working,4,3,605898,Medium
855,2023-08-13 00:00:00,Morning,Clear,Dry,61,76,None,Working,1,5,392610,Medium
842,2023-08-07 00:00:00,Evening,Clear,Dry,17,109,Phone,Working,5,5,716345,Medium
149,2024-10-06 00:00:00,Morning,Rain,Water-logged,97,52,None,Working,1,5,390833,Medium
3084,2024-09-09 00:00:00,Evening,Clear,Wet,48,24,Phone,Working,2,0,274802,Low
3272,2023-03-19 00:00:00,Morning,Clear,Dry,93,95,None,Working,2,5,664021,Medium
3319,2025-10-19 00:00:00,Night,Fog,Water-logged,80,99,None,Not Working,5,7,446076,High
3312,2023-03-09 00:00:00,Evening,Clear,Dry,58,41,Other,Working,5,7,941021,Medium
498,2025-03-27 00:00:00,Morning,Fog,Dry,30,112,None,Not Working,2,5,621125,Medium
2703,2024-09-26 00:00:00,Morning,Rain,Wet,20,50,None,Blinking,5,5,935294,Medium
1143,2025-04-27 00:00:00,Evening,Clear,Dry,82,117,None,Not Working,3,3,610037,Medium
3497,2024-07-25 00:00:00,Night,Haze,Water-logged,13,34,Fatigue,Working,2,5,700338,Low
4741,2023-03-26 00:00:00,Evening,Clear,Water-logged,54,24,None,Working,1,9,123553,Medium
4158,2025-01-09 00:00:00,Night,Rain,Wet,11,114,Phone,Working,3,2,916607,Medium
2310,2024-03-15 00:00:00,Afternoon,Clear,Wet,68,51,Fatigue,Working,3,9,915844,Medium
656,2023-03-21 00:00:00,Morning,Clear,Water-logged,110,93,Phone,Not Working,2,4,877596,Medium
1829,2024-01-12 00:00:00,Evening,Rain,Dry,45,58,Fatigue,Not Working,4,6,989903,Medium
3773,2025-03-05 00:00:00,Afternoon,Rain,Wet,86,31,None,Working,1,1,764596,Low
496,2025-02-03 00:00:00,Afternoon,Clear,Dry,71,54,Phone,Blinking,4,3,924829,Medium
3618,2024-12-24 00:00:00,Night,Clear,Dry,93,64,Other,Not Working,5,3,828005,Medium
387,2023-04-16 00:00:00,Afternoon,Clear,Dry,69,91,Other,Working,2,7,891999,Medium
4909,2025-05-24 00:00:00,Evening,Clear,Dry,96,90,None,Working,4,9,346902,High
4631,2023-10-05 00:00:00,Morning,Clear,Water-logged,91,36,None,Working,2,1,668028,Low
2358,2025-04-08 00:00:00,Morning,Haze,Wet,111,26,None,Not Working,2,5,621503,Medium
4700,2024-07-16 00:00:00,Night,Fog,Wet,81,99,Other,Working,5,8,658851,High
3420,2024-10-23 00:00:00,Morning,Clear,Wet,53,84,None,Blinking,5,9,579852,Medium
3392,2024-04-23 00:00:00,Night,Clear,Dry,113,23,Phone,Working,4,3,646029,Medium
3584,2025-05-04 00:00:00,Night,Clear,Wet,104,29,None,Blinking,1,9,463929,Medium
2615,2023-02-08 00:00:00,Afternoon,Clear,Water-logged,13,53,None,Working,4,4,297142,Low
3854,2025-12-11 00:00:00,Night,Rain,Dry,23,91,None,Working,1,8,937876,Medium
2894,2024-02-01 00:00:00,Evening,Clear,Damaged,43,92,Phone,Working,5,6,217147,Medium
4502,2024-11-15 00:00:00,Evening,Rain,Water-logged,114,80,Fatigue,Working,4,1,312427,Medium
2320,2025-04-04 00:00:00,Afternoon,Haze,Damaged,57,70,None,Working,1,8,294189,Medium
2277,2023-01-18 00:00:00,Evening,Clear,Wet,96,34,Other,Blinking,2,5,201274,Medium
1626,2023-08-19 00:00:00,Evening,Clear,Dry,115,110,None,Not Working,2,6,629443,Medium
4729,2025-08-10 00:00:00,Evening,Clear,Water-logged,19,118,None,Working,2,8,910533,Medium
4665,2024-05-07 00:00:00,Night,Clear,Dry,91,105,Fatigue,Working,4,8,975023,High
4721,2025-11-08 00:00:00,Afternoon,Rain,Wet,34,115,Fatigue,Blinking,5,4,616202,High
2644,2024-09-21 00:00:00,Evening,Clear,Damaged,118,101,Fatigue,Working,5,3,8513,Medium
1949,2023-05-21 00:00:00,Afternoon,Fog,Dry,118,44,None,Working,5,1,885838,Medium
4398,2025-05-29 00:00:00,Morning,Clear,Dry,50,119,Phone,Not Working,2,3,7139,Medium
650,2023-09-09 00:00:00,Afternoon,Rain,Wet,88,60,Fatigue,Working,4,1,300229,Medium
2652,2023-02-06 00:00:00,Afternoon,Clear,Dry,63,108,None,Working,4,4,557957,Medium
2442,2023-01-24 00:00:00,Evening,Clear,Wet,40,28,Other,Not Working,1,8,773922,Medium
829,2023-12-17 00:00:00,Evening,Clear,Water-logged,101,31,None,Not Working,2,9,951821,Medium
1228,2025-03-27 00:00:00,Afternoon,Haze,Water-logged,27,100,Other,Working,2,7,373655,High
824,2025-03-16 00:00:00,Afternoon,Rain,Dry,63,36,Phone,Not Working,3,5,357406,Medium
2775,2025-10-16 00:00:00,Evening,Clear,Dry,66,67,Phone,Not Working,4,3,785229,Medium
1665,2025-08-19 00:00:00,Night,Fog,Wet,91,85,None,Working,4,5,672766,Medium
9,2023-07-20 00:00:00,Evening,Clear,Wet,52,99,None,Working,2,5,132281,Medium
1566,2023-12-03 00:00:00,Afternoon,Clear,Dry,69,106,None,Not Working,1,7,22341,Medium
1481,2023-11-07 00:00:00,Night,Rain,Wet,67,44,None,Not Working,1,3,79010,Medium
4473,2025-09-29 00:00:00,Morning,Fog,Dry,83,21,Other,Not Working,4,8,301989,Medium
4267,2025-01-04 00:00:00,Evening,Clear,Water-logged,34,94,Phone,Working,4,1,34817,Medium
3722,2025-01-18 00:00:00,Night,Rain,Wet,12,28,Other,Not Working,4,3,937568,Low
3291,2024-03-16 00:00:00,Morning,Haze,Dry,31,70,None,Working,2,2,973446,Medium
2330,2024-06-01 00:00:00,Morning,Rain,Dry,97,37,None,Working,3,8,156814,Medium
869,2024-04-04 00:00:00,Night,Fog,Dry,28,94,Fatigue,Not Working,1,2,578377,Medium
85,2024-03-04 00:00:00,Afternoon,Clear,Dry,112,97,None,Not Working,2,3,644432,Medium
900,2025-12-23 00:00:00,Morning,Clear,Dry,18,102,Phone,Blinking,1,2,887435,Medium
1546,2024-01-18 00:00:00,Afternoon,Clear,Dry,102,102,Phone,Working,4,4,84935,Medium
4907,2024-03-03 00:00:00,Night,Fog,Dry,109,56,Phone,Working,2,0,289300,Medium
1353,2025-01-28 00:00:00,Afternoon,Clear,Dry,33,20,Other,Not Working,5,4,728241,Low
2336,2025-12-17 00:00:00,Afternoon,Clear,Dry,80,79,Other,Working,3,0,621564,Medium
539,2023-12-27 00:00:00,Afternoon,Clear,Dry,11,116,Other,Working,5,1,196781,Medium
3086,2024-06-07 00:00:00,Evening,Rain,Dry,115,75,None,Working,3,8,757780,High
2039,2025-11-22 00:00:00,Morning,Clear,Dry,118,33,Phone,Working,4,3,829266,Medium
2535,2025-11-30 00:00:00,Evening,Fog,Dry,83,73,None,Not Working,1,4,678677,Medium
4382,2023-04-04 00:00:00,Morning,Clear,Dry,91,106,None,Working,4,8,153036,High
974,2025-11-16 00:00:00,Morning,Fog,Wet,86,103,Fatigue,Blinking,3,0,913177,Medium
3852,2023-03-28 00:00:00,Morning,Clear,Dry,75,36,Phone,Working,3,2,865365,Low
1715,2025-06-18 00:00:00,Morning,Fog,Dry,58,83,Phone,Working,5,7,573898,Medium
3349,2023-02-14 00:00:00,Afternoon,Clear,Dry,12,115,None,Working,5,7,120274,Medium
1475,2024-05-13 00:00:00,Afternoon,Rain,Wet,114,68,Fatigue,Not Working,2,0,418696,Medium
3416,2024-09-26 00:00:00,Evening,Clear,Dry,69,75,Fatigue,Not Working,3,0,883959,Medium
144,2025-09-27 00:00:00,Afternoon,Rain,Dry,114,118,Fatigue,Working,3,5,550958,High
2206,2024-07-20 00:00:00,Night,Clear,Dry,62,78,None,Working,3,9,974156,Medium
1219,2025-11-07 00:00:00,Evening,Clear,Dry,64,77,Phone,Working,2,7,428056,Medium
2682,2024-05-15 00:00:00,Night,Clear,Wet,51,64,None,Working,1,1,582042,Low
1879,2025-05-14 00:00:00,Afternoon,Rain,Wet,34,74,Fatigue,Working,3,5,30300,Medium
2629,2025-02-18 00:00:00,Afternoon,Haze,Dry,40,88,Fatigue,Working,1,6,639712,Medium
224,2025-11-14 00:00:00,Afternoon,Clear,Dry,44,109,None,Working,3,5,790008,Medium
1233,2024-11-22 00:00:00,Morning,Rain,Dry,28,53,Fatigue,Not Working,5,9,944885,Medium
2994,2025-06-15 00:00:00,Afternoon,Clear,Dry,69,104,Phone,Not Working,1,9,313740,High
1478,2024-07-28 00:00:00,Evening,Clear,Wet,19,79,Phone,Working,1,3,298225,Low
457,2025-04-29 00:00:00,Morning,Clear,Dry,34,57,None,Not Working,1,7,123957,Medium
1615,2023-03-12 00:00:00,Afternoon,Clear,Dry,105,56,Phone,Working,1,2,604309,Medium
406,2025-03-04 00:00:00,Night,Fog,Dry,114,107,None,Working,3,5,855152,High
2408,2025-04-09 00:00:00,Morning,Haze,Dry,77,87,None,Working,4,6,693708,High
4557,2023-06-05 00:00:00,Evening,Clear,Dry,79,111,None,Not Working,5,3,826999,Medium
4676,2025-10-11 00:00:00,Night,Rain,Dry,83,63,None,Working,5,8,628572,Medium
137,2023-02-28 00:00:00,Evening,Rain,Dry,23,111,None,Not Working,3,8,773611,Medium
4670,2023-11-27 00:00:00,Evening,Rain,Dry,49,79,Fatigue,Working,5,6,329108,Medium
4975,2024-06-02 00:00:00,Afternoon,Clear,Dry,100,56,None,Working,3,5,614285,Medium
4950,2024-09-27 00:00:00,Night,Clear,Dry,18,104,None,Working,5,3,493176,Medium
3677,2025-02-21 00:00:00,Morning,Clear,Dry,44,82,None,Working,3,2,12985,Low
1572,2023-03-30 00:00:00,Morning,Clear,Dry,27,107,Phone,Working,2,9,797381,High
3580,2023-05-21 00:00:00,Afternoon,Clear,Wet,57,76,None,Not Working,4,7,494897,Medium
4277,2024-08-18 00:00:00,Afternoon,Clear,Dry,93,96,None,Blinking,4,5,992122,Medium
659,2023-08-22 00:00:00,Evening,Haze,Dry,13,85,Other,Working,3,2,179541,Medium
4141,2024-06-23 00:00:00,Afternoon,Clear,Dry,117,26,Phone,Working,1,8,470739,Medium
1950,2024-03-10 00:00:00,Afternoon,Clear,Wet,90,64,Other,Working,1,8,57009,Medium
2688,2023-02-18 00:00:00,Afternoon,Clear,Dry,103,20,None,Working,5,4,927351,Medium
1416,2024-04-20 00:00:00,Night,Clear,Dry,97,85,None,Working,5,5,502833,Medium
4018,2025-07-27 00:00:00,Night,Fog,Dry,27,81,Phone,Not Working,3,0,442945,Medium
4755,2024-09-23 00:00:00,Night,Clear,Dry,63,75,None,Working,1,7,474714,Medium
1686,2024-10-03 00:00:00,Night,Clear,Dry,106,107,None,Working,4,8,382192,High
2883,2025-09-03 00:00:00,Morning,Clear,Dry,108,83,None,Working,1,9,764334,Medium
2496,2024-05-24 00:00:00,Afternoon,Clear,Damaged,83,53,None,Working,2,9,851926,Medium
956,2025-03-18 00:00:00,Afternoon,Rain,Water-logged,64,88,None,Working,2,7,958297,Medium
4684,2024-02-05 00:00:00,Afternoon,Fog,Dry,112,35,Fatigue,Working,3,3,756821,Medium
3094,2025-09-04 00:00:00,Night,Haze,Dry,26,96,Fatigue,Working,5,2,103041,Medium
4658,2025-03-04 00:00:00,Evening,Clear,Wet,12,84,Fatigue,Not Working,4,7,982311,Medium
4856,2024-10-03 00:00:00,Morning,Clear,Water-logged,95,36,None,Working,2,3,33742,Medium
2479,2025-04-17 00:00:00,Morning,Fog,Dry,55,50,None,Working,1,7,206541,Medium
4415,2023-01-24 00:00:00,Afternoon,Clear,Wet,69,79,None,Working,2,9,336398,Medium
985,2024-07-24 00:00:00,Evening,Clear,Dry,19,69,Fatigue,Not Working,5,1,427183,Low
2227,2025-06-27 00:00:00,Afternoon,Fog,Dry,103,33,Phone,Working,5,3,53793,Medium
2575,2025-03-14 00:00:00,Morning,Clear,Dry,60,81,Other,Working,1,4,129457,Medium
1443,2025-06-05 00:00:00,Evening,Rain,Dry,45,30,None,Not Working,5,8,991544,Medium
3322,2024-12-12 00:00:00,Morning,Rain,Dry,45,116,Phone,Working,2,6,668242,High
1914,2024-12-05 00:00:00,Afternoon,Clear,Water-logged,118,110,Phone,Working,2,6,386967,High
3338,2025-01-21 00:00:00,Evening,Clear,Dry,44,118,None,Not Working,5,4,652860,Medium
4419,2023-01-14 00:00:00,Afternoon,Clear,Damaged,52,111,None,Working,2,8,994249,Medium
2661,2023-02-15 00:00:00,Afternoon,Clear,Dry,50,34,None,Working,4,6,24651,Medium
1451,2024-07-30 00:00:00,Afternoon,Fog,Dry,109,88,Phone,Working,1,8,804487,High
1882,2025-07-16 00:00:00,Night,Clear,Dry,51,86,None,Working,1,8,850543,Medium
1189,2023-06-27 00:00:00,Afternoon,Clear,Dry,68,95,None,Working,4,0,391736,Low
2891,2023-02-25 00:00:00,Afternoon,Clear,Wet,52,47,None,Not Working,3,5,795528,Low
89,2025-04-19 00:00:00,Night,Rain,Wet,29,44,None,Not Working,1,3,703902,Low
3968,2025-02-11 00:00:00,Morning,Rain,Water-logged,81,91,Fatigue,Working,2,7,705489,High
1496,2025-07-19 00:00:00,Evening,Clear,Dry,86,65,None,Working,5,5,534324,Medium
253,2025-08-25 00:00:00,Night,Rain,Dry,57,103,Fatigue,Working,4,7,535391,High
4452,2025-10-13 00:00:00,Evening,Rain,Dry,14,60,Phone,Working,5,1,172732,Low
2711,2024-08-19 00:00:00,Evening,Clear,Dry,115,31,None,Working,1,7,65928,Medium
4342,2023-06-24 00:00:00,Morning,Clear,Dry,12,44,None,Working,4,0,670347,Low
2305,2023-05-11 00:00:00,Night,Clear,Water-logged,119,28,None,Working,4,5,640218,Medium
2827,2025-12-02 00:00:00,Evening,Haze,Wet,109,49,Fatigue,Working,3,4,245600,Medium
3365,2025-06-17 00:00:00,Night,Clear,Dry,116,111,Fatigue,Not Working,2,7,305024,High
3822,2025-12-07 00:00:00,Afternoon,Haze,Dry,10,64,Phone,Working,1,1,625141,Medium
1434,2024-07-06 00:00:00,Evening,Clear,Dry,34,29,Fatigue,Not Working,2,2,674709,Medium
1237,2023-02-15 00:00:00,Night,Rain,Dry,78,25,Phone,Blinking,2,3,278908,Medium
733,2025-03-30 00:00:00,Evening,Rain,Wet,59,45,None,Not Working,5,1,816048,Medium
1272,2023-01-02 00:00:00,Night,Haze,Dry,35,77,Fatigue,Not Working,2,3,145254,Medium
2435,2025-05-06 00:00:00,Night,Clear,Dry,55,66,Phone,Working,2,1,976775,Low
3967,2023-10-10 00:00:00,Afternoon,Rain,Damaged,103,32,None,Not Working,2,0,129939,Medium
4073,2024-08-12 00:00:00,Evening,Clear,Dry,108,52,Phone,Working,3,2,530839,Medium
1179,2024-05-08 00:00:00,Evening,Clear,Wet,48,50,Fatigue,Blinking,4,0,904022,Low
263,2023-11-09 00:00:00,Morning,Rain,Wet,104,86,None,Not Working,1,8,853699,High
2040,2023-06-06 00:00:00,Afternoon,Rain,Dry,36,29,None,Blinking,2,5,980074,Medium
1386,2025-12-11 00:00:00,Afternoon,Rain,Dry,67,58,Fatigue,Working,3,0,601711,Medium
130,2024-02-17 00:00:00,Evening,Fog,Wet,62,83,Phone,Working,5,3,856413,Medium
4570,2025-12-03 00:00:00,Night,Fog,Dry,67,92,None,Blinking,5,0,253418,Medium
2662,2025-01-26 00:00:00,Night,Rain,Wet,44,97,Fatigue,Working,1,2,529854,Medium
164,2024-05-05 00:00:00,Evening,Clear,Dry,44,88,None,Working,5,7,216455,Medium
1182,2024-03-10 00:00:00,Afternoon,Clear,Water-logged,34,93,Fatigue,Not Working,3,0,472798,Low
2072,2023-02-08 00:00:00,Evening,Clear,Dry,56,82,Phone,Working,1,7,663550,Medium
635,2023-01-09 00:00:00,Morning,Clear,Dry,90,87,None,Working,1,7,341403,Medium
1336,2024-01-23 00:00:00,Evening,Rain,Dry,95,114,None,Blinking,5,1,7632,Medium
344,2025-08-09 00:00:00,Afternoon,Clear,Wet,81,59,Fatigue,Working,1,7,170674,Medium
4288,2025-12-06 00:00:00,Evening,Fog,Water-logged,79,38,None,Working,5,7,247773,Medium
1392,2025-04-15 00:00:00,Morning,Clear,Dry,11,97,Other,Blinking,1,4,600201,Medium
3375,2025-02-28 00:00:00,Night,Rain,Dry,107,64,None,Working,5,2,975506,Medium
3050,2025-09-24 00:00:00,Afternoon,Clear,Dry,43,33,Phone,Working,3,4,106374,Low
3927,2023-09-01 00:00:00,Evening,Rain,Dry,12,24,Other,Working,4,3,728630,Medium
810,2024-01-27 00:00:00,Morning,Clear,Dry,25,43,Phone,Working,4,5,805851,Low
1184,2024-06-24 00:00:00,Night,Haze,Dry,75,65,None,Working,5,3,212048,Medium
2173,2025-02-12 00:00:00,Morning,Clear,Dry,54,50,Phone,Working,5,0,150432,Low
1695,2025-01-02 00:00:00,Afternoon,Rain,Dry,25,62,Fatigue,Not Working,4,3,147625,Medium
1798,2025-08-24 00:00:00,Morning,Clear,Dry,43,71,None,Working,1,5,420938,Medium
4762,2023-04-18 00:00:00,Night,Clear,Water-logged,59,63,Phone,Working,1,3,712977,Medium
1515,2023-08-20 00:00:00,Morning,Clear,Wet,115,52,Other,Working,2,1,123026,Medium
2046,2025-12-27 00:00:00,Evening,Clear,Dry,81,29,Phone,Working,5,6,278654,Medium
3265,2024-05-29 00:00:00,Evening,Fog,Dry,106,55,None,Working,2,0,648374,Medium
3005,2024-06-13 00:00:00,Evening,Rain,Dry,18,85,None,Working,3,3,197357,Medium
4484,2023-07-08 00:00:00,Evening,Fog,Dry,81,97,Other,Working,5,5,21015,High
36,2025-01-05 00:00:00,Night,Clear,Dry,65,64,None,Not Working,4,0,636766,Low
1362,2025-01-16 00:00:00,Morning,Clear,Dry,57,66,None,Working,4,7,682483,Medium
4085,2025-10-29 00:00:00,Morning,Clear,Dry,15,32,Other,Working,2,0,865664,Low
925,2023-10-29 00:00:00,Afternoon,Clear,Wet,84,71,Phone,Working,4,0,281255,Low
2212,2025-06-16 00:00:00,Night,Clear,Dry,43,52,Phone,Working,5,2,925662,Low
4906,2023-06-02 00:00:00,Morning,Clear,Wet,117,61,None,Working,3,7,667033,Medium
169,2024-12-24 00:00:00,Morning,Clear,Dry,97,30,None,Working,4,6,121539,Medium
153,2025-07-25 00:00:00,Morning,Haze,Dry,27,107,Other,Working,1,4,862877,Medium
4689,2023-10-29 00:00:00,Evening,Clear,Damaged,97,90,None,Not Working,1,8,369491,High
2532,2025-04-23 00:00:00,Night,Clear,Wet,26,26,None,Not Working,5,1,88408,Low
2167,2025-04-04 00:00:00,Evening,Fog,Water-logged,95,99,Fatigue,Working,2,4,323458,High
364,2025-06-25 00:00:00,Evening,Rain,Water-logged,20,50,None,Not Working,4,6,917555,Medium
888,2024-12-12 00:00:00,Morning,Haze,Dry,18,42,None,Working,2,4,895973,Medium
949,2024-08-24 00:00:00,Night,Rain,Dry,31,32,None,Working,5,9,479971,Medium
1915,2023-02-17 00:00:00,Afternoon,Clear,Water-logged,36,50,None,Not Working,5,6,715885,Low
1724,2025-01-19 00:00:00,Morning,Clear,Dry,15,32,Fatigue,Working,3,3,717959,Low
4432,2025-05-23 00:00:00,Evening,Clear,Water-logged,57,69,Phone,Working,3,3,372393,Medium
572,2023-02-20 00:00:00,Evening,Clear,Wet,72,58,Fatigue,Not Working,3,0,805494,Low
1549,2023-04-22 00:00:00,Morning,Clear,Dry,72,116,None,Working,1,2,914057,Medium
1137,2024-03-03 00:00:00,Night,Clear,Dry,74,90,Phone,Blinking,4,9,897692,Medium
2970,2024-03-25 00:00:00,Afternoon,Fog,Dry,38,100,None,Working,5,9,262974,High
4095,2025-07-09 00:00:00,Afternoon,Clear,Wet,106,97,None,Working,5,1,24088,Medium
3862,2024-05-09 00:00:00,Evening,Fog,Dry,88,105,None,Working,2,4,169900,High
3706,2025-07-23 00:00:00,Night,Clear,Dry,114,111,None,Not Working,2,6,941945,Medium
4784,2025-09-05 00:00:00,Afternoon,Haze,Dry,79,109,Other,Working,3,1,134677,High
972,2024-12-04 00:00:00,Night,Clear,Water-logged,16,68,Fatigue,Working,2,2,565079,Low
3234,2023-12-30 00:00:00,Morning,Rain,Dry,73,116,Fatigue,Working,2,0,481129,Medium
3672,2023-07-29 00:00:00,Morning,Clear,Dry,115,115,Phone,Working,2,5,107460,High
4113,2023-08-12 00:00:00,Morning,Clear,Dry,99,69,None,Working,3,0,46725,Low
4816,2025-02-26 00:00:00,Night,Rain,Dry,94,57,None,Working,5,3,574909,Medium
2534,2024-08-19 00:00:00,Morning,Clear,Dry,33,59,None,Working,1,3,987961,Low
1055,2025-02-01 00:00:00,Night,Fog,Damaged,65,38,None,Working,5,2,194508,Medium
2504,2023-11-06 00:00:00,Night,Clear,Wet,93,101,None,Working,1,7,234275,Medium
3406,2025-06-05 00:00:00,Night,Clear,Dry,39,40,None,Not Working,2,1,824080,Low
4059,2024-02-10 00:00:00,Night,Clear,Dry,98,90,Fatigue,Blinking,3,9,414581,High
2765,2023-06-10 00:00:00,Morning,Rain,Wet,36,90,Fatigue,Working,4,4,800608,Medium
361,2024-04-30 00:00:00,Afternoon,Rain,Water-logged,98,89,None,Blinking,1,7,316302,High
86,2024-12-16 00:00:00,Afternoon,Clear,Wet,75,91,None,Not Working,3,9,684031,High
1690,2025-05-01 00:00:00,Evening,Clear,Wet,95,98,None,Not Working,4,6,192329,Medium
2409,2023-04-22 00:00:00,Night,Clear,Damaged,21,54,Phone,Working,1,2,949121,Low
3493,2025-04-15 00:00:00,Night,Clear,Dry,12,30,None,Working,4,0,390175,Low
2424,2023-11-02 00:00:00,Afternoon,Clear,Dry,38,24,None,Not Working,1,9,864015,Medium
112,2024-11-21 00:00:00,Morning,Fog,Dry,97,116,Other,Working,4,6,894106,High
4180,2025-06-23 00:00:00,Afternoon,Clear,Dry,85,60,Phone,Working,1,9,865174,Medium
3504,2024-06-14 00:00:00,Morning,Haze,Dry,13,61,Phone,Working,2,8,740018,Medium
4552,2023-06-03 00:00:00,Morning,Haze,Dry,29,103,None,Working,1,8,172098,Medium
1168,2024-05-08 00:00:00,Evening,Haze,Dry,68,57,Other,Working,5,8,573372,High
215,2024-02-23 00:00:00,Evening,Clear,Water-logged,111,102,None,Working,4,6,8740,Medium
1520,2024-12-29 00:00:00,Night,Clear,Water-logged,87,51,Phone,Working,2,7,195614,Medium
2360,2024-11-26 00:00:00,Morning,Fog,Dry,69,77,Phone,Working,1,1,397370,Medium
4067,2025-09-30 00:00:00,Morning,Clear,Damaged,21,92,None,Working,5,1,449259,Medium
4852,2025-10-26 00:00:00,Afternoon,Haze,Wet,16,107,Fatigue,Working,4,3,196722,Medium
1683,2023-02-19 00:00:00,Evening,Fog,Dry,110,98,Other,Working,4,7,774617,High
4223,2023-07-04 00:00:00,Night,Clear,Dry,72,98,None,Working,4,8,55636,High
2573,2024-11-23 00:00:00,Afternoon,Clear,Dry,99,35,None,Working,3,5,913407,Low
2723,2024-02-05 00:00:00,Evening,Clear,Water-logged,70,22,Other,Working,3,5,133272,Medium
3024,2024-04-05 00:00:00,Afternoon,Clear,Wet,96,25,None,Not Working,4,6,223362,Medium
2384,2023-03-17 00:00:00,Afternoon,Rain,Dry,70,80,Fatigue,Blinking,3,4,766322,Medium
2850,2024-09-06 00:00:00,Afternoon,Clear,Dry,101,42,Phone,Not Working,4,6,544718,Medium
230,2023-03-09 00:00:00,Evening,Rain,Dry,64,55,Phone,Not Working,1,7,714920,Medium
3214,2025-05-15 00:00:00,Evening,Rain,Water-logged,108,39,Phone,Working,2,4,267210,Medium
1163,2024-02-17 00:00:00,Afternoon,Clear,Wet,89,106,None,Working,5,3,919181,Medium
671,2024-12-19 00:00:00,Morning,Fog,Water-logged,85,72,Phone,Not Working,4,2,165835,Medium
2280,2025-04-02 00:00:00,Morning,Rain,Dry,73,79,None,Working,3,9,379586,High
3205,2024-12-22 00:00:00,Evening,Rain,Dry,96,45,None,Working,2,1,193124,Medium
716,2024-04-18 00:00:00,Night,Clear,Dry,30,68,None,Blinking,2,5,374525,Low
55,2024-03-23 00:00:00,Evening,Clear,Dry,78,39,None,Working,4,8,303356,Medium
3554,2024-05-08 00:00:00,Evening,Clear,Dry,63,27,Phone,Working,2,0,421815,Low
2930,2024-10-05 00:00:00,Afternoon,Clear,Wet,20,34,None,Working,3,6,280677,Medium
763,2025-12-16 00:00:00,Morning,Haze,Wet,89,61,None,Not Working,1,3,146987,Medium
4933,2025-02-10 00:00:00,Night,Clear,Dry,86,103,None,Working,5,1,363219,Medium
3824,2024-03-19 00:00:00,Afternoon,Clear,Dry,30,62,Phone,Working,2,5,779954,Medium
692,2024-06-26 00:00:00,Afternoon,Clear,Dry,54,117,Phone,Blinking,4,9,263291,Medium
2828,2025-06-28 00:00:00,Morning,Clear,Dry,45,66,None,Not Working,5,6,889847,Medium
4014,2024-11-30 00:00:00,Morning,Clear,Wet,10,83,None,Working,2,7,437593,Medium
3342,2024-02-02 00:00:00,Evening,Rain,Dry,107,106,None,Working,5,9,21483,High
1623,2024-03-10 00:00:00,Evening,Clear,Dry,105,70,None,Working,3,5,145258,Medium
275,2023-10-16 00:00:00,Evening,Clear,Water-logged,26,59,Fatigue,Not Working,5,2,827424,Low
1216,2025-12-27 00:00:00,Morning,Fog,Dry,27,115,None,Not Working,1,9,24126,High
748,2025-10-26 00:00:00,Evening,Haze,Water-logged,58,28,Phone,Working,1,9,290191,Medium
730,2025-02-11 00:00:00,Morning,Haze,Wet,27,102,Phone,Working,5,5,320367,Medium
40,2023-11-24 00:00:00,Afternoon,Haze,Dry,107,40,None,Working,2,8,517637,Medium
2969,2024-03-08 00:00:00,Night,Clear,Wet,55,49,None,Working,2,3,425226,Medium
3647,2023-10-18 00:00:00,Afternoon,Clear,Wet,40,78,None,Working,5,4,520494,Low
1382,2024-01-05 00:00:00,Afternoon,Clear,Wet,11,114,Fatigue,Working,2,9,569394,Medium
1787,2023-09-30 00:00:00,Evening,Haze,Water-logged,15,77,None,Working,2,1,512366,Medium
3666,2025-08-05 00:00:00,Afternoon,Rain,Water-logged,91,31,Phone,Working,4,9,52971,High
2709,2023-11-16 00:00:00,Morning,Clear,Dry,69,21,Other,Not Working,3,0,216190,Low
3117,2025-07-09 00:00:00,Evening,Rain,Dry,73,55,Fatigue,Working,5,5,575775,Medium
4838,2024-05-09 00:00:00,Afternoon,Clear,Wet,92,29,Phone,Not Working,3,1,148458,Low
3452,2023-02-08 00:00:00,Evening,Clear,Dry,111,35,Fatigue,Not Working,2,2,852212,Medium
458,2025-01-17 00:00:00,Afternoon,Clear,Dry,39,116,None,Working,3,9,740107,High
205,2025-03-07 00:00:00,Evening,Haze,Dry,69,26,Fatigue,Working,5,6,47970,Medium
2563,2023-06-06 00:00:00,Morning,Clear,Wet,97,94,Phone,Working,3,4,602870,Medium
146,2025-03-10 00:00:00,Morning,Fog,Wet,50,99,None,Blinking,1,6,796387,Medium
316,2025-03-08 00:00:00,Evening,Clear,Dry,54,99,None,Working,1,6,837031,Medium
414,2024-11-27 00:00:00,Evening,Clear,Dry,15,107,None,Working,4,8,729425,Medium
2990,2023-02-21 00:00:00,Night,Fog,Dry,45,54,Phone,Blinking,4,7,372754,Medium
4551,2023-11-30 00:00:00,Night,Clear,Dry,51,93,Phone,Working,4,2,295495,Medium
1871,2023-09-17 00:00:00,Night,Clear,Damaged,57,97,None,Working,2,5,347423,Medium
1968,2025-11-13 00:00:00,Afternoon,Clear,Dry,118,81,None,Not Working,5,9,394484,Medium
853,2024-10-18 00:00:00,Morning,Fog,Wet,104,99,Other,Working,1,4,664079,High
4172,2023-06-16 00:00:00,Night,Fog,Dry,51,84,None,Working,3,0,235973,Medium
3701,2025-04-15 00:00:00,Evening,Haze,Water-logged,112,57,None,Working,3,5,163593,Medium
1645,2024-10-20 00:00:00,Morning,Clear,Dry,108,90,Other,Working,1,7,170910,High
1209,2024-10-18 00:00:00,Afternoon,Clear,Dry,97,47,None,Working,3,9,185317,Medium
2734,2024-02-20 00:00:00,Night,Fog,Dry,20,118,Other,Working,4,2,603217,Medium
1361,2024-02-23 00:00:00,Night,Clear,Wet,23,106,Other,Working,2,1,687656,Low
3140,2023-07-16 00:00:00,Morning,Clear,Dry,12,37,Phone,Working,2,3,420500,Low
4900,2023-01-19 00:00:00,Night,Clear,Dry,77,61,None,Working,1,1,704338,Low
126,2024-12-09 00:00:00,Afternoon,Rain,Wet,80,26,Phone,Not Working,4,6,434275,Medium
1812,2025-04-26 00:00:00,Evening,Clear,Water-logged,112,24,None,Not Working,5,2,278814,Low
800,2025-11-18 00:00:00,Night,Clear,Dry,29,117,None,Working,1,1,635845,Medium
467,2023-11-25 00:00:00,Afternoon,Rain,Dry,29,99,None,Working,1,8,261078,Medium
3791,2023-09-09 00:00:00,Morning,Fog,Dry,101,79,Phone,Working,2,4,781521,High
1061,2024-01-26 00:00:00,Night,Clear,Wet,98,107,None,Working,4,7,863474,Medium
3645,2024-10-01 00:00:00,Evening,Clear,Wet,26,42,None,Working,3,6,319720,Low
1081,2024-09-13 00:00:00,Evening,Clear,Damaged,66,111,None,Blinking,4,3,512047,Medium
1083,2025-11-30 00:00:00,Afternoon,Clear,Dry,101,105,Phone,Not Working,5,5,635381,High
2515,2025-11-11 00:00:00,Evening,Rain,Wet,15,48,Fatigue,Working,1,9,949835,Medium
3772,2024-08-30 00:00:00,Night,Clear,Wet,15,34,Phone,Working,4,7,330383,Low
4961,2024-07-11 00:00:00,Evening,Rain,Dry,73,110,None,Not Working,3,9,892093,High
502,2023-07-20 00:00:00,Evening,Clear,Dry,82,100,None,Working,1,2,738055,Medium
564,2023-01-12 00:00:00,Morning,Clear,Dry,92,95,None,Working,4,5,579718,Medium
290,2025-07-05 00:00:00,Evening,Rain,Dry,108,33,Phone,Working,1,2,856155,Medium
2770,2024-10-30 00:00:00,Evening,Rain,Dry,45,43,None,Working,2,7,819380,Medium
4098,2025-06-06 00:00:00,Morning,Clear,Damaged,51,82,Phone,Not Working,5,2,681062,Low
827,2024-01-12 00:00:00,Afternoon,Rain,Dry,61,49,Phone,Working,1,2,577864,Medium
4239,2023-02-22 00:00:00,Evening,Clear,Dry,90,32,None,Working,4,4,300989,Low
2677,2024-06-26 00:00:00,Afternoon,Rain,Dry,51,30,Phone,Working,1,7,591412,Medium
3702,2025-02-25 00:00:00,Evening,Fog,Wet,110,40,None,Blinking,4,1,782178,Medium
901,2025-04-16 00:00:00,Morning,Rain,Dry,114,72,Other,Not Working,1,4,346221,High
3949,2025-02-02 00:00:00,Morning,Clear,Dry,51,59,None,Not Working,1,4,367635,Medium
219,2024-05-06 00:00:00,Evening,Clear,Dry,119,74,Phone,Working,4,0,210459,Medium
3016,2024-06-18 00:00:00,Afternoon,Rain,Wet,118,114,Phone,Working,1,6,749719,High
1847,2024-10-16 00:00:00,Morning,Clear,Water-logged,21,25,None,Working,3,2,371808,Low
283,2025-12-21 00:00:00,Afternoon,Clear,Water-logged,17,119,None,Working,3,1,822412,Low
1813,2023-05-19 00:00:00,Afternoon,Clear,Dry,43,65,Phone,Working,4,1,112036,Low
3560,2023-08-19 00:00:00,Afternoon,Fog,Dry,41,80,Phone,Working,1,6,251470,High
2959,2025-04-15 00:00:00,Afternoon,Clear,Dry,28,118,Phone,Working,2,5,922671,Medium
481,2024-06-10 00:00:00,Evening,Fog,Dry,64,116,Phone,Not Working,5,8,291796,High
4555,2023-10-17 00:00:00,Afternoon,Rain,Dry,86,118,None,Working,5,4,372881,High
4034,2025-11-21 00:00:00,Night,Fog,Dry,113,58,None,Not Working,3,1,136124,Medium
3740,2023-06-25 00:00:00,Evening,Rain,Water-logged,36,62,Fatigue,Working,4,1,794025,Medium
862,2025-04-19 00:00:00,Afternoon,Clear,Dry,62,91,Other,Working,3,0,704299,Medium
4595,2024-02-18 00:00:00,Afternoon,Clear,Dry,100,119,None,Blinking,1,6,250444,High
1897,2023-07-19 00:00:00,Evening,Fog,Dry,27,37,Phone,Working,5,4,168997,Low
435,2024-05-08 00:00:00,Morning,Rain,Water-logged,55,97,None,Not Working,5,2,500356,Medium
1226,2023-02-02 00:00:00,Evening,Rain,Dry,57,67,None,Blinking,1,8,478981,Medium
3782,2023-10-18 00:00:00,Afternoon,Fog,Dry,11,49,Other,Not Working,4,5,22841,Medium
1768,2025-08-30 00:00:00,Afternoon,Clear,Dry,70,37,Phone,Not Working,5,6,573360,Medium
2929,2025-04-26 00:00:00,Evening,Rain,Wet,29,40,Phone,Working,2,7,184973,Medium
3792,2023-07-30 00:00:00,Morning,Clear,Dry,44,86,None,Working,1,2,499806,Medium
4001,2025-08-29 00:00:00,Evening,Haze,Dry,83,114,Phone,Working,5,0,483981,Medium
2192,2024-08-10 00:00:00,Night,Clear,Dry,92,112,None,Working,2,3,27720,Medium
2374,2025-01-03 00:00:00,Afternoon,Rain,Dry,44,53,None,Working,4,8,539368,Medium
4155,2024-03-08 00:00:00,Afternoon,Clear,Wet,94,42,None,Working,3,0,311579,Low
4479,2025-04-19 00:00:00,Evening,Clear,Dry,27,115,Other,Working,5,6,392531,Medium
1318,2024-10-08 00:00:00,Evening,Rain,Dry,114,49,None,Working,2,1,196113,Medium
4844,2024-03-14 00:00:00,Morning,Rain,Dry,113,83,Phone,Working,4,8,559198,High
3389,2023-08-11 00:00:00,Morning,Rain,Wet,109,26,Fatigue,Working,3,2,980408,Medium
3678,2023-02-13 00:00:00,Afternoon,Rain,Water-logged,76,49,None,Working,3,1,668667,Medium
1749,2025-10-31 00:00:00,Evening,Haze,Dry,40,54,Fatigue,Not Working,3,4,217936,Medium
42,2025-11-16 00:00:00,Afternoon,Rain,Dry,91,73,Other,Working,3,4,210956,Medium
859,2023-10-08 00:00:00,Evening,Clear,Wet,17,78,Other,Working,3,7,91300,Medium
2087,2023-11-10 00:00:00,Morning,Rain,Wet,10,93,None,Working,4,5,485603,Medium
4917,2024-01-17 00:00:00,Afternoon,Clear,Wet,21,58,None,Blinking,4,7,893182,Low
2095,2024-05-14 00:00:00,Afternoon,Clear,Wet,75,102,None,Working,5,1,29384,Medium
1733,2023-12-29 00:00:00,Evening,Haze,Dry,103,67,None,Working,5,0,448955,Medium
357,2023-02-01 00:00:00,Morning,Clear,Wet,82,37,Phone,Working,4,0,948368,Low
1138,2024-04-18 00:00:00,Afternoon,Haze,Water-logged,17,42,Fatigue,Working,2,2,141627,Low
3783,2025-03-08 00:00:00,Morning,Clear,Dry,60,54,Phone,Working,5,2,606286,Low
4823,2023-05-15 00:00:00,Afternoon,Rain,Dry,30,61,Other,Not Working,4,7,200521,Medium
2001,2023-09-25 00:00:00,Afternoon,Clear,Wet,35,116,Fatigue,Working,3,5,742818,Medium
1857,2025-03-31 00:00:00,Evening,Rain,Dry,50,99,Fatigue,Working,5,4,914931,Medium
4903,2025-07-10 00:00:00,Morning,Clear,Dry,90,59,None,Working,5,6,970045,Medium
3767,2024-08-07 00:00:00,Evening,Rain,Dry,106,43,None,Working,2,5,954072,Medium
4362,2024-02-17 00:00:00,Evening,Fog,Wet,43,119,Fatigue,Working,3,8,567049,High
2149,2024-08-09 00:00:00,Afternoon,Clear,Dry,79,115,Fatigue,Working,4,8,61968,High
3689,2025-04-05 00:00:00,Morning,Clear,Dry,16,108,None,Not Working,1,2,249966,Low
3118,2023-05-10 00:00:00,Morning,Clear,Dry,39,102,None,Working,1,4,503831,Medium
2108,2025-02-06 00:00:00,Night,Clear,Dry,66,89,None,Working,5,6,310833,Medium
1800,2023-07-24 00:00:00,Morning,Clear,Dry,97,56,None,Working,2,3,324207,Medium
4330,2024-06-07 00:00:00,Night,Fog,Dry,25,94,None,Working,4,5,972436,Medium
2537,2023-03-30 00:00:00,Evening,Rain,Wet,76,116,None,Working,3,2,698855,Medium
591,2023-12-05 00:00:00,Morning,Clear,Wet,64,114,Fatigue,Working,4,6,335527,Medium
828,2023-07-31 00:00:00,Afternoon,Clear,Water-logged,79,24,Fatigue,Working,5,4,509229,Medium
2522,2023-03-09 00:00:00,Morning,Clear,Wet,106,78,None,Not Working,2,9,673585,Medium
4657,2023-11-15 00:00:00,Night,Haze,Wet,38,82,None,Working,2,6,28929,Medium
1729,2024-06-25 00:00:00,Night,Haze,Dry,18,91,Phone,Not Working,4,2,744058,Medium
1193,2025-06-23 00:00:00,Afternoon,Rain,Dry,79,22,Fatigue,Working,1,0,388572,Low
3257,2024-12-28 00:00:00,Evening,Clear,Dry,108,63,None,Blinking,3,0,766088,Medium
3657,2025-06-16 00:00:00,Afternoon,Clear,Dry,25,46,None,Working,4,1,221706,Low
2749,2025-09-01 00:00:00,Night,Clear,Dry,107,88,Other,Not Working,1,6,598195,High
1075,2023-07-12 00:00:00,Night,Clear,Dry,100,117,None,Working,1,4,993832,Medium
4693,2024-09-08 00:00:00,Afternoon,Clear,Wet,67,65,Fatigue,Not Working,1,3,87172,Medium
4779,2025-04-22 00:00:00,Morning,Clear,Dry,69,66,Phone,Working,4,9,479989,Medium
4543,2024-11-14 00:00:00,Morning,Clear,Dry,83,87,None,Working,4,9,59450,Medium
547,2025-08-08 00:00:00,Morning,Clear,Damaged,115,32,None,Not Working,4,2,297003,Low
767,2024-11-14 00:00:00,Evening,Clear,Dry,55,22,None,Not Working,3,3,897423,Low
4512,2025-12-19 00:00:00,Afternoon,Clear,Wet,35,24,None,Working,4,2,433781,Low
4150,2025-03-16 00:00:00,Evening,Clear,Dry,87,31,Phone,Working,5,1,175164,Low
2739,2024-01-02 00:00:00,Night,Rain,Water-logged,66,112,None,Working,4,8,132000,High
4300,2025-06-06 00:00:00,Evening,Clear,Wet,12,92,None,Working,5,2,778465,Medium
4050,2023-08-13 00:00:00,Morning,Clear,Dry,117,104,Phone,Working,2,2,764942,Medium
1420,2025-02-21 00:00:00,Night,Clear,Dry,89,36,Phone,Working,4,6,196576,Medium
4080,2023-11-05 00:00:00,Morning,Clear,Dry,46,73,Phone,Working,4,9,425226,Medium
4486,2024-01-11 00:00:00,Evening,Rain,Dry,91,109,Phone,Working,2,2,725064,Medium
2592,2024-06-06 00:00:00,Night,Fog,Wet,48,37,Fatigue,Blinking,3,1,652195,Low
4441,2024-01-17 00:00:00,Night,Clear,Dry,35,42,Other,Blinking,5,6,356160,Medium
4891,2024-12-14 00:00:00,Afternoon,Rain,Wet,14,21,Phone,Working,3,2,232871,Low
1459,2023-03-18 00:00:00,Morning,Clear,Water-logged,46,105,Fatigue,Working,3,6,83133,Medium
3004,2024-08-09 00:00:00,Evening,Haze,Dry,31,23,Phone,Working,3,6,856188,Medium
3842,2025-09-28 00:00:00,Morning,Fog,Dry,71,82,None,Blinking,4,1,270008,Medium
3687,2023-06-06 00:00:00,Night,Clear,Dry,111,66,None,Working,1,2,589875,Medium
3198,2023-01-24 00:00:00,Night,Clear,Dry,57,80,Phone,Working,1,3,100987,Medium
1939,2025-12-05 00:00:00,Afternoon,Clear,Dry,115,102,None,Working,5,7,480556,High
206,2025-09-19 00:00:00,Morning,Clear,Dry,63,100,Other,Blinking,2,7,396340,Medium
3506,2024-11-22 00:00:00,Evening,Rain,Water-logged,109,60,Phone,Working,3,3,24939,Medium
2038,2024-08-10 00:00:00,Morning,Clear,Water-logged,75,102,Fatigue,Not Working,2,5,150611,Medium
416,2024-03-20 00:00:00,Afternoon,Clear,Wet,88,88,None,Working,2,5,591718,Medium
3031,2024-12-26 00:00:00,Morning,Clear,Dry,84,52,Phone,Working,4,8,441314,Medium
148,2024-06-30 00:00:00,Evening,Fog,Dry,17,28,None,Working,4,3,673682,Medium
505,2024-09-14 00:00:00,Evening,Clear,Wet,30,119,Other,Working,3,5,606243,Medium
3489,2025-10-25 00:00:00,Morning,Clear,Dry,61,26,Phone,Working,4,2,127847,Low
4653,2024-09-30 00:00:00,Afternoon,Clear,Dry,12,75,None,Working,5,7,410635,Medium
4416,2025-05-31 00:00:00,Afternoon,Clear,Wet,118,96,None,Not Working,4,3,221974,Medium
4159,2024-07-17 00:00:00,Night,Rain,Water-logged,26,71,None,Working,5,8,196427,Medium
3925,2024-06-28 00:00:00,Night,Clear,Dry,70,31,Phone,Working,3,2,737477,Low
3054,2023-10-31 00:00:00,Afternoon,Rain,Dry,60,78,Other,Blinking,1,3,120156,Medium
1639,2025-01-30 00:00:00,Night,Clear,Dry,107,56,None,Working,3,1,109665,Low
1927,2023-04-11 00:00:00,Evening,Clear,Dry,74,33,None,Working,2,0,716084,Low
3040,2024-01-04 00:00:00,Evening,Haze,Wet,79,113,Phone,Working,2,4,886384,Medium
1221,2024-03-02 00:00:00,Night,Rain,Dry,30,21,Phone,Not Working,1,9,969247,Medium
4967,2025-10-01 00:00:00,Night,Rain,Dry,119,27,None,Working,4,5,453276,Medium
4010,2023-12-13 00:00:00,Morning,Rain,Damaged,85,101,None,Working,1,7,160363,High
1477,2024-02-04 00:00:00,Night,Clear,Wet,116,87,Fatigue,Blinking,4,5,700279,Medium
3133,2025-11-09 00:00:00,Night,Haze,Wet,55,101,Phone,Working,2,3,911412,Medium
4237,2023-04-17 00:00:00,Morning,Clear,Water-logged,33,84,Fatigue,Blinking,2,3,765384,Medium
1878,2024-07-02 00:00:00,Evening,Clear,Dry,47,111,None,Working,1,7,496705,Medium
2733,2025-06-04 00:00:00,Morning,Clear,Wet,107,58,None,Working,5,6,634050,Medium
2805,2023-04-28 00:00:00,Evening,Clear,Wet,79,99,Fatigue,Working,3,4,548791,Medium
2075,2023-07-07 00:00:00,Night,Clear,Dry,51,46,None,Not Working,4,7,340033,Medium
4029,2024-11-03 00:00:00,Evening,Haze,Dry,78,85,None,Working,1,3,249365,Medium
4463,2025-07-11 00:00:00,Night,Rain,Dry,18,119,Phone,Not Working,2,1,105700,Medium
2487,2025-09-29 00:00:00,Afternoon,Clear,Dry,18,94,None,Not Working,1,1,117325,Low
1033,2023-03-26 00:00:00,Morning,Rain,Dry,108,68,Other,Working,4,6,261961,High
1356,2025-08-22 00:00:00,Night,Haze,Dry,12,55,Fatigue,Working,3,6,825861,Medium
4071,2023-05-06 00:00:00,Afternoon,Fog,Dry,61,53,Fatigue,Working,1,0,482135,Medium
4638,2023-07-23 00:00:00,Evening,Clear,Dry,66,47,Phone,Working,2,4,919704,Medium
2660,2023-03-29 00:00:00,Evening,Rain,Wet,110,57,Fatigue,Working,1,7,22011,Medium
995,2025-08-20 00:00:00,Afternoon,Clear,Water-logged,32,113,Fatigue,Working,4,6,343538,Medium
1834,2023-02-28 00:00:00,Evening,Haze,Water-logged,98,46,None,Working,2,8,7118,Medium
4381,2025-04-09 00:00:00,Morning,Clear,Water-logged,99,96,None,Working,3,8,976557,Medium
3244,2025-12-18 00:00:00,Evening,Clear,Wet,36,50,None,Working,5,0,236858,Low
2339,2025-02-04 00:00:00,Morning,Rain,Wet,83,102,Phone,Working,1,3,345282,Medium
2283,2024-04-28 00:00:00,Afternoon,Clear,Dry,71,93,None,Working,4,8,431626,Medium
3296,2024-03-17 00:00:00,Morning,Fog,Dry,17,100,None,Blinking,3,3,881088,Medium
4040,2024-11-08 00:00:00,Evening,Clear,Dry,113,53,None,Not Working,2,9,281819,Medium
4677,2024-08-19 00:00:00,Morning,Haze,Dry,38,45,Other,Working,3,4,420147,Medium
3697,2025-10-05 00:00:00,Night,Haze,Water-logged,78,104,Other,Working,4,7,443794,High
687,2024-10-02 00:00:00,Evening,Clear,Dry,36,78,Fatigue,Working,5,5,160021,Medium
1596,2023-04-22 00:00:00,Evening,Clear,Wet,54,102,Phone,Not Working,2,8,187407,High
3077,2025-06-05 00:00:00,Night,Rain,Wet,77,46,None,Working,1,9,210518,Medium
3258,2024-05-10 00:00:00,Morning,Haze,Dry,60,119,Phone,Working,2,0,470538,Medium
2269,2023-04-23 00:00:00,Morning,Clear,Wet,32,99,Phone,Working,3,5,336168,Medium
2104,2025-01-07 00:00:00,Evening,Rain,Wet,119,77,None,Working,3,7,689254,High
1791,2023-04-11 00:00:00,Morning,Fog,Wet,59,78,None,Working,4,1,978665,Medium
288,2024-06-29 00:00:00,Evening,Clear,Dry,54,103,Fatigue,Working,2,5,496837,Medium
2681,2023-04-03 00:00:00,Afternoon,Haze,Wet,105,63,None,Not Working,2,6,43451,Medium
131,2025-10-08 00:00:00,Afternoon,Rain,Damaged,105,55,None,Not Working,3,8,53294,High
3670,2023-04-07 00:00:00,Afternoon,Fog,Water-logged,93,92,Phone,Working,5,8,548523,High
2932,2025-12-30 00:00:00,Evening,Rain,Wet,55,93,None,Working,1,7,955889,Medium
2194,2023-07-12 00:00:00,Evening,Clear,Dry,82,49,None,Working,3,4,446890,Low
136,2024-03-05 00:00:00,Afternoon,Clear,Dry,19,111,None,Working,5,4,379267,Medium
2965,2023-04-18 00:00:00,Night,Rain,Dry,19,81,None,Working,3,1,400695,Medium
3995,2024-05-20 00:00:00,Afternoon,Clear,Water-logged,51,43,Other,Working,3,2,679406,Low
4231,2023-04-23 00:00:00,Evening,Clear,Dry,17,105,Phone,Not Working,4,6,400768,Medium
1312,2025-01-16 00:00:00,Night,Clear,Dry,109,48,Phone,Working,4,2,915571,Medium
784,2024-02-23 00:00:00,Afternoon,Clear,Wet,41,70,Other,Working,1,4,889190,Medium
305,2024-09-10 00:00:00,Evening,Clear,Dry,16,82,None,Working,2,0,82350,Low
672,2023-11-17 00:00:00,Night,Clear,Dry,31,69,None,Working,2,8,843333,Medium
4096,2024-12-03 00:00:00,Afternoon,Fog,Wet,103,66,Phone,Blinking,2,8,453809,High
808,2023-11-06 00:00:00,Night,Haze,Dry,56,46,Phone,Working,3,4,703935,Medium
2018,2023-08-24 00:00:00,Night,Clear,Wet,52,26,None,Working,2,8,811975,Medium
1891,2024-02-19 00:00:00,Morning,Clear,Wet,78,63,Fatigue,Working,4,6,604635,Medium
1551,2024-11-21 00:00:00,Night,Clear,Dry,42,79,None,Working,4,7,181645,Medium
3608,2025-08-07 00:00:00,Afternoon,Clear,Wet,74,111,None,Blinking,4,6,503193,Medium
2329,2025-02-16 00:00:00,Evening,Clear,Water-logged,73,87,Phone,Blinking,4,3,394190,Medium
4582,2023-01-08 00:00:00,Afternoon,Clear,Dry,25,49,None,Working,3,5,408458,Low
97,2023-10-30 00:00:00,Evening,Fog,Dry,44,36,Phone,Working,2,3,490193,Medium
4245,2024-07-07 00:00:00,Afternoon,Clear,Wet,91,82,Fatigue,Working,3,0,562777,Medium
3515,2025-03-27 00:00:00,Night,Clear,Dry,63,82,Fatigue,Not Working,5,2,971692,Medium
2669,2024-01-24 00:00:00,Evening,Fog,Dry,80,82,None,Not Working,3,7,737643,Medium
2007,2023-04-16 00:00:00,Afternoon,Clear,Dry,95,31,Fatigue,Blinking,2,1,586887,Low
2485,2024-09-26 00:00:00,Afternoon,Clear,Wet,53,115,Phone,Not Working,5,5,503532,Medium
1062,2025-02-25 00:00:00,Night,Clear,Dry,68,95,None,Working,1,5,859758,Medium
5000,2023-06-24 00:00:00,Evening,Clear,Dry,71,47,None,Blinking,2,4,571075,Low
125,2025-02-19 00:00:00,Morning,Haze,Dry,106,45,None,Working,2,9,962499,High
2863,2024-03-13 00:00:00,Night,Clear,Dry,25,55,None,Blinking,5,2,766451,Low
4753,2024-07-06 00:00:00,Evening,Clear,Dry,63,113,Fatigue,Working,1,2,295966,Medium
233,2024-08-13 00:00:00,Evening,Rain,Water-logged,55,76,Phone,Not Working,3,3,703982,Medium
2738,2023-03-26 00:00:00,Evening,Clear,Dry,80,108,None,Working,4,3,259946,Medium
2766,2024-10-04 00:00:00,Night,Rain,Dry,50,48,Fatigue,Working,1,5,558946,Medium
1405,2024-12-19 00:00:00,Evening,Clear,Wet,116,110,None,Working,3,7,417680,High
4037,2023-06-12 00:00:00,Night,Clear,Dry,10,91,Fatigue,Working,3,4,68838,Medium
4935,2023-04-04 00:00:00,Afternoon,Clear,Dry,91,44,None,Working,3,9,488915,Medium
723,2023-02-22 00:00:00,Morning,Rain,Dry,12,62,None,Working,2,5,203079,Medium
2115,2024-02-13 00:00:00,Evening,Clear,Damaged,83,38,None,Working,5,3,542802,Low
4321,2023-04-17 00:00:00,Evening,Clear,Dry,25,84,None,Not Working,2,8,86684,Medium
2110,2025-05-23 00:00:00,Night,Clear,Dry,81,42,Phone,Working,4,3,856612,Low
2602,2024-09-03 00:00:00,Morning,Clear,Dry,94,23,None,Not Working,4,4,192904,Low
2067,2024-06-24 00:00:00,Morning,Clear,Dry,46,34,Fatigue,Blinking,1,4,804664,Low
2474,2023-04-26 00:00:00,Evening,Clear,Dry,91,85,None,Working,5,9,359670,High
1886,2024-12-13 00:00:00,Afternoon,Haze,Dry,19,104,None,Working,4,6,33465,Medium
3957,2023-05-30 00:00:00,Night,Rain,Dry,93,46,None,Working,1,1,48491,Medium
258,2023-08-16 00:00:00,Evening,Clear,Dry,78,43,None,Working,5,5,238351,Low
1401,2025-01-31 00:00:00,Morning,Rain,Dry,114,40,Fatigue,Working,1,7,11902,High
3248,2023-04-25 00:00:00,Afternoon,Rain,Dry,28,104,None,Working,1,1,354410,Medium
605,2024-09-16 00:00:00,Morning,Clear,Dry,51,98,None,Blinking,2,5,817258,Medium
3918,2025-01-18 00:00:00,Afternoon,Fog,Wet,13,51,None,Not Working,5,3,63053,Low
2143,2025-03-18 00:00:00,Evening,Rain,Wet,31,28,None,Working,2,7,359416,Medium
3763,2025-05-24 00:00:00,Evening,Clear,Dry,80,106,Other,Working,5,3,327758,Medium
3182,2025-10-14 00:00:00,Afternoon,Clear,Dry,105,117,None,Working,2,1,362787,Medium
4355,2025-08-14 00:00:00,Evening,Clear,Dry,65,23,None,Working,2,3,816275,Low
4671,2025-12-23 00:00:00,Afternoon,Clear,Dry,101,119,None,Not Working,4,9,567749,High
1778,2024-07-22 00:00:00,Afternoon,Clear,Dry,86,51,Other,Working,5,9,401994,Medium
4685,2024-04-16 00:00:00,Evening,Rain,Wet,111,97,None,Not Working,3,9,721353,High
4995,2023-10-10 00:00:00,Morning,Clear,Wet,111,102,Fatigue,Not Working,1,2,34563,Medium
3353,2023-11-05 00:00:00,Night,Fog,Water-logged,47,27,Phone,Working,5,7,613208,Medium
3920,2025-05-09 00:00:00,Night,Rain,Dry,101,95,None,Working,1,8,924874,High
1347,2025-02-25 00:00:00,Afternoon,Clear,Water-logged,64,89,Fatigue,Working,5,5,826207,Medium
2872,2023-04-28 00:00:00,Night,Clear,Water-logged,30,66,Phone,Working,2,0,120184,Low
3696,2024-10-30 00:00:00,Morning,Rain,Dry,72,115,Fatigue,Working,1,3,706752,Medium
1476,2024-09-20 00:00:00,Evening,Haze,Dry,12,36,None,Working,5,0,524672,Low
1838,2024-08-07 00:00:00,Afternoon,Rain,Wet,113,34,None,Working,3,8,491219,Medium
2298,2023-05-23 00:00:00,Morning,Clear,Dry,75,49,Phone,Working,2,1,123060,Low
1558,2024-06-18 00:00:00,Afternoon,Clear,Wet,23,35,Fatigue,Working,4,5,103694,Medium
1684,2025-01-29 00:00:00,Night,Clear,Dry,53,56,Fatigue,Working,3,3,616207,Medium
4619,2024-08-06 00:00:00,Afternoon,Rain,Wet,47,47,None,Working,4,8,800798,Medium
3835,2023-03-16 00:00:00,Afternoon,Haze,Dry,16,49,None,Working,4,3,775112,Low
2978,2025-03-18 00:00:00,Morning,Rain,Dry,108,52,Other,Working,5,7,605464,Medium
2391,2023-01-27 00:00:00,Afternoon,Rain,Wet,62,39,Phone,Working,2,0,264588,Medium
551,2024-08-21 00:00:00,Evening,Clear,Dry,60,92,None,Not Working,2,3,123019,Medium
3156,2024-09-19 00:00:00,Evening,Clear,Dry,63,69,None,Working,3,2,774458,Medium
2183,2025-03-06 00:00:00,Morning,Rain,Dry,26,79,None,Working,2,1,834534,Medium
1888,2025-04-14 00:00:00,Morning,Clear,Dry,119,71,None,Not Working,5,7,328867,Medium
2483,2023-07-17 00:00:00,Night,Clear,Dry,52,53,None,Working,2,7,916234,Medium
1281,2023-02-27 00:00:00,Evening,Fog,Dry,88,90,None,Working,5,1,684673,Medium
1332,2025-12-20 00:00:00,Evening,Rain,Dry,33,28,None,Working,3,9,379251,Medium
389,2025-05-05 00:00:00,Evening,Rain,Water-logged,87,60,Phone,Working,3,9,229616,High
2936,2025-02-02 00:00:00,Morning,Clear,Wet,85,73,Other,Working,3,7,841376,Medium
3931,2024-04-10 00:00:00,Night,Clear,Dry,31,113,None,Working,5,1,385753,Medium
232,2023-03-10 00:00:00,Evening,Clear,Dry,17,21,None,Working,2,0,659281,Low
3235,2023-04-29 00:00:00,Afternoon,Clear,Wet,39,31,None,Blinking,2,7,390105,Low
816,2024-04-19 00:00:00,Evening,Clear,Dry,25,39,None,Working,4,8,314784,Medium
1437,2025-11-29 00:00:00,Afternoon,Rain,Dry,111,45,Fatigue,Working,3,6,760233,Medium
3723,2025-05-06 00:00:00,Night,Clear,Dry,58,30,Phone,Working,3,3,593993,Low
4450,2025-06-09 00:00:00,Evening,Clear,Damaged,66,51,None,Not Working,5,9,555883,Medium
4622,2025-06-21 00:00:00,Evening,Clear,Dry,71,63,None,Working,4,9,550898,Medium
1088,2023-04-26 00:00:00,Morning,Clear,Dry,108,22,None,Working,4,3,323996,Medium
1671,2023-01-07 00:00:00,Afternoon,Clear,Dry,101,82,None,Not Working,3,2,517005,Medium
4944,2023-05-03 00:00:00,Afternoon,Rain,Dry,65,88,None,Working,3,4,147003,Medium
1581,2023-05-13 00:00:00,Morning,Fog,Dry,57,109,None,Working,4,3,728785,Medium
3659,2023-06-19 00:00:00,Evening,Clear,Dry,23,27,Fatigue,Working,5,4,637055,Low
3848,2023-09-24 00:00:00,Evening,Rain,Dry,53,38,None,Not Working,4,3,842893,Medium
3283,2023-11-19 00:00:00,Night,Fog,Wet,80,23,Other,Blinking,5,7,400670,Medium
2447,2023-03-10 00:00:00,Afternoon,Rain,Dry,65,56,None,Working,3,8,284930,High
119,2025-12-30 00:00:00,Night,Rain,Dry,54,92,Other,Working,3,0,281210,Medium
393,2023-07-19 00:00:00,Afternoon,Fog,Wet,41,54,Other,Blinking,2,2,458021,Medium
3885,2025-02-08 00:00:00,Night,Fog,Dry,66,42,None,Not Working,3,5,688596,Medium
4764,2023-04-11 00:00:00,Morning,Haze,Dry,39,52,None,Working,2,5,997863,Medium
4739,2024-01-26 00:00:00,Afternoon,Clear,Water-logged,42,42,Fatigue,Working,5,2,148464,Low
4354,2023-03-04 00:00:00,Night,Clear,Dry,67,69,Phone,Working,4,1,309980,Medium
1550,2024-02-26 00:00:00,Evening,Clear,Damaged,119,89,None,Working,4,0,745850,Medium
2497,2025-09-19 00:00:00,Evening,Clear,Wet,51,88,Fatigue,Working,5,2,244024,Medium
3521,2024-05-02 00:00:00,Morning,Clear,Dry,78,91,None,Not Working,3,4,422504,Medium
4951,2023-09-14 00:00:00,Afternoon,Clear,Dry,97,115,None,Working,4,7,522993,High
2671,2025-11-06 00:00:00,Evening,Rain,Dry,92,51,None,Working,1,8,517313,Medium
1918,2024-01-29 00:00:00,Evening,Haze,Damaged,29,109,None,Blinking,5,5,227072,Medium
2048,2024-09-15 00:00:00,Evening,Clear,Damaged,111,62,Phone,Working,2,2,711863,Medium
3718,2025-03-22 00:00:00,Morning,Rain,Wet,89,81,Phone,Working,4,3,375202,Medium
516,2025-11-15 00:00:00,Morning,Rain,Dry,61,70,Fatigue,Not Working,5,4,323726,Medium
2191,2024-03-06 00:00:00,Afternoon,Rain,Dry,82,66,None,Working,5,5,788746,Medium
2404,2024-08-07 00:00:00,Afternoon,Clear,Dry,65,109,None,Working,4,8,942540,Medium
4023,2025-12-27 00:00:00,Evening,Clear,Dry,102,41,None,Working,2,4,915114,Medium
1068,2023-11-19 00:00:00,Morning,Clear,Dry,50,60,Fatigue,Not Working,3,1,345094,Low
2587,2024-07-17 00:00:00,Morning,Clear,Dry,68,30,Other,Working,3,7,591865,Medium
483,2023-02-20 00:00:00,Afternoon,Clear,Wet,19,48,None,Working,4,2,772899,Low
1837,2024-05-12 00:00:00,Morning,Clear,Dry,10,114,Phone,Working,2,2,702669,Medium
3523,2023-08-15 00:00:00,Afternoon,Clear,Dry,83,76,None,Not Working,3,5,535965,Medium
1505,2024-04-13 00:00:00,Afternoon,Clear,Dry,87,31,Phone,Not Working,4,6,391570,Medium
3269,2023-06-29 00:00:00,Evening,Rain,Damaged,112,80,Phone,Working,4,1,756685,Medium
4722,2023-02-04 00:00:00,Morning,Clear,Dry,104,105,None,Working,2,0,782128,Medium
2264,2023-05-02 00:00:00,Afternoon,Clear,Dry,48,90,None,Working,3,4,212046,Medium
3744,2025-02-17 00:00:00,Morning,Clear,Wet,80,98,Other,Working,2,3,60602,Medium
4276,2025-03-14 00:00:00,Evening,Clear,Dry,82,111,None,Not Working,2,2,225200,Medium
4142,2024-10-05 00:00:00,Morning,Clear,Wet,11,37,None,Working,1,8,706894,Medium
1299,2024-03-06 00:00:00,Evening,Rain,Wet,40,97,None,Blinking,3,3,531944,Medium
1153,2023-09-24 00:00:00,Evening,Clear,Dry,12,67,Fatigue,Working,4,4,727717,Low
625,2025-08-10 00:00:00,Evening,Clear,Damaged,66,85,Other,Working,3,6,933967,Medium
4588,2023-01-08 00:00:00,Morning,Clear,Dry,19,69,None,Not Working,5,7,473500,Medium
700,2025-03-13 00:00:00,Afternoon,Clear,Dry,84,36,None,Working,5,4,324109,Low
2186,2024-11-06 00:00:00,Night,Haze,Wet,98,63,Phone,Not Working,1,0,882449,Medium
1523,2025-07-19 00:00:00,Afternoon,Rain,Dry,36,56,None,Working,1,7,361331,Medium
4310,2025-06-26 00:00:00,Evening,Clear,Dry,74,47,None,Working,4,9,736895,Medium
299,2025-08-27 00:00:00,Evening,Clear,Dry,104,85,Other,Not Working,3,2,816982,Medium
831,2025-06-05 00:00:00,Morning,Haze,Dry,68,57,None,Not Working,4,7,95027,Medium
4826,2023-09-06 00:00:00,Morning,Rain,Dry,97,52,None,Blinking,3,6,684939,Medium
4711,2023-12-02 00:00:00,Afternoon,Clear,Dry,72,48,None,Not Working,4,2,256269,Medium
3721,2024-12-30 00:00:00,Afternoon,Clear,Dry,36,25,None,Working,4,4,564259,Low
3609,2024-08-13 00:00:00,Night,Rain,Dry,25,96,None,Not Working,3,9,822023,High
2466,2025-03-05 00:00:00,Morning,Clear,Dry,45,104,Other,Working,1,6,623333,Medium
1518,2025-03-15 00:00:00,Night,Rain,Dry,23,87,None,Working,4,0,47786,Low
4225,2025-04-23 00:00:00,Evening,Fog,Dry,55,107,Phone,Working,5,8,138338,High
3675,2025-11-18 00:00:00,Evening,Clear,Damaged,35,42,Phone,Blinking,2,4,398990,Medium
2084,2025-05-16 00:00:00,Night,Clear,Dry,11,96,Phone,Working,4,7,150002,Medium
1640,2025-11-24 00:00:00,Night,Clear,Dry,37,75,Fatigue,Working,1,2,52733,Medium
2463,2023-03-18 00:00:00,Evening,Haze,Damaged,10,115,None,Working,5,9,273368,Medium
2468,2023-05-28 00:00:00,Morning,Rain,Dry,50,109,Other,Working,4,9,127214,High
3158,2025-04-08 00:00:00,Morning,Clear,Dry,41,28,Other,Working,5,0,779346,Low
4757,2025-07-13 00:00:00,Morning,Clear,Dry,93,65,None,Working,3,7,718682,Medium
3910,2023-09-13 00:00:00,Afternoon,Haze,Dry,50,23,Fatigue,Working,1,1,179269,Low
2170,2025-06-07 00:00:00,Afternoon,Clear,Dry,24,50,None,Working,5,1,328271,Low
2210,2024-11-27 00:00:00,Night,Rain,Dry,99,56,Phone,Working,5,5,160833,Medium
3886,2024-09-22 00:00:00,Night,Rain,Water-logged,119,115,Other,Working,2,0,256191,Medium
4168,2025-09-13 00:00:00,Morning,Clear,Water-logged,107,115,None,Working,4,5,14559,High
1422,2024-11-06 00:00:00,Evening,Clear,Dry,21,104,Phone,Working,3,7,428838,Medium
4154,2023-03-09 00:00:00,Afternoon,Clear,Dry,69,93,Phone,Working,2,9,626332,Medium
812,2023-01-09 00:00:00,Night,Haze,Wet,64,51,Fatigue,Not Working,5,7,868272,Medium
4204,2024-10-11 00:00:00,Night,Clear,Wet,105,53,Fatigue,Working,3,2,24876,Medium
100,2023-12-09 00:00:00,Morning,Clear,Dry,77,30,Phone,Working,2,7,255394,Medium
3020,2023-05-17 00:00:00,Evening,Fog,Damaged,88,42,None,Working,2,9,517118,Medium
2395,2023-02-06 00:00:00,Night,Clear,Wet,22,111,Other,Working,2,0,350404,Low
4500,2025-04-13 00:00:00,Afternoon,Clear,Dry,22,37,Other,Not Working,3,0,50649,Low
2589,2024-02-13 00:00:00,Morning,Clear,Water-logged,32,109,None,Working,5,6,428666,Medium
2138,2024-08-20 00:00:00,Evening,Rain,Wet,35,34,Phone,Blinking,5,4,617150,Medium
315,2024-01-27 00:00:00,Night,Clear,Wet,34,56,None,Working,2,0,813027,Low
3472,2024-12-19 00:00:00,Evening,Clear,Dry,24,76,None,Working,4,7,497724,Medium
1124,2024-12-19 00:00:00,Night,Haze,Wet,58,95,None,Working,4,2,539364,Medium
3553,2025-05-18 00:00:00,Evening,Rain,Wet,10,35,None,Working,2,7,714346,Medium
2266,2025-11-15 00:00:00,Evening,Clear,Dry,50,24,None,Working,2,4,169487,Low
3093,2024-07-08 00:00:00,Afternoon,Rain,Dry,32,33,Other,Not Working,5,1,576755,Low
4655,2023-11-05 00:00:00,Afternoon,Clear,Dry,79,33,Phone,Working,5,1,348331,Low
2200,2023-12-11 00:00:00,Afternoon,Haze,Wet,112,46,Other,Working,1,0,717019,Medium
543,2024-06-07 00:00:00,Morning,Fog,Wet,25,115,Phone,Not Working,5,7,394746,High
4636,2023-03-31 00:00:00,Night,Clear,Dry,93,98,None,Working,4,4,466818,Medium
423,2024-12-30 00:00:00,Morning,Haze,Wet,90,68,Fatigue,Working,1,4,543218,High
3610,2024-06-13 00:00:00,Night,Fog,Dry,39,21,None,Working,3,9,639568,Medium
3109,2023-10-25 00:00:00,Evening,Rain,Damaged,72,44,Phone,Working,1,2,466736,Medium
782,2023-07-24 00:00:00,Evening,Clear,Dry,75,119,Fatigue,Working,5,1,871274,Medium
1911,2025-12-02 00:00:00,Afternoon,Clear,Water-logged,36,58,None,Not Working,3,0,851405,Low
3872,2024-09-19 00:00:00,Morning,Clear,Dry,42,45,Phone,Working,1,0,155651,Low
4344,2025-01-26 00:00:00,Night,Rain,Water-logged,54,117,Fatigue,Working,2,4,892521,Medium
3249,2023-04-30 00:00:00,Night,Haze,Dry,112,29,Other,Blinking,5,9,878733,High
116,2023-09-03 00:00:00,Night,Rain,Dry,27,35,Fatigue,Working,5,0,582767,Low
804,2024-03-27 00:00:00,Evening,Fog,Water-logged,113,114,Phone,Not Working,5,8,840451,High
3632,2024-04-03 00:00:00,Morning,Clear,Dry,92,46,Other,Working,1,4,630416,Medium
417,2023-06-20 00:00:00,Afternoon,Clear,Wet,24,42,None,Working,2,9,659617,Medium
1906,2025-04-03 00:00:00,Morning,Clear,Wet,71,57,None,Working,2,5,599946,Medium
741,2023-09-14 00:00:00,Afternoon,Fog,Dry,53,32,Phone,Blinking,5,9,803034,Medium
4799,2024-05-23 00:00:00,Morning,Clear,Dry,22,89,None,Not Working,3,5,78208,Medium
2415,2024-04-29 00:00:00,Evening,Clear,Dry,100,82,Fatigue,Not Working,1,7,518277,High
993,2024-11-20 00:00:00,Afternoon,Clear,Wet,47,64,None,Working,4,7,306774,Medium
744,2024-11-03 00:00:00,Evening,Haze,Dry,45,59,None,Working,5,2,528679,Medium
2411,2023-02-01 00:00:00,Evening,Clear,Wet,77,60,None,Working,1,1,105606,Medium
1674,2023-01-07 00:00:00,Night,Clear,Water-logged,99,117,None,Working,2,0,807165,Medium
1586,2024-03-14 00:00:00,Morning,Clear,Wet,42,97,Fatigue,Working,3,5,820088,Medium
559,2024-07-12 00:00:00,Evening,Clear,Dry,16,26,Fatigue,Working,2,4,71101,Low
250,2023-01-16 00:00:00,Night,Clear,Dry,26,98,Phone,Working,5,9,878442,Medium
4112,2025-11-03 00:00:00,Evening,Clear,Wet,69,46,None,Working,2,1,121336,Low
4697,2025-01-20 00:00:00,Evening,Clear,Dry,16,64,Phone,Working,4,9,412242,Medium
1215,2025-05-31 00:00:00,Evening,Rain,Wet,33,58,Other,Working,3,5,744501,Medium
2797,2024-04-15 00:00:00,Morning,Haze,Wet,47,56,None,Working,4,2,728011,Low
4235,2025-08-25 00:00:00,Morning,Rain,Water-logged,28,115,Fatigue,Not Working,1,9,444579,High
2612,2025-09-15 00:00:00,Morning,Clear,Dry,29,85,None,Working,5,6,862139,Medium
1503,2023-02-17 00:00:00,Morning,Clear,Wet,51,80,None,Working,4,2,228125,Medium
1249,2023-03-30 00:00:00,Night,Rain,Dry,43,66,None,Not Working,3,6,47604,Medium
3479,2023-01-30 00:00:00,Afternoon,Rain,Dry,64,45,Phone,Not Working,4,4,73870,Medium
2608,2024-09-10 00:00:00,Afternoon,Rain,Water-logged,27,73,Phone,Working,5,1,490772,Medium
1822,2025-10-20 00:00:00,Morning,Clear,Wet,17,82,Phone,Blinking,4,1,802460,Medium
2034,2023-11-02 00:00:00,Night,Rain,Dry,51,91,None,Working,4,3,514842,Medium
4818,2025-11-16 00:00:00,Night,Clear,Dry,18,73,Phone,Not Working,3,0,50357,Medium
3526,2023-05-12 00:00:00,Morning,Clear,Water-logged,21,114,None,Not Working,2,6,766525,Medium
1843,2023-05-19 00:00:00,Afternoon,Clear,Water-logged,34,23,Fatigue,Working,4,2,752608,Low
3705,2025-11-22 00:00:00,Night,Clear,Dry,31,47,Phone,Working,2,8,717940,Medium
1105,2025-05-02 00:00:00,Night,Clear,Wet,46,31,None,Working,5,7,209478,Low
4992,2023-07-09 00:00:00,Evening,Clear,Dry,11,91,None,Working,2,5,315286,Medium
2525,2024-02-21 00:00:00,Night,Clear,Dry,24,57,None,Working,4,4,517530,Low
2878,2024-10-29 00:00:00,Morning,Clear,Wet,66,33,None,Not Working,1,6,925214,Medium
1133,2024-04-09 00:00:00,Morning,Clear,Dry,34,88,None,Working,3,0,744649,Low
150,2025-11-21 00:00:00,Afternoon,Clear,Dry,93,54,None,Blinking,1,2,497157,Low
668,2023-10-11 00:00:00,Morning,Fog,Dry,15,69,None,Working,3,3,318423,Medium
2279,2023-05-30 00:00:00,Evening,Rain,Wet,37,75,None,Working,3,1,28936,Medium
4140,2024-04-12 00:00:00,Evening,Rain,Dry,29,116,None,Not Working,2,0,176433,Medium
3904,2025-03-04 00:00:00,Afternoon,Rain,Wet,63,58,Other,Working,3,6,94359,High
4496,2024-03-31 00:00:00,Evening,Clear,Dry,16,91,Phone,Not Working,4,6,934840,Medium
1630,2025-03-20 00:00:00,Afternoon,Rain,Dry,82,32,Phone,Working,5,5,19627,Medium
1213,2025-04-27 00:00:00,Morning,Clear,Wet,36,70,None,Not Working,3,7,674536,Low
3691,2025-03-27 00:00:00,Night,Clear,Dry,20,29,Other,Working,3,1,111318,Low
70,2024-03-31 00:00:00,Night,Clear,Water-logged,114,118,None,Not Working,2,5,772620,Medium
531,2024-07-27 00:00:00,Night,Clear,Wet,29,112,None,Working,1,3,943727,Medium
4156,2025-12-18 00:00:00,Morning,Clear,Wet,95,49,None,Working,5,5,967322,Medium
1900,2024-12-07 00:00:00,Evening,Clear,Dry,62,44,None,Working,1,2,516158,Low
134,2023-02-25 00:00:00,Afternoon,Clear,Dry,119,44,Fatigue,Working,4,6,277497,Medium
1066,2024-07-11 00:00:00,Evening,Rain,Dry,66,71,None,Working,4,8,256388,Medium
2988,2024-01-02 00:00:00,Evening,Clear,Dry,84,118,Fatigue,Working,2,1,278497,Medium
4789,2023-05-24 00:00:00,Afternoon,Clear,Dry,18,75,Other,Not Working,2,4,868553,Medium
4889,2023-04-05 00:00:00,Morning,Clear,Water-logged,97,34,None,Not Working,2,7,746939,Medium
1111,2023-12-02 00:00:00,Night,Haze,Wet,111,98,Phone,Working,2,4,161636,High
1923,2023-12-07 00:00:00,Evening,Clear,Dry,102,105,None,Blinking,4,3,202741,Medium
3120,2024-08-27 00:00:00,Morning,Clear,Dry,112,104,Phone,Working,1,4,425050,Medium
3002,2023-02-23 00:00:00,Evening,Rain,Dry,107,49,None,Working,5,2,184062,Medium
1875,2025-01-09 00:00:00,Evening,Fog,Wet,110,80,Fatigue,Working,4,7,109617,High
75,2023-10-31 00:00:00,Evening,Haze,Damaged,20,106,Fatigue,Working,2,8,586245,High
2126,2024-06-19 00:00:00,Evening,Clear,Water-logged,94,72,None,Working,2,5,608922,Medium
2116,2025-07-25 00:00:00,Morning,Haze,Dry,72,68,None,Working,4,0,375945,Medium
1123,2024-05-10 00:00:00,Night,Clear,Dry,70,54,None,Blinking,1,9,714907,Medium
2117,2025-09-24 00:00:00,Afternoon,Fog,Dry,96,107,None,Working,1,9,61058,High
557,2023-03-24 00:00:00,Morning,Clear,Dry,34,52,Fatigue,Working,3,5,75655,Medium
1102,2025-09-29 00:00:00,Night,Rain,Water-logged,63,78,Phone,Working,3,6,616469,Medium
1248,2024-02-04 00:00:00,Morning,Rain,Dry,26,38,Phone,Working,1,9,553944,Medium
2332,2025-01-28 00:00:00,Morning,Fog,Damaged,72,83,None,Working,1,0,400793,Medium
2880,2023-12-12 00:00:00,Morning,Clear,Dry,52,114,None,Blinking,2,7,51994,Medium
3641,2023-06-24 00:00:00,Morning,Fog,Dry,60,34,Fatigue,Working,2,7,147647,Medium
2430,2023-12-27 00:00:00,Night,Rain,Wet,109,117,None,Working,1,0,130061,Medium
4744,2024-08-28 00:00:00,Night,Rain,Dry,62,112,None,Working,1,8,890064,High
3395,2025-09-06 00:00:00,Night,Rain,Dry,24,78,Fatigue,Working,5,4,95005,Medium
1304,2024-11-05 00:00:00,Evening,Rain,Dry,29,82,Fatigue,Working,5,3,477910,Medium
3911,2023-10-20 00:00:00,Morning,Rain,Wet,17,27,Phone,Working,2,1,905693,Medium
979,2024-03-13 00:00:00,Afternoon,Clear,Dry,16,119,Phone,Working,2,7,89513,High
2340,2023-12-02 00:00:00,Afternoon,Clear,Dry,74,55,Phone,Not Working,3,8,879506,Medium
4360,2024-01-07 00:00:00,Morning,Rain,Wet,89,71,None,Working,4,1,383329,Medium
3531,2025-08-17 00:00:00,Afternoon,Haze,Water-logged,86,108,None,Working,5,6,539922,High
4624,2025-04-21 00:00:00,Evening,Rain,Water-logged,19,115,None,Working,3,1,840863,Medium
4491,2023-11-19 00:00:00,Afternoon,Clear,Water-logged,71,68,Fatigue,Not Working,3,7,67823,Medium
661,2023-04-13 00:00:00,Afternoon,Clear,Dry,114,93,Fatigue,Working,5,6,430119,Medium
4634,2025-05-18 00:00:00,Night,Rain,Wet,105,46,None,Working,2,8,91029,High
2860,2025-07-04 00:00:00,Morning,Clear,Dry,85,114,None,Working,2,4,36088,Medium
1513,2025-12-14 00:00:00,Night,Fog,Water-logged,48,94,None,Working,3,7,304966,Medium
2033,2023-02-04 00:00:00,Afternoon,Rain,Wet,99,36,Fatigue,Working,5,7,45887,Medium
4190,2025-12-06 00:00:00,Evening,Fog,Wet,50,69,Fatigue,Working,2,3,521147,Medium
2685,2024-02-17 00:00:00,Afternoon,Clear,Dry,14,51,None,Working,2,5,550042,Medium
4675,2023-04-14 00:00:00,Afternoon,Clear,Dry,98,33,None,Not Working,3,3,305636,Low
1358,2025-05-17 00:00:00,Afternoon,Clear,Water-logged,57,57,Other,Working,5,7,600242,Medium
3157,2024-06-03 00:00:00,Night,Rain,Dry,53,90,Phone,Working,3,2,595065,Medium
2992,2023-03-18 00:00:00,Night,Clear,Dry,72,46,None,Working,4,2,854198,Medium
1101,2024-10-19 00:00:00,Morning,Clear,Dry,66,73,None,Working,4,2,709208,Low
3965,2023-07-16 00:00:00,Morning,Rain,Wet,49,76,None,Working,1,8,143231,Medium
669,2025-01-20 00:00:00,Morning,Clear,Wet,58,36,Phone,Working,1,4,386445,Medium
4565,2023-09-19 00:00:00,Morning,Clear,Dry,117,93,None,Working,1,4,529307,Medium
2140,2024-12-02 00:00:00,Night,Clear,Water-logged,11,32,None,Working,3,7,343829,Low
568,2024-05-25 00:00:00,Afternoon,Rain,Dry,16,78,None,Blinking,4,0,468836,Medium
500,2024-08-07 00:00:00,Night,Rain,Dry,73,118,None,Working,1,8,484124,High
2359,2023-07-02 00:00:00,Evening,Clear,Dry,80,80,None,Working,2,6,262767,Medium
4101,2025-10-26 00:00:00,Evening,Rain,Wet,12,113,None,Not Working,1,0,940997,Medium
411,2024-03-02 00:00:00,Afternoon,Rain,Wet,54,38,None,Blinking,1,1,969869,Low
3221,2023-07-21 00:00:00,Evening,Fog,Dry,11,71,None,Working,3,4,148241,Medium
4202,2023-12-08 00:00:00,Morning,Clear,Water-logged,27,26,None,Working,2,8,190593,Medium
487,2023-02-07 00:00:00,Morning,Clear,Dry,104,73,Phone,Not Working,1,7,444515,Medium
2201,2025-03-03 00:00:00,Night,Clear,Dry,67,104,None,Working,4,2,925655,Medium
3978,2024-11-02 00:00:00,Evening,Rain,Dry,61,38,Phone,Working,5,2,493928,Medium
4955,2025-08-17 00:00:00,Afternoon,Clear,Dry,95,64,Phone,Blinking,4,3,895317,Medium
172,2024-08-05 00:00:00,Morning,Rain,Dry,41,117,None,Not Working,5,7,194278,High
1698,2023-07-27 00:00:00,Morning,Clear,Water-logged,117,52,Other,Working,5,2,296928,Medium
887,2025-11-26 00:00:00,Evening,Rain,Dry,34,22,None,Not Working,5,6,582623,Medium
335,2023-10-15 00:00:00,Morning,Haze,Dry,31,70,None,Working,3,3,513339,Medium
4656,2025-10-06 00:00:00,Morning,Rain,Wet,52,73,None,Not Working,5,6,557626,Medium
3450,2023-06-04 00:00:00,Morning,Rain,Dry,27,33,None,Not Working,1,5,697694,Medium
3877,2023-04-18 00:00:00,Morning,Clear,Dry,45,74,Phone,Not Working,1,8,227444,Medium
2265,2025-01-02 00:00:00,Evening,Fog,Wet,32,36,Other,Working,2,5,190635,Medium
1020,2023-07-07 00:00:00,Morning,Clear,Damaged,63,73,None,Working,4,9,328844,Medium
3001,2023-05-14 00:00:00,Evening,Rain,Damaged,34,62,Phone,Not Working,4,4,952142,Medium
287,2023-06-09 00:00:00,Afternoon,Haze,Dry,75,34,Fatigue,Not Working,5,3,536232,Medium
1208,2024-07-10 00:00:00,Afternoon,Clear,Dry,85,102,Other,Working,3,4,973184,Medium
3780,2025-01-21 00:00:00,Night,Clear,Wet,28,91,None,Working,5,5,981789,Medium
3795,2024-07-05 00:00:00,Morning,Clear,Water-logged,66,41,Phone,Working,2,7,545055,Medium
987,2025-03-30 00:00:00,Evening,Rain,Dry,76,87,None,Not Working,2,9,820218,High
1700,2024-02-27 00:00:00,Evening,Clear,Dry,51,106,Phone,Working,2,5,58192,Medium
4247,2023-09-19 00:00:00,Afternoon,Clear,Dry,25,78,Fatigue,Working,5,3,272945,Medium
2053,2023-04-06 00:00:00,Morning,Haze,Wet,15,55,None,Working,4,8,628956,Medium
3975,2025-02-19 00:00:00,Afternoon,Clear,Wet,25,85,Other,Blinking,3,6,117873,Medium
1092,2024-03-13 00:00:00,Evening,Rain,Wet,84,37,Phone,Working,4,9,937403,Medium
355,2025-11-06 00:00:00,Morning,Clear,Dry,86,67,Phone,Working,2,7,101780,Medium
2142,2024-10-01 00:00:00,Evening,Clear,Damaged,11,52,Other,Working,2,3,210020,Low
4911,2024-06-20 00:00:00,Night,Clear,Dry,106,108,Other,Working,2,4,306054,Medium
4723,2024-04-21 00:00:00,Morning,Rain,Dry,20,59,None,Working,5,5,724836,Medium
3212,2024-09-24 00:00:00,Evening,Rain,Dry,39,67,None,Working,5,0,129467,Medium
926,2025-08-07 00:00:00,Morning,Rain,Dry,11,100,Phone,Working,4,3,167839,Medium
4304,2025-04-27 00:00:00,Evening,Clear,Dry,61,97,None,Working,3,7,646540,Medium
469,2023-03-07 00:00:00,Morning,Fog,Wet,95,20,Phone,Working,3,0,909884,Medium
1474,2025-09-04 00:00:00,Afternoon,Haze,Dry,33,45,Phone,Not Working,1,0,343623,Low
678,2023-06-16 00:00:00,Afternoon,Clear,Wet,90,104,Phone,Working,2,8,851469,High
2867,2023-11-29 00:00:00,Evening,Clear,Dry,104,115,Phone,Not Working,3,2,234823,Medium
3781,2025-04-18 00:00:00,Afternoon,Clear,Damaged,111,63,None,Working,1,8,150312,Medium
4916,2025-03-26 00:00:00,Night,Haze,Dry,43,57,None,Working,4,0,495849,Medium
248,2024-06-11 00:00:00,Night,Fog,Wet,70,81,None,Blinking,5,6,484450,High
3288,2024-07-17 00:00:00,Night,Clear,Dry,105,32,None,Working,3,4,593263,Medium
3656,2024-01-19 00:00:00,Morning,Clear,Damaged,93,39,None,Working,3,5,327915,Medium
894,2024-10-30 00:00:00,Afternoon,Clear,Dry,83,77,Fatigue,Not Working,5,3,504765,Medium
4822,2023-08-30 00:00:00,Afternoon,Rain,Dry,56,68,Phone,Not Working,1,1,825924,Medium
298,2023-11-27 00:00:00,Morning,Rain,Dry,47,56,None,Working,1,7,282581,Medium
886,2025-05-02 00:00:00,Morning,Clear,Wet,64,47,None,Not Working,5,7,125210,Medium
2697,2025-11-23 00:00:00,Evening,Clear,Dry,88,75,Phone,Not Working,4,0,464461,Medium
2953,2023-09-17 00:00:00,Evening,Rain,Wet,109,85,None,Not Working,4,0,792040,Medium
440,2023-11-28 00:00:00,Morning,Fog,Dry,68,39,Phone,Blinking,2,9,913264,High
4746,2024-02-17 00:00:00,Morning,Rain,Dry,42,73,Phone,Not Working,5,5,329567,Medium
2778,2024-09-29 00:00:00,Morning,Fog,Water-logged,32,48,None,Not Working,5,9,818110,Medium
1537,2025-08-18 00:00:00,Morning,Rain,Water-logged,90,67,None,Working,3,8,833872,High
1525,2023-01-18 00:00:00,Afternoon,Clear,Dry,99,70,Fatigue,Working,3,4,160642,Medium
3709,2024-11-27 00:00:00,Afternoon,Clear,Damaged,46,119,Fatigue,Working,5,3,60088,Medium
3266,2023-01-09 00:00:00,Morning,Clear,Damaged,56,99,None,Working,1,5,402681,Medium
581,2025-04-13 00:00:00,Afternoon,Clear,Dry,71,31,Other,Working,4,4,557024,Low
3092,2023-10-06 00:00:00,Night,Clear,Dry,12,26,None,Working,4,6,974465,Low
4475,2023-04-03 00:00:00,Evening,Haze,Dry,27,56,Fatigue,Blinking,4,9,873947,Medium
2540,2024-05-28 00:00:00,Evening,Clear,Dry,110,50,Fatigue,Not Working,4,2,879104,Medium
3113,2023-10-08 00:00:00,Evening,Haze,Dry,70,34,Other,Working,5,6,746206,Medium
3043,2023-07-04 00:00:00,Morning,Clear,Damaged,83,26,None,Working,2,7,471729,Medium
2980,2023-12-27 00:00:00,Night,Rain,Wet,91,31,None,Not Working,2,3,377314,Medium
11,2023-04-23 00:00:00,Morning,Clear,Water-logged,87,89,Fatigue,Working,5,8,599542,High
3899,2023-09-03 00:00:00,Evening,Clear,Damaged,95,119,None,Not Working,2,0,341082,Medium
739,2023-12-25 00:00:00,Afternoon,Clear,Dry,68,32,Fatigue,Working,4,5,282689,Medium
2085,2024-05-11 00:00:00,Evening,Rain,Dry,106,62,None,Working,4,1,625465,Medium
2428,2024-05-14 00:00:00,Night,Clear,Dry,103,91,None,Working,1,7,173569,High
665,2024-02-13 00:00:00,Morning,Rain,Dry,89,87,Other,Working,4,2,183742,Medium
1398,2023-02-10 00:00:00,Morning,Clear,Wet,38,82,None,Working,1,5,966382,Medium
3488,2024-04-07 00:00:00,Morning,Clear,Wet,19,101,None,Blinking,4,2,890067,Low
2239,2024-01-07 00:00:00,Morning,Rain,Dry,84,51,None,Working,4,3,982461,Medium
3246,2025-08-31 00:00:00,Morning,Rain,Wet,112,25,Fatigue,Working,4,5,448092,Medium
4531,2025-08-14 00:00:00,Afternoon,Clear,Dry,96,32,Other,Working,2,0,832936,Low
1089,2025-02-17 00:00:00,Night,Rain,Dry,46,96,Phone,Working,3,0,43052,Medium
356,2023-09-03 00:00:00,Evening,Clear,Dry,114,81,Fatigue,Blinking,1,6,479163,Medium
3315,2024-11-29 00:00:00,Morning,Clear,Dry,70,74,Fatigue,Blinking,4,6,612898,Medium
4782,2023-12-30 00:00:00,Morning,Clear,Damaged,78,57,None,Working,4,3,681213,Medium
1969,2025-01-15 00:00:00,Afternoon,Rain,Dry,99,67,Phone,Working,2,1,45816,Medium
4454,2023-08-23 00:00:00,Night,Clear,Damaged,33,84,Fatigue,Working,2,7,259048,Medium
819,2025-08-30 00:00:00,Morning,Haze,Dry,19,110,None,Working,4,4,686174,Medium
3299,2025-03-08 00:00:00,Afternoon,Clear,Dry,96,86,Other,Working,5,6,230692,Medium
3851,2025-03-14 00:00:00,Afternoon,Haze,Dry,39,25,Other,Blinking,2,7,693504,Medium
4195,2024-08-05 00:00:00,Evening,Fog,Dry,62,110,None,Working,1,3,105465,Medium
4439,2024-04-03 00:00:00,Night,Clear,Wet,61,70,None,Working,5,9,5448,Medium
4325,2025-01-30 00:00:00,Night,Clear,Damaged,66,77,None,Not Working,3,4,388886,Medium
3145,2023-06-02 00:00:00,Afternoon,Haze,Dry,70,58,Other,Blinking,4,5,268709,Medium
3193,2023-09-04 00:00:00,Night,Clear,Dry,56,112,Fatigue,Working,3,3,336472,Medium
3626,2024-05-16 00:00:00,Afternoon,Rain,Dry,86,43,None,Working,4,4,545909,Medium
3535,2024-06-17 00:00:00,Morning,Clear,Dry,63,87,None,Blinking,3,7,333678,Medium
3813,2023-11-04 00:00:00,Morning,Fog,Dry,86,68,None,Working,2,0,854961,Medium
1582,2025-02-08 00:00:00,Afternoon,Haze,Dry,91,98,None,Working,3,7,176617,High
2144,2023-01-25 00:00:00,Afternoon,Clear,Dry,80,22,Other,Working,3,7,774172,Medium
1618,2023-04-19 00:00:00,Evening,Clear,Dry,44,110,Phone,Not Working,5,2,697398,Medium
3135,2024-08-26 00:00:00,Morning,Rain,Wet,18,32,None,Working,3,6,270961,Low
881,2024-05-23 00:00:00,Morning,Clear,Dry,20,87,None,Working,4,8,863108,Medium
1835,2023-02-05 00:00:00,Night,Haze,Dry,89,47,Phone,Working,4,0,738509,Medium
3049,2025-09-08 00:00:00,Afternoon,Fog,Damaged,110,56,None,Working,5,6,669564,Medium
3037,2025-07-12 00:00:00,Afternoon,Clear,Dry,68,21,None,Working,1,6,946780,Medium
3295,2025-02-21 00:00:00,Night,Rain,Dry,116,40,None,Working,3,9,313296,High
2071,2025-12-31 00:00:00,Evening,Clear,Dry,19,48,None,Working,4,8,833723,Low
3786,2025-09-13 00:00:00,Morning,Clear,Dry,29,111,None,Working,2,4,261722,Medium
3915,2025-04-23 00:00:00,Night,Clear,Dry,72,33,None,Working,1,4,643740,Low
2362,2024-07-30 00:00:00,Afternoon,Clear,Dry,21,32,Fatigue,Not Working,1,9,64309,Medium
1998,2025-04-25 00:00:00,Morning,Haze,Dry,17,60,None,Working,3,6,751967,Medium
1425,2024-12-08 00:00:00,Night,Clear,Wet,95,27,Phone,Working,3,1,750406,Low
1661,2025-03-02 00:00:00,Evening,Rain,Water-logged,62,60,None,Working,5,6,503219,Medium
1802,2024-05-22 00:00:00,Evening,Clear,Dry,101,63,Fatigue,Working,5,7,103290,Medium
1561,2024-04-04 00:00:00,Afternoon,Clear,Dry,62,57,Fatigue,Working,5,1,546953,Low
4127,2025-11-28 00:00:00,Evening,Clear,Wet,31,20,None,Working,2,7,980821,Low
1859,2025-04-26 00:00:00,Night,Haze,Wet,11,78,None,Working,3,4,686192,Medium
3858,2024-12-06 00:00:00,Evening,Clear,Water-logged,112,119,None,Working,2,8,247854,High
4908,2023-10-07 00:00:00,Morning,Clear,Dry,27,75,Phone,Working,3,8,559144,Medium
3217,2024-10-11 00:00:00,Morning,Rain,Dry,97,95,None,Blinking,5,0,449621,Medium
3211,2023-08-08 00:00:00,Morning,Clear,Wet,90,61,None,Working,5,7,911023,Medium
3021,2025-05-13 00:00:00,Afternoon,Clear,Dry,27,54,None,Working,2,6,173531,Medium
278,2024-08-15 00:00:00,Evening,Clear,Wet,102,35,Phone,Working,4,9,852605,Medium
3566,2023-04-02 00:00:00,Evening,Clear,Dry,105,110,Phone,Working,1,7,91442,High
2527,2025-12-05 00:00:00,Morning,Rain,Dry,109,84,Phone,Working,5,8,817928,High
4144,2023-02-17 00:00:00,Night,Clear,Dry,105,21,Fatigue,Working,2,0,136047,Low
2914,2024-10-17 00:00:00,Night,Clear,Dry,107,85,None,Not Working,4,1,665662,Medium
3794,2023-06-16 00:00:00,Evening,Rain,Wet,17,35,Fatigue,Working,2,5,219164,Medium
1070,2023-07-11 00:00:00,Afternoon,Clear,Dry,79,110,None,Blinking,4,6,578297,Medium
1205,2024-01-30 00:00:00,Afternoon,Clear,Water-logged,90,34,Phone,Working,1,4,112435,Medium
3830,2024-07-26 00:00:00,Morning,Clear,Dry,22,110,Phone,Blinking,5,1,44499,Medium
776,2025-01-25 00:00:00,Morning,Clear,Dry,107,73,Other,Working,5,0,469654,Medium
760,2024-04-15 00:00:00,Evening,Clear,Wet,37,107,Phone,Working,2,5,190594,Medium
1276,2024-02-06 00:00:00,Morning,Rain,Dry,17,116,None,Working,2,2,530107,Medium
2109,2024-10-07 00:00:00,Afternoon,Fog,Dry,47,79,None,Working,5,7,175396,Medium
4030,2024-02-10 00:00:00,Afternoon,Clear,Dry,72,96,None,Blinking,4,3,921819,Medium
1853,2024-07-13 00:00:00,Night,Haze,Water-logged,35,27,None,Working,3,9,687877,Medium
1469,2025-10-05 00:00:00,Night,Haze,Dry,29,33,None,Working,2,5,191833,Medium
4592,2023-05-25 00:00:00,Morning,Clear,Damaged,28,103,Phone,Working,3,3,554652,Medium
4188,2023-11-21 00:00:00,Evening,Clear,Damaged,108,112,None,Not Working,2,8,760142,High
3458,2023-12-05 00:00:00,Evening,Clear,Dry,106,31,Fatigue,Blinking,3,0,972985,Low
94,2025-02-20 00:00:00,Evening,Clear,Wet,30,88,None,Working,2,9,372575,Medium
3260,2025-12-18 00:00:00,Night,Rain,Dry,37,86,None,Working,1,3,772077,Medium
1376,2023-05-09 00:00:00,Night,Clear,Dry,89,24,Fatigue,Working,1,3,110390,Low
696,2023-03-27 00:00:00,Evening,Clear,Wet,64,83,None,Blinking,1,5,769422,Medium
2905,2024-06-26 00:00:00,Evening,Clear,Water-logged,23,91,Fatigue,Not Working,4,6,647564,Medium
694,2023-12-22 00:00:00,Morning,Rain,Dry,31,103,Phone,Not Working,5,6,784406,Medium
3619,2024-08-23 00:00:00,Evening,Clear,Dry,102,106,None,Not Working,1,0,924718,Medium
4872,2025-01-17 00:00:00,Morning,Clear,Dry,11,83,Fatigue,Working,4,6,48200,Medium
1504,2024-12-16 00:00:00,Afternoon,Clear,Dry,117,32,Phone,Not Working,2,1,738371,Low
4007,2025-01-14 00:00:00,Afternoon,Clear,Dry,110,88,Phone,Working,4,1,136069,Medium
746,2023-02-08 00:00:00,Night,Rain,Dry,23,50,Phone,Working,2,0,477055,Low
4413,2025-07-15 00:00:00,Evening,Rain,Wet,78,62,Fatigue,Working,1,9,433516,High
541,2023-03-21 00:00:00,Night,Clear,Dry,38,22,None,Not Working,2,4,632229,Low
4814,2023-08-27 00:00:00,Evening,Rain,Dry,36,48,None,Working,2,7,241404,Medium
3754,2025-03-29 00:00:00,Evening,Clear,Dry,34,79,None,Working,2,7,927452,Medium
2159,2023-12-31 00:00:00,Afternoon,Clear,Dry,27,79,None,Working,4,8,364059,Medium
2635,2023-08-29 00:00:00,Evening,Rain,Wet,79,103,None,Working,1,2,585950,Medium
4654,2024-12-03 00:00:00,Night,Clear,Wet,107,99,Fatigue,Blinking,2,3,439952,Medium
3541,2025-06-27 00:00:00,Morning,Rain,Dry,102,100,None,Working,1,5,548196,High
1852,2024-06-04 00:00:00,Night,Haze,Water-logged,115,85,None,Working,5,6,298716,High
4855,2024-07-29 00:00:00,Evening,Fog,Dry,45,33,Fatigue,Not Working,3,3,106659,Medium
2011,2024-08-19 00:00:00,Morning,Clear,Damaged,28,56,Phone,Blinking,2,4,751141,Low
4005,2025-07-31 00:00:00,Morning,Rain,Wet,79,108,None,Working,5,8,392701,High
2128,2025-08-12 00:00:00,Morning,Clear,Damaged,90,42,Fatigue,Not Working,5,9,155457,Medium
3660,2023-06-30 00:00:00,Night,Fog,Dry,99,86,None,Working,5,3,20002,Medium
4222,2025-01-30 00:00:00,Evening,Rain,Damaged,26,85,None,Working,4,0,378532,Medium
1951,2024-07-23 00:00:00,Morning,Rain,Damaged,96,67,Phone,Not Working,4,5,476044,Medium
1099,2024-10-01 00:00:00,Evening,Clear,Wet,69,104,None,Working,1,9,199087,Medium
475,2024-10-31 00:00:00,Evening,Clear,Wet,79,56,Phone,Working,2,3,543477,Medium
2406,2025-08-18 00:00:00,Evening,Clear,Dry,61,36,None,Blinking,5,4,317085,Low
4523,2023-09-23 00:00:00,Night,Haze,Water-logged,81,50,Phone,Working,3,4,687661,Medium
1854,2024-10-28 00:00:00,Night,Rain,Wet,51,34,None,Working,2,0,549937,Low
2157,2025-06-26 00:00:00,Morning,Clear,Dry,14,109,None,Working,2,9,55191,Medium
4795,2025-06-06 00:00:00,Afternoon,Clear,Dry,89,118,None,Working,4,4,678132,Medium
2631,2024-04-24 00:00:00,Evening,Clear,Dry,48,80,Fatigue,Not Working,1,2,432035,Medium
749,2025-03-24 00:00:00,Night,Haze,Dry,76,83,Fatigue,Working,3,9,959068,High
4905,2023-03-16 00:00:00,Night,Haze,Wet,22,57,Fatigue,Working,2,9,231993,High
4083,2024-08-29 00:00:00,Evening,Clear,Damaged,90,28,Phone,Working,4,7,153612,Medium
398,2023-09-06 00:00:00,Afternoon,Clear,Wet,62,56,Fatigue,Not Working,2,5,449731,Medium
4327,2023-06-03 00:00:00,Morning,Rain,Dry,111,97,None,Working,3,2,524709,High
1330,2024-07-11 00:00:00,Afternoon,Clear,Dry,71,73,Phone,Not Working,5,1,904785,Medium
3756,2023-12-05 00:00:00,Morning,Fog,Dry,83,108,Phone,Working,3,6,549474,High
1471,2024-11-07 00:00:00,Evening,Rain,Dry,22,33,Phone,Working,5,2,84284,Low
1869,2025-08-27 00:00:00,Morning,Rain,Wet,28,51,Other,Not Working,1,6,953104,Medium
2543,2025-05-20 00:00:00,Night,Rain,Water-logged,14,108,None,Working,3,4,618298,Medium
4406,2023-08-31 00:00:00,Evening,Clear,Dry,96,86,Phone,Working,2,8,583529,High
647,2023-05-07 00:00:00,Evening,Clear,Water-logged,57,110,None,Working,3,1,880706,Medium
2752,2023-08-24 00:00:00,Evening,Rain,Dry,45,38,None,Working,2,4,59617,Medium
3412,2025-06-08 00:00:00,Morning,Haze,Dry,83,75,Fatigue,Not Working,1,6,66486,Medium
2127,2023-06-29 00:00:00,Evening,Clear,Dry,79,112,None,Working,1,0,211866,Medium
4296,2024-09-26 00:00:00,Afternoon,Haze,Wet,66,80,None,Working,5,1,854471,Medium
2955,2024-07-29 00:00:00,Night,Fog,Dry,12,106,Phone,Working,1,4,474873,Medium
2456,2025-07-06 00:00:00,Morning,Haze,Dry,59,45,None,Working,3,8,355094,Medium
4765,2024-04-18 00:00:00,Evening,Fog,Water-logged,119,110,None,Working,4,8,911364,High
3015,2023-03-26 00:00:00,Evening,Rain,Damaged,61,64,Phone,Working,5,7,169079,Medium
848,2025-05-31 00:00:00,Night,Rain,Water-logged,81,79,Phone,Working,4,8,888635,High
4186,2025-03-16 00:00:00,Evening,Rain,Dry,20,114,Fatigue,Working,4,9,122302,High
303,2024-09-03 00:00:00,Evening,Rain,Dry,48,69,None,Working,1,9,399235,High
3023,2025-09-22 00:00:00,Evening,Fog,Damaged,11,25,Other,Working,2,9,7015,Medium
3017,2025-04-12 00:00:00,Evening,Clear,Wet,22,56,Phone,Blinking,1,3,465942,Low
4184,2024-09-16 00:00:00,Afternoon,Rain,Dry,17,41,None,Working,3,4,128124,Low
2904,2025-10-05 00:00:00,Afternoon,Fog,Wet,91,27,None,Blinking,3,2,651186,Medium
1764,2024-08-30 00:00:00,Afternoon,Clear,Dry,92,33,None,Working,3,1,930520,Low
4836,2024-04-20 00:00:00,Morning,Clear,Dry,58,58,Other,Working,5,1,816095,Low
927,2023-09-04 00:00:00,Afternoon,Rain,Wet,73,119,Other,Working,1,4,881400,Medium
175,2023-08-29 00:00:00,Evening,Clear,Dry,73,74,Phone,Working,2,0,568894,Medium
3623,2025-10-04 00:00:00,Morning,Clear,Wet,55,66,None,Working,4,3,291776,Low
743,2024-08-23 00:00:00,Evening,Fog,Dry,13,20,Phone,Working,5,6,474910,Medium
3195,2024-01-06 00:00:00,Afternoon,Clear,Dry,11,23,Phone,Working,4,9,939728,Medium
2601,2025-07-16 00:00:00,Evening,Rain,Dry,76,80,Other,Not Working,5,6,393853,Medium
3599,2025-08-02 00:00:00,Afternoon,Clear,Dry,102,50,None,Blinking,3,1,716907,Medium
3139,2024-11-10 00:00:00,Evening,Clear,Water-logged,106,55,Phone,Not Working,3,9,846785,High
2759,2025-09-19 00:00:00,Evening,Fog,Dry,62,68,None,Not Working,3,4,468196,Medium
579,2025-03-02 00:00:00,Afternoon,Haze,Dry,82,80,None,Not Working,4,3,962177,Medium
2616,2023-10-21 00:00:00,Morning,Clear,Wet,93,58,None,Working,4,8,240969,Medium
1721,2025-08-21 00:00:00,Morning,Rain,Dry,16,64,Fatigue,Working,4,0,257803,Low
4797,2023-11-21 00:00:00,Morning,Haze,Dry,107,61,None,Blinking,1,8,522188,Medium
604,2023-05-03 00:00:00,Morning,Rain,Water-logged,81,40,Fatigue,Working,3,4,961706,Medium
583,2024-10-13 00:00:00,Afternoon,Fog,Dry,111,28,None,Not Working,2,4,701270,Medium
2622,2023-06-13 00:00:00,Night,Rain,Water-logged,27,117,None,Working,1,8,444734,High
1402,2025-01-14 00:00:00,Morning,Fog,Dry,31,76,None,Working,2,3,743157,Medium
2252,2024-11-25 00:00:00,Night,Haze,Wet,90,50,Fatigue,Working,4,1,905333,Medium
2246,2023-12-30 00:00:00,Evening,Clear,Dry,46,53,None,Working,1,4,326610,Low
2042,2024-09-18 00:00:00,Evening,Clear,Dry,99,32,Other,Working,3,2,189059,Medium
3901,2025-08-08 00:00:00,Afternoon,Clear,Dry,23,61,None,Working,5,9,104079,Medium
3728,2023-02-18 00:00:00,Morning,Clear,Wet,31,88,Phone,Working,3,6,852537,Medium
471,2024-08-31 00:00:00,Morning,Rain,Dry,20,86,None,Working,2,8,649997,Medium
3188,2024-12-04 00:00:00,Afternoon,Haze,Water-logged,82,45,None,Working,3,7,549869,Medium
1411,2025-06-27 00:00:00,Morning,Clear,Dry,72,95,Fatigue,Not Working,3,5,813152,Medium
1920,2025-12-21 00:00:00,Afternoon,Clear,Wet,25,50,Phone,Working,2,9,182457,Medium
1709,2024-05-04 00:00:00,Evening,Rain,Dry,47,81,Phone,Not Working,1,2,524651,Medium
4957,2025-04-16 00:00:00,Afternoon,Rain,Water-logged,19,60,Other,Working,2,9,748640,Medium
4639,2025-12-13 00:00:00,Evening,Clear,Wet,84,69,Phone,Blinking,2,7,69849,Medium
181,2024-05-27 00:00:00,Afternoon,Clear,Wet,54,31,None,Working,2,2,600853,Low
1429,2025-11-10 00:00:00,Evening,Clear,Dry,106,21,Phone,Working,2,4,576661,Medium
3896,2024-06-14 00:00:00,Night,Clear,Wet,12,63,Phone,Blinking,4,7,486162,Medium
1757,2023-10-04 00:00:00,Night,Fog,Wet,40,110,None,Working,5,6,188751,High
3883,2023-06-28 00:00:00,Night,Clear,Wet,22,77,Other,Working,3,3,664758,Low
4879,2024-08-14 00:00:00,Afternoon,Rain,Wet,67,99,Phone,Working,1,0,999672,Medium
4002,2023-01-09 00:00:00,Night,Clear,Dry,84,92,Other,Working,4,8,231858,High
2725,2024-03-29 00:00:00,Afternoon,Haze,Wet,47,47,None,Working,5,4,42622,Medium
627,2023-12-18 00:00:00,Afternoon,Clear,Wet,88,52,Other,Not Working,3,3,690920,Medium
2835,2024-12-13 00:00:00,Afternoon,Clear,Dry,19,49,Other,Working,3,5,730911,Low
2585,2024-02-03 00:00:00,Evening,Clear,Dry,23,22,None,Working,2,3,125023,Low
3517,2024-05-16 00:00:00,Morning,Haze,Dry,17,98,Other,Working,4,6,27406,Medium
3180,2023-01-01 00:00:00,Evening,Clear,Dry,88,112,None,Not Working,3,8,477968,High
104,2025-10-02 00:00:00,Evening,Clear,Dry,80,106,None,Not Working,4,2,271918,Medium
142,2025-08-09 00:00:00,Afternoon,Clear,Dry,27,98,None,Working,4,6,995556,Medium
1825,2024-12-18 00:00:00,Evening,Clear,Wet,68,113,None,Working,5,6,821019,Medium
937,2023-04-05 00:00:00,Morning,Rain,Water-logged,49,48,None,Working,1,0,811251,Low
2818,2025-01-20 00:00:00,Morning,Haze,Damaged,76,50,Phone,Not Working,4,0,967457,Medium
3356,2025-03-05 00:00:00,Morning,Clear,Wet,26,78,None,Working,4,7,674326,Medium
346,2024-10-27 00:00:00,Evening,Clear,Dry,63,38,None,Blinking,4,5,99373,Low
4493,2023-12-15 00:00:00,Evening,Clear,Dry,54,26,None,Working,1,7,972088,Medium
4781,2023-09-17 00:00:00,Morning,Clear,Water-logged,14,20,None,Not Working,5,0,591276,Low
4012,2025-01-21 00:00:00,Afternoon,Clear,Water-logged,75,72,Phone,Working,1,0,607340,Medium
4899,2024-06-10 00:00:00,Morning,Fog,Dry,55,60,Fatigue,Working,3,0,233570,Low
3905,2023-01-06 00:00:00,Night,Rain,Dry,11,58,Phone,Not Working,4,3,169345,Medium
846,2023-03-08 00:00:00,Afternoon,Clear,Water-logged,69,92,Phone,Working,1,2,959883,Medium
994,2024-01-10 00:00:00,Evening,Clear,Dry,41,60,None,Working,4,1,822803,Low
405,2024-10-31 00:00:00,Afternoon,Clear,Damaged,86,75,Fatigue,Working,4,9,236498,Medium
1979,2024-01-08 00:00:00,Night,Rain,Dry,100,48,None,Not Working,2,6,252782,Medium
4380,2024-12-11 00:00:00,Evening,Clear,Dry,55,65,Phone,Not Working,2,1,873425,Medium
4312,2025-04-26 00:00:00,Night,Clear,Dry,93,45,Phone,Not Working,2,4,41426,Medium
4540,2024-06-17 00:00:00,Morning,Rain,Dry,76,62,Other,Working,5,5,952960,Medium
1198,2025-08-08 00:00:00,Night,Fog,Dry,68,114,None,Blinking,3,7,581737,Medium
4591,2025-07-01 00:00:00,Evening,Clear,Wet,91,104,Phone,Working,4,7,277501,High
3720,2025-09-30 00:00:00,Afternoon,Clear,Dry,89,109,None,Working,2,6,460290,Medium
3761,2023-10-16 00:00:00,Morning,Clear,Dry,60,111,Other,Working,2,3,940426,Medium
1292,2024-11-25 00:00:00,Morning,Clear,Dry,23,78,Other,Working,4,6,296429,Medium
218,2025-05-13 00:00:00,Evening,Rain,Dry,67,30,Phone,Not Working,2,2,527771,Medium
1344,2024-07-04 00:00:00,Evening,Fog,Water-logged,14,86,None,Working,4,9,546631,High
4203,2023-09-24 00:00:00,Morning,Rain,Wet,83,90,Phone,Working,4,3,134960,Medium
1142,2025-05-25 00:00:00,Afternoon,Clear,Water-logged,119,94,Fatigue,Working,3,2,969045,Medium
1327,2024-09-04 00:00:00,Morning,Haze,Dry,64,119,None,Working,5,8,284192,High
3297,2025-01-13 00:00:00,Evening,Rain,Damaged,107,41,Fatigue,Blinking,3,0,39369,Medium
2401,2025-02-02 00:00:00,Afternoon,Clear,Wet,23,71,Phone,Working,4,3,163755,Medium
3891,2024-10-06 00:00:00,Evening,Clear,Wet,75,100,Other,Working,5,3,627644,Medium
834,2024-11-10 00:00:00,Morning,Clear,Dry,21,59,None,Working,4,6,685769,Low
2204,2024-12-21 00:00:00,Morning,Clear,Wet,39,36,None,Working,1,5,584046,Medium
3770,2024-12-04 00:00:00,Morning,Clear,Dry,80,105,Other,Not Working,3,6,541386,Medium
921,2023-10-20 00:00:00,Night,Clear,Wet,57,94,Phone,Working,2,9,965196,Medium
1056,2023-03-24 00:00:00,Afternoon,Clear,Dry,81,119,None,Working,5,9,6604,High
2887,2023-02-16 00:00:00,Evening,Clear,Dry,91,54,Other,Working,3,0,560002,Medium
35,2025-10-30 00:00:00,Night,Clear,Wet,119,70,None,Working,1,0,495888,Medium
208,2023-11-19 00:00:00,Evening,Clear,Dry,78,73,Phone,Not Working,4,2,673581,Medium
4352,2024-02-02 00:00:00,Evening,Clear,Dry,48,41,None,Blinking,1,1,733540,Low
336,2025-09-29 00:00:00,Morning,Haze,Wet,66,69,Phone,Working,4,4,423781,Medium
2047,2023-06-24 00:00:00,Morning,Rain,Dry,10,50,None,Not Working,4,3,826264,Low
562,2025-01-12 00:00:00,Morning,Haze,Damaged,45,27,None,Working,1,6,148162,Low
3503,2025-10-13 00:00:00,Night,Clear,Dry,47,62,Other,Not Working,1,2,669550,Low
255,2025-10-02 00:00:00,Morning,Fog,Water-logged,17,40,None,Working,4,0,253437,Low
2800,2025-10-13 00:00:00,Morning,Clear,Dry,90,59,Phone,Blinking,3,4,603063,Medium
4510,2025-09-24 00:00:00,Night,Clear,Wet,13,58,None,Working,5,8,873216,Medium
2351,2024-03-09 00:00:00,Evening,Clear,Wet,117,50,Fatigue,Working,1,2,908497,Medium
2941,2025-01-04 00:00:00,Afternoon,Clear,Dry,17,58,Phone,Working,2,1,418833,Low
2076,2025-02-07 00:00:00,Night,Clear,Water-logged,52,118,None,Blinking,5,2,690005,Medium
1444,2025-09-22 00:00:00,Afternoon,Clear,Dry,63,43,None,Not Working,5,2,531910,Low
2604,2025-04-20 00:00:00,Afternoon,Haze,Dry,81,27,None,Not Working,2,1,23162,Low
432,2025-06-08 00:00:00,Evening,Clear,Dry,106,65,None,Working,2,9,33040,Medium
3293,2024-10-27 00:00:00,Afternoon,Clear,Dry,93,74,Other,Working,1,1,542407,Medium
3549,2023-11-13 00:00:00,Afternoon,Clear,Water-logged,41,52,None,Working,5,7,712528,Medium
4702,2025-01-19 00:00:00,Morning,Clear,Dry,113,27,Phone,Not Working,4,4,386495,Medium
1045,2024-02-14 00:00:00,Night,Rain,Dry,36,22,Phone,Working,2,8,648687,Medium
1819,2025-01-03 00:00:00,Evening,Fog,Wet,78,49,None,Working,3,3,931553,Medium
79,2024-12-26 00:00:00,Afternoon,Clear,Dry,70,77,None,Working,4,1,503953,Medium
332,2023-03-22 00:00:00,Evening,Clear,Dry,30,48,None,Working,2,8,746032,Medium
1126,2024-01-06 00:00:00,Evening,Rain,Wet,48,104,None,Working,1,2,138034,Medium
4812,2023-05-25 00:00:00,Night,Fog,Dry,104,60,Other,Working,5,1,516014,Medium
4986,2025-01-23 00:00:00,Morning,Rain,Dry,44,87,Phone,Working,3,9,558264,High
2593,2024-02-22 00:00:00,Evening,Rain,Dry,18,95,None,Not Working,1,7,573857,Medium
2776,2023-04-21 00:00:00,Afternoon,Clear,Dry,94,95,None,Not Working,4,5,97356,Medium
988,2025-05-20 00:00:00,Afternoon,Haze,Dry,34,103,Fatigue,Working,3,7,262999,Medium
2663,2024-01-25 00:00:00,Morning,Rain,Wet,19,95,None,Working,2,3,827958,Medium
1957,2025-11-27 00:00:00,Evening,Clear,Wet,79,97,Phone,Working,4,1,183278,Medium
4708,2023-02-22 00:00:00,Morning,Clear,Dry,59,25,Fatigue,Blinking,2,3,824470,Low
4061,2023-07-15 00:00:00,Afternoon,Haze,Wet,30,100,None,Not Working,1,2,781194,Medium
3324,2024-06-20 00:00:00,Evening,Clear,Dry,41,117,Phone,Working,2,5,635935,Medium
4768,2024-07-21 00:00:00,Morning,Rain,Damaged,82,21,Phone,Working,4,2,861903,Medium
909,2025-10-16 00:00:00,Afternoon,Clear,Wet,26,92,Phone,Working,2,9,216191,High
3051,2023-10-09 00:00:00,Morning,Clear,Water-logged,25,38,None,Blinking,2,9,350138,Medium
176,2023-06-23 00:00:00,Morning,Fog,Dry,80,44,Phone,Working,3,7,707481,Medium
1232,2025-09-08 00:00:00,Morning,Haze,Wet,15,72,Other,Working,4,4,970397,Medium
3815,2023-09-25 00:00:00,Afternoon,Rain,Dry,90,50,None,Working,5,4,754839,Medium
2113,2023-01-24 00:00:00,Morning,Clear,Dry,17,99,Phone,Working,4,2,30927,Medium
484,2025-12-12 00:00:00,Evening,Rain,Dry,30,108,Phone,Not Working,5,6,131108,Medium
519,2023-12-20 00:00:00,Night,Clear,Wet,38,104,None,Working,3,2,489974,Medium
2565,2024-10-01 00:00:00,Afternoon,Clear,Dry,67,72,Fatigue,Working,2,0,167955,Low
3192,2023-02-02 00:00:00,Night,Clear,Dry,110,102,Phone,Working,1,0,156094,Medium
612,2024-04-07 00:00:00,Evening,Rain,Wet,47,92,None,Working,3,6,147616,Medium
1866,2025-01-22 00:00:00,Night,Clear,Dry,63,98,None,Not Working,3,7,251770,Medium
231,2024-12-23 00:00:00,Evening,Rain,Dry,106,60,None,Working,3,8,486694,Medium
360,2025-11-29 00:00:00,Evening,Clear,Wet,98,25,None,Working,2,0,660914,Low
3122,2023-04-24 00:00:00,Morning,Rain,Dry,48,22,None,Working,1,0,555114,Low
2299,2025-03-08 00:00:00,Morning,Clear,Dry,102,112,None,Working,1,7,572178,High
2416,2025-11-15 00:00:00,Night,Clear,Dry,15,34,Other,Not Working,1,7,602385,Medium
16,2023-07-07 00:00:00,Morning,Clear,Dry,95,42,Phone,Working,5,2,552482,Medium
1602,2023-01-22 00:00:00,Afternoon,Rain,Wet,15,45,None,Working,2,6,357366,Medium
3190,2025-08-05 00:00:00,Evening,Clear,Damaged,64,106,Phone,Working,2,9,873741,Medium
637,2023-12-09 00:00:00,Evening,Rain,Dry,79,24,Phone,Not Working,1,9,45596,High
2699,2023-09-25 00:00:00,Evening,Clear,Water-logged,115,48,Phone,Working,4,0,762063,Medium
3285,2025-12-04 00:00:00,Afternoon,Rain,Dry,78,56,Phone,Working,1,8,41828,Medium
922,2024-05-26 00:00:00,Afternoon,Haze,Dry,82,115,Fatigue,Blinking,1,7,864542,High
2368,2025-09-02 00:00:00,Evening,Rain,Dry,11,113,None,Working,2,3,392104,Medium
2495,2025-11-29 00:00:00,Evening,Fog,Dry,118,115,None,Working,2,0,446116,Medium
641,2023-08-10 00:00:00,Morning,Rain,Dry,114,114,None,Blinking,3,9,623456,High
689,2025-07-17 00:00:00,Evening,Clear,Wet,83,89,Phone,Working,3,9,710763,High
4299,2023-06-02 00:00:00,Afternoon,Haze,Dry,101,53,None,Working,2,8,639217,Medium
1415,2025-01-09 00:00:00,Evening,Clear,Dry,100,55,None,Not Working,1,6,351900,Medium
88,2024-10-10 00:00:00,Evening,Clear,Dry,16,67,Fatigue,Working,4,2,819005,Low
4384,2025-01-24 00:00:00,Evening,Clear,Dry,43,118,None,Working,3,3,750694,Medium
2831,2023-03-30 00:00:00,Afternoon,Clear,Dry,66,64,None,Working,5,6,451565,Medium
1430,2023-04-02 00:00:00,Night,Rain,Dry,36,95,None,Blinking,3,1,799813,Medium
3485,2024-01-09 00:00:00,Evening,Rain,Wet,62,119,Phone,Not Working,4,4,965198,High
2174,2025-08-02 00:00:00,Night,Rain,Damaged,72,79,None,Working,5,2,520796,Medium
3708,2024-03-13 00:00:00,Afternoon,Clear,Dry,30,50,Fatigue,Working,3,1,587599,Low
2303,2024-09-28 00:00:00,Evening,Clear,Dry,52,74,Phone,Not Working,4,3,243096,Medium
2561,2023-06-16 00:00:00,Evening,Rain,Wet,103,96,None,Blinking,3,5,272321,High
2865,2025-09-06 00:00:00,Afternoon,Clear,Dry,64,42,Phone,Not Working,2,3,504069,Medium
3357,2023-10-17 00:00:00,Evening,Clear,Dry,82,59,Phone,Working,5,2,490955,Medium
1842,2025-04-08 00:00:00,Afternoon,Clear,Dry,69,111,None,Working,5,0,481889,Low
63,2025-09-22 00:00:00,Night,Clear,Dry,106,94,Phone,Working,3,9,861709,High
4064,2023-01-07 00:00:00,Afternoon,Clear,Dry,78,63,None,Not Working,3,3,94538,Low
1295,2025-04-22 00:00:00,Night,Fog,Dry,109,56,None,Working,4,6,353420,Medium
2712,2025-05-23 00:00:00,Evening,Clear,Dry,24,24,Phone,Working,1,1,688786,Low
2627,2023-02-27 00:00:00,Morning,Fog,Dry,27,75,Fatigue,Working,2,2,209159,Low
1243,2025-09-11 00:00:00,Evening,Clear,Dry,55,64,Fatigue,Working,4,8,405099,Medium
2023,2024-09-06 00:00:00,Night,Haze,Water-logged,86,65,Fatigue,Working,4,0,263560,Medium
1851,2023-11-23 00:00:00,Afternoon,Clear,Dry,81,99,None,Working,5,6,378661,Medium
4433,2025-04-24 00:00:00,Afternoon,Rain,Dry,27,97,Phone,Working,3,7,133205,Medium
3136,2024-03-13 00:00:00,Evening,Clear,Damaged,54,82,None,Not Working,4,2,293993,Low
3742,2023-07-16 00:00:00,Night,Clear,Dry,21,104,None,Working,4,4,169538,Medium
870,2024-06-26 00:00:00,Night,Rain,Dry,76,34,None,Not Working,5,0,816001,Low
141,2024-07-07 00:00:00,Night,Rain,Dry,97,70,None,Working,1,8,572665,Medium
4960,2025-09-13 00:00:00,Evening,Clear,Dry,33,89,Other,Working,5,5,612556,Medium
1990,2025-09-14 00:00:00,Evening,Clear,Water-logged,118,94,None,Working,2,2,156952,Medium
4868,2024-05-23 00:00:00,Morning,Clear,Dry,51,118,Phone,Working,3,4,294401,Medium
2464,2025-11-03 00:00:00,Evening,Clear,Wet,48,55,None,Working,4,7,897341,Medium
4926,2024-03-13 00:00:00,Afternoon,Clear,Dry,105,103,Phone,Working,1,9,209342,High
686,2024-05-22 00:00:00,Evening,Rain,Dry,22,107,None,Working,3,3,631125,Medium
626,2024-04-03 00:00:00,Afternoon,Fog,Wet,119,57,None,Working,3,2,573911,Medium
1718,2023-02-09 00:00:00,Evening,Clear,Wet,41,56,None,Working,4,0,862250,Low
1528,2025-04-01 00:00:00,Afternoon,Fog,Wet,83,90,None,Working,5,8,629486,High
3980,2023-01-22 00:00:00,Afternoon,Clear,Dry,110,91,Fatigue,Not Working,4,2,231395,Medium
3703,2023-04-29 00:00:00,Afternoon,Clear,Wet,106,27,Fatigue,Working,3,9,408829,Medium
1712,2024-04-05 00:00:00,Morning,Clear,Dry,32,47,Phone,Working,3,3,642205,Low
4009,2023-08-07 00:00:00,Evening,Clear,Dry,53,85,Fatigue,Working,5,6,979991,Medium
2832,2024-06-19 00:00:00,Evening,Clear,Dry,75,107,None,Working,5,2,88117,Medium
155,2023-10-22 00:00:00,Night,Rain,Wet,57,38,None,Not Working,3,2,908858,Medium
1702,2023-01-14 00:00:00,Afternoon,Rain,Dry,81,106,None,Working,1,9,570184,High
3894,2024-06-03 00:00:00,Afternoon,Clear,Water-logged,48,25,None,Working,2,6,153564,Low
3714,2024-06-20 00:00:00,Evening,Clear,Dry,113,70,None,Not Working,1,5,604035,Medium
2675,2025-03-18 00:00:00,Night,Clear,Dry,95,26,None,Not Working,5,9,314886,Medium
2247,2025-06-03 00:00:00,Morning,Rain,Dry,105,26,None,Working,3,3,391196,Medium
1910,2024-12-28 00:00:00,Morning,Clear,Dry,101,110,Fatigue,Working,1,4,177030,High
1253,2024-08-28 00:00:00,Morning,Clear,Water-logged,43,103,None,Working,4,5,832739,Medium
1379,2024-03-09 00:00:00,Afternoon,Haze,Dry,90,25,Phone,Working,2,9,883422,Medium
2314,2025-09-26 00:00:00,Evening,Clear,Dry,117,111,None,Not Working,4,8,810616,High
761,2025-08-14 00:00:00,Morning,Rain,Dry,60,119,None,Working,1,6,671511,High
3625,2023-10-15 00:00:00,Morning,Clear,Dry,110,88,None,Working,2,7,789333,Medium
3716,2025-11-25 00:00:00,Afternoon,Fog,Dry,79,56,Phone,Working,5,2,858974,Medium
3832,2024-07-21 00:00:00,Night,Clear,Dry,56,26,None,Working,2,5,124481,Low
3199,2025-11-01 00:00:00,Morning,Rain,Dry,78,110,None,Working,2,2,529522,Medium
2885,2023-06-30 00:00:00,Morning,Clear,Dry,52,105,None,Blinking,3,1,747498,Medium
376,2024-02-07 00:00:00,Afternoon,Rain,Dry,35,26,None,Working,3,8,886834,Medium
3539,2024-03-06 00:00:00,Evening,Clear,Wet,15,88,Fatigue,Working,4,3,668190,Low
942,2024-05-11 00:00:00,Evening,Clear,Wet,37,43,Fatigue,Not Working,5,4,844457,Low
509,2025-05-04 00:00:00,Night,Clear,Wet,74,91,None,Working,4,3,107825,Medium
674,2024-04-20 00:00:00,Evening,Clear,Dry,57,111,None,Working,4,0,160656,Medium
4387,2023-11-29 00:00:00,Night,Haze,Wet,69,96,None,Working,5,4,138505,High
1346,2023-11-09 00:00:00,Afternoon,Clear,Damaged,63,88,None,Not Working,2,1,544694,Medium
3810,2024-06-16 00:00:00,Morning,Clear,Dry,11,51,Phone,Not Working,1,6,456392,Medium
98,2025-12-07 00:00:00,Afternoon,Clear,Wet,109,80,None,Working,1,7,177078,Medium
1948,2025-06-01 00:00:00,Morning,Clear,Dry,71,77,None,Not Working,3,7,285905,Medium
2931,2024-02-19 00:00:00,Evening,Fog,Dry,88,94,None,Working,2,6,113672,Medium
871,2025-03-01 00:00:00,Afternoon,Clear,Dry,55,54,None,Blinking,1,9,142472,Medium
1135,2025-04-21 00:00:00,Evening,Clear,Dry,74,68,None,Not Working,2,9,23703,Medium
1093,2024-11-10 00:00:00,Evening,Clear,Dry,118,56,None,Working,1,4,761996,Medium
1799,2023-05-30 00:00:00,Morning,Clear,Dry,48,23,Fatigue,Working,1,4,281038,Low
3243,2024-09-26 00:00:00,Evening,Clear,Dry,67,82,Phone,Working,3,9,423057,Medium
1255,2023-05-15 00:00:00,Evening,Clear,Dry,19,80,Fatigue,Working,5,3,555254,Medium
764,2023-02-03 00:00:00,Evening,Clear,Dry,66,66,Phone,Working,4,4,204247,Medium
1095,2024-08-04 00:00:00,Morning,Clear,Dry,101,53,None,Working,1,8,667314,Medium
4734,2023-10-06 00:00:00,Night,Rain,Wet,70,65,Fatigue,Not Working,3,3,230867,Medium
939,2024-03-14 00:00:00,Morning,Clear,Dry,119,56,None,Not Working,2,7,942940,Medium
3427,2025-02-10 00:00:00,Evening,Clear,Dry,79,38,Phone,Working,3,6,939732,Medium
826,2024-07-01 00:00:00,Night,Clear,Dry,60,52,None,Working,5,7,569012,Medium
1130,2024-01-03 00:00:00,Afternoon,Clear,Water-logged,92,33,Fatigue,Blinking,3,0,732338,Low
2761,2025-03-16 00:00:00,Morning,Rain,Dry,69,97,None,Blinking,4,8,403974,High
783,2024-06-16 00:00:00,Afternoon,Rain,Water-logged,36,64,None,Working,5,1,780579,Low
2133,2025-03-16 00:00:00,Evening,Rain,Dry,26,84,Fatigue,Working,2,2,699247,Medium
4456,2024-06-12 00:00:00,Morning,Clear,Dry,61,37,None,Working,1,6,326002,Low
3823,2023-10-12 00:00:00,Night,Clear,Damaged,46,115,None,Blinking,1,7,869727,High
2790,2023-04-19 00:00:00,Night,Rain,Dry,48,105,Phone,Working,3,1,633133,Medium
4054,2023-11-22 00:00:00,Evening,Clear,Dry,72,42,None,Working,1,0,135788,Low
3279,2025-08-24 00:00:00,Afternoon,Clear,Dry,75,48,Fatigue,Working,3,5,249671,Medium
1404,2025-11-27 00:00:00,Evening,Fog,Dry,71,114,None,Working,1,3,339689,Medium
4794,2024-07-05 00:00:00,Afternoon,Clear,Wet,68,92,None,Not Working,1,2,274944,Medium
1453,2025-05-04 00:00:00,Night,Clear,Dry,13,83,None,Working,5,4,455607,Low
2219,2024-08-23 00:00:00,Night,Haze,Dry,111,74,None,Working,3,2,389444,Medium
4272,2025-11-06 00:00:00,Night,Clear,Dry,119,76,Phone,Working,2,3,151610,Medium
348,2025-04-09 00:00:00,Morning,Clear,Water-logged,59,45,Phone,Not Working,3,7,546094,Medium
3751,2024-11-03 00:00:00,Night,Rain,Dry,91,20,None,Working,3,7,123014,Medium
1993,2023-09-13 00:00:00,Evening,Clear,Damaged,30,76,None,Working,5,5,730645,Medium
526,2023-01-17 00:00:00,Afternoon,Clear,Wet,98,48,Phone,Working,2,8,251414,Medium
4303,2023-06-05 00:00:00,Evening,Fog,Dry,87,56,Phone,Working,1,1,142282,Medium
3537,2025-04-23 00:00:00,Afternoon,Clear,Dry,36,106,Phone,Not Working,2,7,271446,Medium
3556,2024-03-13 00:00:00,Evening,Rain,Dry,50,104,Phone,Not Working,5,4,147076,Medium
3676,2023-08-28 00:00:00,Afternoon,Clear,Dry,104,93,Phone,Working,5,4,843045,Medium
2919,2023-06-03 00:00:00,Afternoon,Clear,Dry,42,95,Phone,Working,4,7,812673,Medium
2348,2025-12-13 00:00:00,Afternoon,Clear,Wet,85,107,Phone,Working,4,0,590277,Medium
4618,2025-03-02 00:00:00,Night,Haze,Dry,47,52,Phone,Not Working,3,8,290508,Medium
2901,2024-08-24 00:00:00,Morning,Rain,Water-logged,85,47,None,Working,4,5,490992,Medium
606,2023-03-05 00:00:00,Afternoon,Rain,Dry,60,89,Fatigue,Working,5,4,440372,Medium
2762,2023-01-05 00:00:00,Morning,Clear,Wet,70,66,None,Not Working,4,7,966826,Medium
1952,2025-05-04 00:00:00,Morning,Clear,Dry,34,69,None,Working,4,1,530743,Low
998,2025-05-14 00:00:00,Morning,Rain,Wet,12,55,None,Working,1,8,912672,Medium
912,2024-11-26 00:00:00,Afternoon,Haze,Wet,37,94,Other,Working,5,8,65252,High
3141,2024-12-09 00:00:00,Afternoon,Clear,Damaged,60,24,Fatigue,Working,4,9,788509,Medium
3530,2023-08-03 00:00:00,Afternoon,Rain,Dry,52,116,None,Working,5,9,149340,High
3437,2024-10-27 00:00:00,Morning,Clear,Dry,60,48,Phone,Working,5,7,218207,Medium
3990,2024-09-13 00:00:00,Night,Rain,Dry,90,55,None,Not Working,1,1,298391,Medium
1310,2024-06-07 00:00:00,Night,Fog,Dry,66,21,Other,Not Working,4,6,376931,Medium
1497,2023-02-14 00:00:00,Evening,Clear,Dry,53,64,Fatigue,Working,1,9,709278,Medium
2945,2025-11-22 00:00:00,Evening,Clear,Dry,75,51,None,Working,4,8,89195,Medium
4528,2025-11-16 00:00:00,Night,Clear,Dry,85,78,Phone,Working,2,7,157958,High
2297,2025-05-25 00:00:00,Morning,Clear,Dry,17,56,Fatigue,Working,2,7,78095,Medium
4119,2025-06-02 00:00:00,Morning,Haze,Damaged,119,116,Other,Working,4,5,708641,High
3746,2023-05-30 00:00:00,Morning,Clear,Dry,99,112,Phone,Working,4,8,923729,High
3278,2025-03-11 00:00:00,Afternoon,Clear,Wet,69,117,Fatigue,Working,5,1,458804,Medium
1455,2025-07-08 00:00:00,Morning,Haze,Damaged,74,62,Phone,Working,5,8,425525,High
510,2024-12-27 00:00:00,Evening,Clear,Dry,60,96,None,Not Working,5,4,938929,Medium
3680,2025-01-01 00:00:00,Afternoon,Clear,Dry,49,45,None,Working,1,5,723556,Medium
3730,2025-06-25 00:00:00,Evening,Clear,Dry,40,119,Phone,Working,2,7,375349,Medium
3310,2024-04-06 00:00:00,Afternoon,Clear,Dry,59,74,Phone,Working,2,7,451954,Medium
4936,2025-11-16 00:00:00,Afternoon,Clear,Water-logged,38,105,None,Blinking,3,7,394542,Medium
2696,2025-08-08 00:00:00,Evening,Rain,Wet,14,86,None,Not Working,5,9,861021,Medium
107,2023-12-20 00:00:00,Afternoon,Clear,Dry,10,110,Fatigue,Working,1,5,934684,Medium
2129,2023-04-11 00:00:00,Night,Clear,Wet,98,96,None,Working,5,8,633591,Medium
3711,2025-09-28 00:00:00,Morning,Fog,Dry,111,60,None,Working,1,8,618413,High
1885,2023-07-24 00:00:00,Morning,Haze,Wet,21,35,Phone,Working,5,4,116270,Low
209,2024-04-11 00:00:00,Morning,Fog,Dry,83,30,Fatigue,Blinking,4,0,611410,Low
3831,2025-01-07 00:00:00,Afternoon,Clear,Dry,55,63,Fatigue,Not Working,4,8,691086,Medium
4022,2024-04-20 00:00:00,Morning,Fog,Dry,76,52,None,Not Working,2,8,110874,Medium
4710,2024-06-04 00:00:00,Evening,Rain,Dry,16,115,Phone,Not Working,3,7,231812,High
1691,2023-04-26 00:00:00,Morning,Rain,Dry,107,98,None,Working,4,4,504272,High
1542,2024-08-03 00:00:00,Morning,Fog,Dry,38,87,Phone,Working,4,0,820828,Medium
2508,2023-08-06 00:00:00,Afternoon,Clear,Damaged,98,20,None,Working,5,1,117962,Low
4024,2023-04-14 00:00:00,Night,Clear,Dry,19,89,None,Working,4,2,832744,Low
876,2023-03-25 00:00:00,Morning,Clear,Dry,27,111,Phone,Working,5,8,119943,Medium
3999,2024-03-11 00:00:00,Evening,Clear,Dry,44,98,Other,Working,3,0,775981,Medium
1270,2023-06-09 00:00:00,Afternoon,Rain,Dry,113,36,None,Working,4,5,398508,Medium
1242,2023-01-23 00:00:00,Evening,Clear,Water-logged,37,26,None,Working,2,5,375151,Low
2786,2025-06-10 00:00:00,Morning,Clear,Wet,115,27,Phone,Working,1,3,666528,Low
2798,2024-10-06 00:00:00,Evening,Clear,Dry,97,57,None,Working,2,9,352631,Medium
1821,2024-04-03 00:00:00,Morning,Clear,Water-logged,112,24,None,Working,5,5,254937,Low
1479,2023-05-24 00:00:00,Evening,Clear,Dry,74,22,Phone,Working,1,5,386646,Low
1580,2025-11-17 00:00:00,Evening,Rain,Wet,58,93,None,Not Working,1,2,457319,Medium
350,2024-10-03 00:00:00,Evening,Rain,Dry,116,78,None,Working,3,1,313436,Medium
1579,2024-09-19 00:00:00,Evening,Clear,Wet,102,41,Other,Working,3,2,66037,Medium
1960,2025-08-18 00:00:00,Evening,Haze,Water-logged,65,74,Phone,Working,5,1,177681,Medium
1049,2025-03-08 00:00:00,Night,Fog,Dry,19,113,None,Not Working,1,0,310443,Medium
347,2025-01-01 00:00:00,Evening,Clear,Dry,77,106,Fatigue,Working,3,1,418951,Medium
2202,2024-11-30 00:00:00,Morning,Clear,Wet,95,32,None,Working,3,8,242021,Medium
3428,2023-09-29 00:00:00,Evening,Haze,Wet,41,75,None,Working,5,4,810481,Medium
4695,2023-12-28 00:00:00,Afternoon,Clear,Dry,19,62,None,Working,2,5,768068,Medium
4758,2023-10-15 00:00:00,Evening,Haze,Wet,61,30,None,Working,5,2,434077,Medium
631,2024-06-11 00:00:00,Evening,Rain,Dry,10,54,Phone,Working,1,8,21351,Medium
4774,2023-10-21 00:00:00,Night,Clear,Dry,26,55,Phone,Working,5,3,944962,Low
108,2023-07-23 00:00:00,Evening,Clear,Dry,67,20,Phone,Not Working,4,6,133782,Medium
1159,2025-07-15 00:00:00,Night,Clear,Wet,57,22,Phone,Working,4,0,64176,Low
4892,2024-08-04 00:00:00,Morning,Clear,Dry,60,76,Fatigue,Working,3,2,595549,Medium
4257,2025-04-23 00:00:00,Night,Clear,Dry,70,42,Fatigue,Working,5,5,104181,Medium
2728,2024-11-14 00:00:00,Morning,Clear,Wet,51,35,None,Working,5,9,921673,Medium
1155,2024-02-09 00:00:00,Evening,Clear,Wet,81,78,Phone,Working,2,0,476304,Medium
14,2024-09-01 00:00:00,Morning,Rain,Dry,100,30,None,Working,5,4,630073,Medium
4238,2024-03-30 00:00:00,Evening,Clear,Dry,65,28,None,Working,4,8,364217,Medium
3923,2023-09-15 00:00:00,Evening,Rain,Dry,59,38,None,Working,3,3,570335,Medium
4309,2025-09-18 00:00:00,Night,Clear,Dry,12,106,None,Working,4,8,820875,Medium
4385,2024-12-13 00:00:00,Night,Clear,Wet,80,54,None,Not Working,2,3,148271,Medium
4074,2025-11-21 00:00:00,Evening,Clear,Water-logged,74,83,Fatigue,Working,4,3,877203,Medium
158,2025-02-27 00:00:00,Evening,Rain,Dry,76,44,None,Working,2,8,937045,Medium
1211,2025-03-25 00:00:00,Afternoon,Clear,Dry,115,32,None,Working,4,3,834153,Medium
2921,2025-08-13 00:00:00,Afternoon,Rain,Water-logged,52,31,None,Working,2,5,192803,Medium
1094,2023-08-31 00:00:00,Evening,Rain,Dry,28,62,None,Working,4,0,514102,Medium
4841,2025-11-09 00:00:00,Night,Fog,Dry,63,119,Other,Working,5,0,791648,Medium
4522,2024-09-22 00:00:00,Evening,Rain,Water-logged,34,41,Fatigue,Not Working,5,8,929720,Medium
1928,2025-07-26 00:00:00,Afternoon,Rain,Dry,38,48,None,Working,3,2,635949,Medium
2021,2023-07-01 00:00:00,Night,Rain,Dry,14,100,None,Not Working,2,3,390891,Medium
624,2024-09-17 00:00:00,Afternoon,Rain,Water-logged,83,65,Fatigue,Working,5,4,480679,High
3669,2025-03-22 00:00:00,Morning,Clear,Water-logged,28,102,Phone,Blinking,2,7,405187,Medium
1300,2024-05-02 00:00:00,Evening,Clear,Dry,38,93,Phone,Working,4,1,391708,Low
923,2024-12-23 00:00:00,Night,Clear,Dry,29,110,Other,Working,3,2,630220,Medium
1933,2025-12-25 00:00:00,Evening,Clear,Dry,19,92,Fatigue,Blinking,2,3,384829,Medium
3912,2024-10-02 00:00:00,Afternoon,Rain,Dry,99,33,Fatigue,Working,3,0,409321,Medium
728,2025-08-27 00:00:00,Evening,Clear,Dry,51,59,Fatigue,Not Working,1,1,650781,Low
731,2023-07-12 00:00:00,Morning,Fog,Dry,111,64,None,Working,4,7,799171,High
2049,2024-10-24 00:00:00,Evening,Clear,Wet,67,118,Fatigue,Working,1,7,19200,High
4863,2023-10-28 00:00:00,Morning,Haze,Dry,118,83,Other,Working,5,0,813600,Medium
3520,2023-07-29 00:00:00,Morning,Fog,Dry,14,74,None,Working,4,9,457927,Medium
334,2023-09-04 00:00:00,Morning,Clear,Wet,20,59,None,Blinking,2,7,269617,Medium
1761,2025-10-07 00:00:00,Afternoon,Clear,Wet,83,93,Phone,Working,3,4,665975,Medium
3425,2024-12-20 00:00:00,Night,Clear,Water-logged,94,85,Fatigue,Working,4,6,762591,Medium
4478,2024-04-06 00:00:00,Afternoon,Fog,Damaged,83,116,Phone,Blinking,5,9,552636,High
4534,2024-06-17 00:00:00,Afternoon,Fog,Dry,20,84,None,Blinking,4,3,187335,Medium
1571,2025-05-11 00:00:00,Evening,Rain,Dry,35,59,None,Working,1,1,338276,Medium
3173,2025-06-06 00:00:00,Morning,Clear,Dry,37,38,None,Working,2,9,380553,Medium
2275,2024-01-08 00:00:00,Night,Clear,Dry,110,49,Phone,Working,1,6,541081,Medium
4925,2023-04-30 00:00:00,Morning,Clear,Dry,23,25,Fatigue,Blinking,3,2,403409,Low
1956,2024-06-04 00:00:00,Night,Clear,Wet,104,52,None,Working,2,0,793322,Low
3318,2024-07-22 00:00:00,Morning,Rain,Dry,30,70,Phone,Working,3,0,154659,Medium
877,2023-12-09 00:00:00,Evening,Fog,Dry,21,32,Phone,Working,5,0,622055,Low
46,2025-07-16 00:00:00,Evening,Rain,Wet,74,77,Phone,Working,2,5,706540,Medium
707,2024-03-25 00:00:00,Afternoon,Fog,Wet,24,21,None,Working,2,1,812013,Low
2398,2025-03-19 00:00:00,Morning,Fog,Dry,99,24,None,Working,5,5,771647,Medium
4220,2024-08-10 00:00:00,Afternoon,Clear,Dry,48,109,None,Working,4,7,958948,Medium
260,2025-02-05 00:00:00,Morning,Fog,Dry,47,74,Phone,Not Working,4,2,163083,Medium
1632,2024-08-16 00:00:00,Afternoon,Clear,Water-logged,74,30,None,Working,5,1,705614,Low
431,2024-09-07 00:00:00,Morning,Rain,Dry,86,64,None,Blinking,3,7,467742,High
3058,2025-09-17 00:00:00,Morning,Clear,Dry,113,22,Phone,Working,1,4,477406,Medium
3928,2024-06-27 00:00:00,Evening,Clear,Dry,112,61,Fatigue,Blinking,1,6,203864,Medium
212,2023-01-24 00:00:00,Evening,Clear,Dry,94,107,Fatigue,Working,4,1,889978,Medium
514,2025-05-11 00:00:00,Night,Rain,Dry,45,90,None,Not Working,3,8,998356,Medium
1694,2024-11-20 00:00:00,Morning,Fog,Water-logged,35,33,None,Working,4,6,916385,Medium
1305,2025-11-04 00:00:00,Evening,Clear,Dry,108,81,None,Working,4,8,119915,Medium
4469,2025-06-26 00:00:00,Night,Clear,Dry,18,93,None,Not Working,2,0,839939,Low
227,2024-12-09 00:00:00,Night,Rain,Wet,42,30,Phone,Working,5,3,317856,Medium
2814,2023-06-17 00:00:00,Morning,Clear,Dry,34,101,Phone,Working,1,6,639969,Medium
3686,2024-06-13 00:00:00,Evening,Rain,Dry,33,87,Phone,Not Working,4,2,450113,Medium
3617,2024-05-15 00:00:00,Evening,Haze,Dry,71,104,None,Working,5,6,555636,High
965,2024-11-09 00:00:00,Afternoon,Clear,Water-logged,21,86,Fatigue,Working,5,0,949951,Low
468,2023-03-25 00:00:00,Night,Fog,Dry,108,40,Other,Blinking,1,3,192768,Medium
2674,2025-07-01 00:00:00,Morning,Clear,Dry,117,85,Phone,Not Working,3,7,909448,High
441,2025-03-19 00:00:00,Morning,Clear,Wet,59,96,Fatigue,Not Working,4,8,66324,High
4414,2024-10-07 00:00:00,Evening,Clear,Dry,89,61,Phone,Working,1,5,22039,Medium
2294,2023-01-01 00:00:00,Evening,Clear,Dry,109,98,None,Working,1,0,853075,Medium
597,2024-07-09 00:00:00,Evening,Clear,Dry,77,83,None,Working,2,8,115265,High
2229,2023-01-04 00:00:00,Afternoon,Haze,Dry,53,76,Other,Working,3,5,175165,Medium
645,2024-07-18 00:00:00,Morning,Rain,Dry,91,26,Phone,Working,5,8,400579,Medium
1862,2025-08-17 00:00:00,Evening,Haze,Dry,79,93,None,Working,2,0,921098,Medium
1260,2023-12-08 00:00:00,Evening,Clear,Dry,119,82,Phone,Working,5,8,363973,High
3341,2025-05-04 00:00:00,Night,Fog,Wet,96,112,None,Blinking,4,8,707197,High
3391,2023-06-26 00:00:00,Afternoon,Rain,Dry,59,90,Other,Working,4,4,433088,Medium
1436,2025-04-28 00:00:00,Morning,Rain,Dry,97,33,None,Working,1,9,903765,High
3390,2023-12-06 00:00:00,Evening,Clear,Dry,94,104,None,Working,4,5,206989,Medium
3408,2025-11-10 00:00:00,Night,Clear,Water-logged,24,70,None,Working,3,7,975700,Medium
839,2023-07-18 00:00:00,Evening,Rain,Wet,66,38,None,Working,3,0,784043,Low
2074,2023-10-15 00:00:00,Night,Clear,Damaged,73,109,Phone,Working,5,3,348722,Medium
4282,2023-11-21 00:00:00,Evening,Haze,Wet,84,82,Phone,Working,2,9,101527,High
240,2024-01-08 00:00:00,Morning,Clear,Dry,63,77,Fatigue,Working,2,0,843337,Medium
3627,2025-10-22 00:00:00,Morning,Clear,Dry,12,90,None,Working,4,1,5732,Low
3076,2023-08-07 00:00:00,Night,Clear,Wet,68,74,None,Working,1,1,419036,Medium
607,2023-12-24 00:00:00,Morning,Fog,Wet,28,24,None,Working,1,0,162318,Low
3208,2023-02-04 00:00:00,Evening,Clear,Wet,103,77,None,Working,4,9,645294,Medium
3551,2025-12-24 00:00:00,Night,Haze,Dry,118,117,None,Not Working,2,7,959566,High
29,2023-11-19 00:00:00,Evening,Rain,Wet,36,48,None,Working,2,6,831828,Medium
4691,2023-09-07 00:00:00,Afternoon,Haze,Wet,113,86,None,Not Working,2,1,900521,Medium
2620,2023-05-28 00:00:00,Afternoon,Clear,Wet,74,108,None,Not Working,2,3,333030,Medium
2462,2023-03-05 00:00:00,Night,Clear,Wet,47,74,Phone,Working,1,3,370951,Medium
3075,2024-04-26 00:00:00,Evening,Fog,Damaged,107,69,Phone,Not Working,2,1,868466,Medium
3409,2024-02-27 00:00:00,Morning,Clear,Dry,112,35,None,Not Working,3,3,5545,Medium
4292,2024-09-14 00:00:00,Morning,Clear,Dry,55,34,Other,Working,4,5,869806,Low
3177,2024-02-03 00:00:00,Evening,Clear,Wet,24,96,None,Working,1,3,368049,Low
2467,2024-09-27 00:00:00,Afternoon,Fog,Dry,41,96,None,Working,3,6,23476,Medium
2386,2025-04-28 00:00:00,Evening,Clear,Dry,46,85,Other,Working,2,9,370611,High
1419,2023-04-28 00:00:00,Afternoon,Rain,Wet,54,75,None,Blinking,4,8,47094,High
1913,2024-04-05 00:00:00,Night,Clear,Dry,66,62,Phone,Working,5,5,552423,Medium
780,2023-09-03 00:00:00,Evening,Clear,Dry,83,113,Phone,Working,1,6,362974,Medium
400,2023-02-04 00:00:00,Evening,Fog,Dry,113,32,Fatigue,Working,1,5,254483,Medium
1424,2025-06-30 00:00:00,Morning,Clear,Dry,42,103,None,Working,5,6,204325,Medium
329,2023-09-04 00:00:00,Afternoon,Clear,Dry,10,108,None,Working,2,1,859421,Medium
4718,2024-08-24 00:00:00,Night,Clear,Water-logged,45,90,Phone,Working,4,0,98965,Low
2533,2023-02-05 00:00:00,Afternoon,Clear,Dry,107,85,None,Working,2,9,353831,Medium
663,2024-10-27 00:00:00,Evening,Fog,Water-logged,37,24,None,Working,5,6,622424,Low
777,2024-12-14 00:00:00,Morning,Rain,Dry,68,86,Phone,Working,4,8,378980,High
3453,2024-10-16 00:00:00,Evening,Rain,Water-logged,16,112,None,Working,5,1,278639,Medium
817,2025-07-03 00:00:00,Evening,Clear,Water-logged,46,21,None,Working,4,2,181509,Low
1363,2023-09-19 00:00:00,Evening,Clear,Wet,38,48,Phone,Working,5,2,657064,Low
4230,2025-01-14 00:00:00,Morning,Rain,Dry,79,101,Fatigue,Working,4,8,628910,High
1438,2024-08-12 00:00:00,Evening,Clear,Water-logged,69,66,Fatigue,Working,4,3,746205,Medium
6,2024-09-20 00:00:00,Morning,Clear,Water-logged,109,91,Phone,Working,4,7,373315,High
4160,2023-01-11 00:00:00,Evening,Clear,Dry,92,75,Phone,Working,5,9,390723,Medium
48,2025-04-21 00:00:00,Evening,Clear,Dry,103,105,None,Working,3,1,596131,Medium
3966,2023-11-16 00:00:00,Evening,Rain,Wet,113,72,Other,Working,2,3,370933,Medium
38,2025-10-11 00:00:00,Morning,Haze,Dry,40,94,Phone,Working,2,6,696588,Medium
2363,2025-08-13 00:00:00,Afternoon,Clear,Wet,58,72,None,Working,3,9,410564,Medium
757,2025-04-02 00:00:00,Evening,Rain,Dry,90,97,Other,Working,1,4,804169,High
28,2024-10-29 00:00:00,Evening,Clear,Water-logged,33,41,Phone,Working,2,0,24267,Low
4056,2025-01-28 00:00:00,Morning,Haze,Wet,10,65,None,Blinking,2,8,859595,Medium
2830,2025-04-28 00:00:00,Morning,Clear,Dry,53,46,Phone,Working,4,4,743343,Medium
1132,2023-02-13 00:00:00,Afternoon,Rain,Dry,85,36,Fatigue,Working,3,1,315063,Medium
1456,2024-08-05 00:00:00,Night,Clear,Dry,94,73,Fatigue,Working,2,0,671224,Medium
2221,2023-12-22 00:00:00,Evening,Haze,Dry,14,103,Phone,Working,4,3,626079,Medium
4130,2024-03-28 00:00:00,Morning,Haze,Dry,37,74,Phone,Working,2,8,816212,Medium
4772,2023-03-06 00:00:00,Afternoon,Clear,Water-logged,55,105,Phone,Blinking,4,5,480022,Medium
3747,2025-11-20 00:00:00,Evening,Clear,Damaged,110,88,Phone,Working,2,4,870148,Medium
3203,2025-05-31 00:00:00,Morning,Haze,Dry,23,86,None,Working,4,2,87728,Medium
1896,2023-05-30 00:00:00,Evening,Fog,Dry,38,39,None,Working,1,4,136806,Medium
337,2024-12-04 00:00:00,Night,Clear,Dry,98,55,Phone,Not Working,5,0,682968,Low
307,2025-10-24 00:00:00,Evening,Clear,Water-logged,89,114,Phone,Working,4,8,906112,High
3397,2024-03-17 00:00:00,Night,Rain,Dry,43,103,Fatigue,Not Working,1,9,931610,High
1848,2023-08-12 00:00:00,Morning,Clear,Wet,101,55,None,Not Working,2,6,592503,Medium
3590,2024-07-17 00:00:00,Morning,Rain,Dry,63,97,Phone,Not Working,3,1,21625,Medium
914,2023-12-25 00:00:00,Afternoon,Clear,Water-logged,24,28,Phone,Working,5,5,12792,Low
2132,2023-03-13 00:00:00,Morning,Clear,Dry,86,113,None,Not Working,5,6,287875,Medium
906,2023-04-01 00:00:00,Night,Rain,Dry,91,60,Phone,Working,2,0,917855,Medium
1780,2023-03-10 00:00:00,Night,Clear,Wet,48,23,Phone,Working,3,0,237979,Low
1722,2024-06-22 00:00:00,Morning,Clear,Water-logged,31,53,None,Working,2,6,230572,Medium
3838,2024-04-22 00:00:00,Morning,Rain,Wet,59,109,None,Blinking,4,6,402453,High
3598,2023-07-19 00:00:00,Evening,Clear,Dry,108,91,Phone,Working,5,7,342876,Medium
3803,2025-12-06 00:00:00,Night,Clear,Damaged,67,28,None,Working,4,8,53164,Medium
2335,2023-12-23 00:00:00,Morning,Clear,Dry,90,61,Fatigue,Not Working,4,5,58202,Medium
4173,2025-03-28 00:00:00,Afternoon,Clear,Wet,72,32,Phone,Working,2,4,889189,Medium
4971,2023-11-07 00:00:00,Afternoon,Clear,Damaged,56,98,None,Blinking,5,5,265310,Medium
1981,2023-10-01 00:00:00,Morning,Clear,Dry,52,101,None,Not Working,1,5,828285,Medium
2819,2025-12-08 00:00:00,Morning,Haze,Dry,85,59,None,Not Working,3,5,474946,Medium
2436,2023-06-09 00:00:00,Afternoon,Fog,Damaged,93,90,None,Blinking,2,8,645278,High
3774,2024-01-02 00:00:00,Evening,Clear,Wet,57,114,Phone,Not Working,3,1,240579,Medium
2326,2025-07-29 00:00:00,Night,Clear,Wet,116,97,Fatigue,Working,1,9,328405,High
426,2025-01-23 00:00:00,Evening,Rain,Wet,25,32,None,Not Working,1,3,201274,Low
127,2025-07-18 00:00:00,Night,Clear,Dry,77,119,Fatigue,Blinking,2,6,538067,High
2727,2024-10-30 00:00:00,Morning,Clear,Wet,55,109,None,Working,2,8,668415,Medium
719,2023-11-22 00:00:00,Morning,Clear,Dry,103,75,None,Working,1,5,404533,Medium
2718,2023-05-05 00:00:00,Night,Haze,Wet,113,75,None,Working,2,6,756184,Medium
2289,2025-09-24 00:00:00,Afternoon,Haze,Dry,60,100,None,Working,1,4,719841,Medium
2471,2025-12-05 00:00:00,Morning,Fog,Wet,15,56,None,Not Working,3,9,636762,Medium
3969,2023-10-26 00:00:00,Evening,Rain,Wet,11,22,None,Working,1,9,316533,Medium
718,2025-11-19 00:00:00,Night,Clear,Dry,39,46,None,Not Working,4,1,810110,Low
3977,2024-05-08 00:00:00,Afternoon,Clear,Dry,78,42,Fatigue,Working,3,4,592508,Medium
412,2024-01-06 00:00:00,Night,Clear,Wet,60,49,None,Blinking,5,7,491845,Medium
110,2023-12-23 00:00:00,Morning,Haze,Dry,111,101,Phone,Working,3,4,498173,High
2510,2024-08-19 00:00:00,Night,Haze,Water-logged,37,40,None,Working,3,5,256976,Medium
4808,2023-10-24 00:00:00,Night,Rain,Wet,15,60,Other,Working,2,0,504215,Low
2286,2025-01-04 00:00:00,Afternoon,Clear,Wet,97,110,Phone,Not Working,1,5,838222,Medium
4881,2025-12-31 00:00:00,Morning,Clear,Wet,83,34,None,Working,5,0,524558,Low
3942,2023-06-10 00:00:00,Night,Clear,Dry,55,119,None,Working,3,6,242296,Medium
1997,2025-11-27 00:00:00,Night,Rain,Water-logged,88,43,None,Not Working,5,1,983928,Medium
2251,2023-11-01 00:00:00,Morning,Fog,Wet,41,104,None,Working,4,4,542089,Medium
4898,2024-05-09 00:00:00,Afternoon,Rain,Dry,69,91,None,Not Working,5,8,846319,High
2822,2025-05-16 00:00:00,Morning,Clear,Dry,63,23,None,Blinking,1,1,974203,Low
4169,2024-02-22 00:00:00,Afternoon,Clear,Dry,41,103,Other,Blinking,4,2,340994,Medium
4602,2024-05-15 00:00:00,Evening,Rain,Dry,92,20,None,Working,4,7,920452,Medium
794,2023-02-18 00:00:00,Evening,Haze,Dry,82,47,Phone,Not Working,5,7,822169,Medium
122,2024-02-02 00:00:00,Night,Haze,Dry,82,21,None,Working,2,4,514517,Medium
4436,2024-03-16 00:00:00,Afternoon,Clear,Dry,75,107,Phone,Not Working,2,4,477379,Medium
1399,2024-11-17 00:00:00,Evening,Clear,Dry,26,71,Phone,Working,4,0,346936,Low
320,2024-05-13 00:00:00,Afternoon,Rain,Dry,117,63,None,Working,1,5,520806,Medium
4049,2025-08-27 00:00:00,Night,Haze,Water-logged,65,79,Other,Not Working,5,4,626845,Medium
3952,2023-03-26 00:00:00,Night,Fog,Wet,15,31,Phone,Working,1,6,987344,Medium
4442,2023-09-01 00:00:00,Night,Clear,Dry,30,44,Fatigue,Working,4,7,796340,Medium
2292,2024-11-25 00:00:00,Afternoon,Clear,Dry,35,116,None,Working,2,3,695796,Medium
4218,2023-08-28 00:00:00,Afternoon,Haze,Dry,28,40,Phone,Working,4,5,243152,Medium
3268,2025-05-25 00:00:00,Evening,Clear,Wet,21,64,Other,Working,5,0,408730,Low
2855,2025-09-17 00:00:00,Morning,Clear,Dry,68,47,None,Not Working,3,4,74120,Medium
3635,2024-09-30 00:00:00,Morning,Clear,Wet,91,38,None,Not Working,4,8,662814,Medium
3917,2023-08-21 00:00:00,Evening,Clear,Wet,88,35,None,Working,3,7,447628,Medium
4897,2023-01-28 00:00:00,Morning,Rain,Dry,106,51,None,Working,5,6,720815,Medium
1740,2025-01-17 00:00:00,Afternoon,Haze,Dry,76,24,Fatigue,Working,1,3,817222,Medium
1014,2023-11-04 00:00:00,Morning,Clear,Dry,79,114,Fatigue,Working,4,3,73176,Medium
2484,2024-05-07 00:00:00,Morning,Clear,Dry,10,68,Phone,Not Working,4,1,337867,Low
4813,2025-10-09 00:00:00,Morning,Clear,Dry,55,28,Phone,Blinking,3,3,69567,Medium
3811,2023-08-09 00:00:00,Evening,Clear,Wet,98,119,Fatigue,Working,4,1,239053,Medium
3567,2024-12-18 00:00:00,Evening,Haze,Dry,98,101,Phone,Not Working,2,2,738354,High
1238,2024-05-28 00:00:00,Afternoon,Rain,Water-logged,61,32,None,Working,4,3,849564,Medium
3820,2025-07-13 00:00:00,Afternoon,Clear,Dry,95,82,None,Working,2,0,580534,Medium
851,2023-08-05 00:00:00,Morning,Clear,Dry,22,39,Phone,Working,4,4,445851,Low
24,2025-12-25 00:00:00,Afternoon,Rain,Dry,79,98,Other,Working,3,1,536180,Medium
4138,2023-11-03 00:00:00,Afternoon,Clear,Dry,90,113,None,Blinking,1,9,818976,High
1646,2024-09-16 00:00:00,Evening,Clear,Dry,51,98,Fatigue,Not Working,5,7,13828,Medium
4740,2025-09-16 00:00:00,Evening,Rain,Dry,84,74,Phone,Working,3,6,453069,Medium
2319,2025-11-30 00:00:00,Afternoon,Clear,Dry,77,68,Fatigue,Not Working,1,7,816800,Medium
2364,2023-03-29 00:00:00,Afternoon,Fog,Dry,104,119,None,Working,1,0,854767,High
1651,2023-07-03 00:00:00,Morning,Clear,Dry,111,85,Other,Working,2,2,638160,Medium
2102,2025-06-14 00:00:00,Evening,Clear,Dry,60,99,None,Working,5,1,177661,Medium
2216,2025-03-23 00:00:00,Afternoon,Rain,Dry,22,26,None,Working,2,5,120857,Low
3594,2023-06-11 00:00:00,Evening,Haze,Water-logged,16,66,Fatigue,Working,2,1,635620,Medium
179,2024-02-07 00:00:00,Night,Clear,Wet,88,115,Other,Not Working,2,9,543752,High
4367,2023-11-04 00:00:00,Morning,Clear,Damaged,14,57,None,Working,3,4,279311,Low
294,2025-08-19 00:00:00,Afternoon,Clear,Wet,77,117,Phone,Working,4,1,268002,Medium
4968,2025-11-27 00:00:00,Evening,Clear,Dry,31,36,Other,Working,1,1,149931,Low
1788,2025-03-15 00:00:00,Evening,Fog,Dry,98,66,Fatigue,Working,1,2,496423,Medium
1136,2023-05-18 00:00:00,Morning,Clear,Dry,14,74,Other,Working,1,3,712751,Low
4980,2023-11-20 00:00:00,Morning,Rain,Wet,61,78,None,Blinking,4,7,178718,Medium
4241,2024-02-19 00:00:00,Evening,Clear,Wet,21,77,None,Working,2,3,354503,Low
3731,2025-08-15 00:00:00,Morning,Clear,Dry,29,26,Fatigue,Working,1,6,633258,Medium
4449,2023-06-14 00:00:00,Afternoon,Clear,Dry,89,96,Fatigue,Working,3,1,754204,Medium
1739,2024-06-13 00:00:00,Afternoon,Clear,Wet,10,63,None,Working,3,7,61316,Low
2361,2023-04-19 00:00:00,Morning,Rain,Wet,39,77,None,Blinking,3,4,586571,Medium
4949,2023-03-04 00:00:00,Night,Clear,Dry,13,59,None,Blinking,3,7,62040,Medium
221,2024-03-15 00:00:00,Evening,Clear,Wet,61,111,Other,Working,5,4,508607,Medium
4332,2024-12-22 00:00:00,Morning,Rain,Dry,96,23,None,Working,2,3,562226,Medium
2566,2025-01-09 00:00:00,Afternoon,Fog,Wet,77,46,Phone,Not Working,1,1,666961,Medium
882,2024-05-01 00:00:00,Evening,Rain,Dry,82,24,None,Not Working,2,7,945046,Medium
3137,2024-10-03 00:00:00,Evening,Clear,Water-logged,69,33,None,Working,2,5,601306,Medium
2476,2023-07-23 00:00:00,Night,Clear,Dry,40,62,Fatigue,Not Working,1,0,781420,Low
2799,2025-02-16 00:00:00,Night,Clear,Wet,106,34,None,Working,2,8,632712,Medium
4036,2025-01-07 00:00:00,Night,Rain,Wet,15,93,Phone,Working,1,6,715376,Medium
1234,2025-04-12 00:00:00,Morning,Clear,Wet,95,51,None,Working,4,3,577843,Medium
4573,2024-11-16 00:00:00,Morning,Clear,Dry,104,36,Other,Working,4,3,664785,Medium
4786,2024-02-23 00:00:00,Afternoon,Rain,Wet,62,61,Phone,Working,1,3,654153,Medium
1239,2023-04-13 00:00:00,Night,Fog,Dry,82,105,None,Not Working,3,9,682242,High
101,2023-10-19 00:00:00,Morning,Clear,Damaged,116,57,Phone,Not Working,5,5,100615,Medium
4198,2023-10-28 00:00:00,Afternoon,Haze,Wet,41,64,Phone,Not Working,4,3,271187,Medium
2581,2023-03-04 00:00:00,Morning,Rain,Wet,19,71,None,Not Working,2,8,534368,Medium
1543,2025-09-22 00:00:00,Evening,Haze,Wet,23,107,None,Not Working,2,1,457113,Medium
4857,2023-08-12 00:00:00,Morning,Clear,Dry,113,79,None,Working,2,9,774527,Medium
1364,2025-07-11 00:00:00,Evening,Clear,Dry,59,70,Phone,Not Working,2,5,274104,Medium
971,2025-10-02 00:00:00,Evening,Rain,Dry,64,36,None,Working,1,8,72438,Medium
2164,2023-04-05 00:00:00,Night,Rain,Dry,46,38,Phone,Working,4,9,887064,Medium
4120,2024-10-16 00:00:00,Evening,Fog,Dry,27,98,None,Not Working,1,2,212805,Medium
3210,2024-10-21 00:00:00,Evening,Clear,Water-logged,81,65,Phone,Working,4,7,108988,Medium
4928,2025-09-23 00:00:00,Morning,Haze,Dry,47,64,None,Working,2,8,379785,Medium
3444,2024-08-14 00:00:00,Night,Clear,Wet,67,42,None,Working,2,8,668412,Medium
1079,2023-11-27 00:00:00,Morning,Rain,Dry,83,112,None,Working,4,3,572703,Medium
3152,2023-08-03 00:00:00,Morning,Fog,Dry,114,54,Other,Working,1,6,140191,High
3658,2023-05-15 00:00:00,Evening,Clear,Dry,107,79,Phone,Not Working,3,7,50699,Medium
449,2024-11-09 00:00:00,Afternoon,Clear,Dry,93,25,None,Working,1,2,722943,Low
2312,2023-04-18 00:00:00,Night,Clear,Wet,10,56,None,Working,2,6,259507,Low
4824,2025-05-06 00:00:00,Afternoon,Clear,Dry,26,33,None,Working,1,9,800557,Medium
2188,2024-06-14 00:00:00,Evening,Clear,Wet,49,46,Other,Working,5,1,117109,Low
4577,2023-01-09 00:00:00,Afternoon,Rain,Damaged,105,56,None,Working,5,7,210134,Medium
2460,2025-11-02 00:00:00,Afternoon,Clear,Dry,59,70,Other,Not Working,4,0,740750,Medium
2895,2023-06-21 00:00:00,Morning,Clear,Dry,68,74,None,Working,3,8,296754,Medium
4747,2023-09-04 00:00:00,Morning,Rain,Dry,76,22,Fatigue,Working,5,0,871611,Medium
1563,2025-08-26 00:00:00,Evening,Clear,Water-logged,107,51,None,Working,4,4,742786,Medium
1883,2023-12-24 00:00:00,Evening,Clear,Dry,45,68,Fatigue,Not Working,3,7,604993,Medium
4273,2023-12-13 00:00:00,Morning,Rain,Dry,83,79,None,Working,4,1,292951,Medium
3913,2024-02-04 00:00:00,Morning,Fog,Dry,105,103,Fatigue,Working,5,2,876353,Medium
4661,2023-12-17 00:00:00,Evening,Rain,Wet,84,40,Other,Working,5,2,363884,Medium
1970,2024-07-02 00:00:00,Morning,Clear,Wet,107,113,Phone,Working,4,4,716859,Medium
3505,2023-10-22 00:00:00,Night,Clear,Dry,13,103,None,Working,4,2,993867,Low
3013,2024-09-14 00:00:00,Afternoon,Rain,Wet,90,43,Phone,Working,1,9,428305,High
1984,2024-04-08 00:00:00,Afternoon,Fog,Dry,112,92,Phone,Working,5,7,398168,High
952,2023-09-17 00:00:00,Evening,Clear,Wet,89,81,None,Working,4,8,54973,Medium
401,2025-12-25 00:00:00,Morning,Clear,Dry,93,92,Phone,Working,2,6,434485,Medium
969,2024-10-25 00:00:00,Evening,Haze,Wet,77,87,None,Working,4,6,740626,Medium
3587,2025-12-01 00:00:00,Afternoon,Fog,Water-logged,34,48,None,Not Working,5,5,763177,Low
1178,2025-03-07 00:00:00,Morning,Clear,Damaged,33,97,Fatigue,Working,2,4,911603,Medium
57,2025-09-04 00:00:00,Morning,Clear,Dry,20,59,None,Working,3,1,247208,Low
2949,2025-05-30 00:00:00,Afternoon,Haze,Water-logged,74,48,Other,Working,2,5,264207,Medium
4161,2024-01-03 00:00:00,Evening,Haze,Dry,113,29,None,Working,4,7,771482,Medium
4326,2025-04-22 00:00:00,Night,Haze,Water-logged,49,47,None,Working,1,8,689711,Medium
792,2023-02-14 00:00:00,Evening,Rain,Dry,48,35,None,Working,3,2,827642,Low
2262,2025-03-24 00:00:00,Evening,Clear,Dry,103,49,None,Working,2,1,68275,Low
4425,2024-09-05 00:00:00,Afternoon,Haze,Dry,14,103,Phone,Working,2,0,34105,Medium
3827,2024-04-06 00:00:00,Afternoon,Rain,Dry,105,104,None,Working,2,6,427564,High
4692,2023-06-16 00:00:00,Afternoon,Clear,Dry,21,110,None,Working,5,8,798383,Medium
4742,2025-05-24 00:00:00,Morning,Clear,Dry,53,83,Other,Working,1,8,701826,Medium
1940,2025-07-27 00:00:00,Morning,Clear,Dry,64,22,None,Working,1,1,997961,Low
3564,2023-03-20 00:00:00,Afternoon,Fog,Dry,114,41,None,Not Working,2,9,346824,High
1279,2024-12-22 00:00:00,Morning,Fog,Wet,19,82,None,Working,4,2,985903,Medium
4614,2024-05-13 00:00:00,Morning,Clear,Wet,42,103,None,Working,3,7,361762,Medium
4046,2024-10-02 00:00:00,Afternoon,Clear,Dry,25,79,Fatigue,Not Working,4,4,117844,Low
3149,2025-07-28 00:00:00,Evening,Clear,Wet,110,72,Phone,Blinking,3,0,460181,Medium
3544,2024-05-31 00:00:00,Afternoon,Rain,Water-logged,80,54,None,Working,5,1,431114,Medium
2317,2025-02-04 00:00:00,Afternoon,Clear,Dry,72,78,Fatigue,Working,2,8,288777,High
4240,2023-10-01 00:00:00,Afternoon,Rain,Dry,27,119,Phone,Working,4,1,196282,Medium
3769,2023-11-26 00:00:00,Morning,Clear,Wet,64,56,None,Blinking,3,5,143050,Low
4731,2025-01-26 00:00:00,Morning,Clear,Damaged,48,108,None,Not Working,3,6,996054,Medium
4181,2024-03-24 00:00:00,Afternoon,Clear,Dry,35,55,Fatigue,Not Working,2,3,883010,Low
1495,2024-02-20 00:00:00,Evening,Haze,Dry,33,75,Other,Working,5,4,810595,Medium
4088,2024-06-29 00:00:00,Evening,Haze,Dry,57,21,Phone,Working,3,4,714294,Medium
999,2023-06-28 00:00:00,Night,Clear,Dry,108,110,None,Working,4,6,53205,High
524,2025-02-24 00:00:00,Night,Clear,Dry,25,96,Fatigue,Working,3,6,745939,Medium
1418,2024-02-07 00:00:00,Morning,Haze,Dry,27,110,Phone,Working,1,9,220109,High
1120,2023-02-11 00:00:00,Morning,Rain,Dry,69,80,Fatigue,Working,1,2,243401,Medium
3115,2023-04-17 00:00:00,Morning,Clear,Dry,83,75,Other,Working,2,5,74344,Medium
2854,2023-03-21 00:00:00,Night,Clear,Dry,90,41,Phone,Not Working,2,4,994348,Medium
4481,2023-07-26 00:00:00,Morning,Clear,Dry,10,77,None,Working,1,9,824222,Medium
4333,2023-12-25 00:00:00,Afternoon,Clear,Dry,69,20,Phone,Working,3,6,370467,Medium
1285,2025-09-10 00:00:00,Afternoon,Clear,Water-logged,59,50,Phone,Not Working,1,1,32083,Low
960,2023-11-21 00:00:00,Evening,Fog,Water-logged,88,47,Fatigue,Working,5,4,662897,Medium
3574,2024-08-01 00:00:00,Night,Clear,Dry,49,52,None,Working,3,5,581722,Medium
264,2023-04-01 00:00:00,Evening,Clear,Water-logged,46,112,Phone,Working,1,1,764064,Medium
4421,2025-05-03 00:00:00,Morning,Haze,Damaged,22,78,Fatigue,Working,2,6,566071,Medium
3861,2025-09-05 00:00:00,Night,Clear,Dry,72,87,None,Not Working,2,6,289822,Medium
3753,2023-10-01 00:00:00,Afternoon,Clear,Dry,39,83,Phone,Working,4,7,146720,Medium
4527,2024-04-09 00:00:00,Evening,Fog,Dry,67,89,None,Working,1,8,923351,Medium
1635,2024-03-10 00:00:00,Night,Rain,Dry,62,69,None,Working,2,5,329270,Medium
920,2023-07-04 00:00:00,Morning,Rain,Dry,117,57,Phone,Not Working,4,9,749743,High
2716,2023-03-16 00:00:00,Afternoon,Haze,Dry,97,91,Fatigue,Working,1,3,432264,High
857,2025-09-01 00:00:00,Morning,Clear,Wet,71,20,Phone,Working,1,4,837135,Medium
708,2024-09-01 00:00:00,Night,Clear,Dry,35,85,Phone,Not Working,4,1,521758,Medium
2347,2024-12-05 00:00:00,Evening,Clear,Dry,90,27,Other,Working,2,3,361612,Low
863,2024-08-04 00:00:00,Evening,Clear,Dry,118,90,Phone,Working,5,2,656138,Medium
2954,2025-11-05 00:00:00,Afternoon,Clear,Dry,114,21,Phone,Working,3,0,644759,Low
170,2024-04-18 00:00:00,Evening,Rain,Dry,24,94,Phone,Not Working,1,9,307024,High
3333,2024-02-19 00:00:00,Morning,Fog,Dry,91,30,None,Working,2,1,696327,Low
4108,2024-07-15 00:00:00,Morning,Fog,Dry,43,55,None,Working,4,1,667432,Low
852,2025-11-16 00:00:00,Evening,Haze,Dry,18,72,Phone,Working,5,9,126106,High
682,2025-07-03 00:00:00,Afternoon,Clear,Damaged,49,118,Phone,Working,2,6,185220,Medium
1320,2023-07-31 00:00:00,Morning,Clear,Water-logged,45,119,Phone,Working,4,6,435268,Medium
3351,2024-12-23 00:00:00,Morning,Fog,Water-logged,97,73,None,Not Working,1,1,32780,Medium
2937,2023-01-29 00:00:00,Evening,Clear,Dry,115,74,Phone,Blinking,3,7,63594,High
758,2024-05-28 00:00:00,Evening,Clear,Wet,25,76,Phone,Not Working,2,9,900091,Medium
962,2023-08-19 00:00:00,Evening,Haze,Dry,83,99,Other,Not Working,1,0,537595,Medium
4761,2023-08-11 00:00:00,Afternoon,Haze,Dry,37,60,Fatigue,Working,5,6,611828,Medium
3028,2023-06-24 00:00:00,Evening,Clear,Dry,77,27,None,Not Working,5,6,136102,Medium
3383,2025-03-08 00:00:00,Morning,Rain,Wet,87,41,Other,Working,1,9,696240,Medium
1085,2025-08-29 00:00:00,Night,Clear,Wet,19,72,None,Working,5,1,246379,Low
4389,2023-05-25 00:00:00,Morning,Clear,Dry,88,90,Phone,Working,3,3,733348,Medium
3507,2023-10-27 00:00:00,Night,Clear,Dry,36,66,Phone,Not Working,2,8,799916,Medium
2145,2023-03-29 00:00:00,Afternoon,Haze,Dry,13,113,None,Blinking,3,6,615863,Medium
354,2024-12-31 00:00:00,Morning,Clear,Wet,45,81,Phone,Working,2,5,441071,Medium
474,2024-08-08 00:00:00,Night,Rain,Dry,33,58,Other,Not Working,4,1,194298,Medium
4800,2025-10-21 00:00:00,Evening,Haze,Wet,92,47,Fatigue,Working,4,1,305344,Medium
1925,2025-07-20 00:00:00,Evening,Rain,Dry,39,102,None,Not Working,4,5,535074,Medium
1758,2023-12-14 00:00:00,Afternoon,Rain,Wet,56,56,None,Working,5,2,820965,Medium
124,2025-03-17 00:00:00,Morning,Clear,Wet,42,106,None,Not Working,1,9,348228,Medium
3237,2024-03-07 00:00:00,Morning,Rain,Dry,27,64,None,Working,1,7,251136,Medium
789,2023-07-19 00:00:00,Afternoon,Haze,Wet,67,20,Phone,Working,5,7,400656,Medium
207,2024-12-27 00:00:00,Morning,Fog,Wet,102,103,Phone,Working,4,4,314199,High
2595,2025-08-21 00:00:00,Morning,Clear,Dry,104,45,None,Working,3,8,229090,Medium
4659,2024-12-24 00:00:00,Morning,Rain,Dry,67,77,None,Blinking,4,8,476383,Medium
3710,2024-12-27 00:00:00,Night,Rain,Wet,36,108,Phone,Working,1,7,99650,High
648,2023-01-14 00:00:00,Evening,Rain,Wet,103,107,None,Working,1,5,653516,High
984,2023-01-14 00:00:00,Morning,Clear,Dry,55,81,None,Not Working,3,2,798571,Low
929,2025-04-19 00:00:00,Evening,Rain,Dry,45,26,Phone,Working,3,5,315130,Medium
879,2025-03-26 00:00:00,Morning,Clear,Dry,32,57,Other,Not Working,1,9,948916,Medium
3996,2024-05-12 00:00:00,Afternoon,Clear,Dry,54,117,Phone,Working,5,0,204887,Medium
4111,2023-11-18 00:00:00,Evening,Haze,Wet,74,48,Fatigue,Working,4,0,21773,Low
756,2024-01-13 00:00:00,Evening,Clear,Wet,81,114,Phone,Working,2,0,132136,Medium
3903,2023-10-16 00:00:00,Night,Rain,Wet,48,93,None,Working,3,5,771134,Medium
3533,2024-10-29 00:00:00,Afternoon,Rain,Dry,58,73,Fatigue,Working,3,8,976400,Medium
4609,2023-05-27 00:00:00,Night,Clear,Dry,80,96,Fatigue,Not Working,2,0,963014,Medium
2706,2023-01-29 00:00:00,Night,Clear,Water-logged,108,59,Phone,Working,1,8,716153,Medium
3682,2023-05-14 00:00:00,Morning,Fog,Wet,15,30,None,Not Working,1,1,485383,Low
652,2023-05-24 00:00:00,Evening,Rain,Wet,66,41,None,Not Working,4,4,800328,Medium
4065,2023-06-22 00:00:00,Night,Clear,Wet,72,103,None,Blinking,4,9,800133,Medium
1767,2024-08-25 00:00:00,Evening,Haze,Dry,67,43,Phone,Blinking,5,9,39825,High
1567,2024-05-05 00:00:00,Evening,Rain,Dry,82,65,Phone,Working,4,3,240234,Medium
3771,2025-10-04 00:00:00,Evening,Clear,Dry,15,43,None,Not Working,1,4,562601,Low
1144,2024-02-12 00:00:00,Evening,Fog,Wet,14,48,Other,Working,3,7,576830,Medium
1306,2024-11-22 00:00:00,Night,Clear,Dry,67,91,Fatigue,Working,3,2,107202,Medium
2927,2024-09-20 00:00:00,Night,Fog,Dry,84,85,None,Working,5,5,631444,High
3640,2023-11-09 00:00:00,Morning,Rain,Wet,38,44,None,Working,5,7,120455,Medium
798,2025-01-17 00:00:00,Evening,Haze,Dry,51,114,Phone,Working,2,7,856450,High
321,2024-09-22 00:00:00,Evening,Clear,Dry,67,32,None,Blinking,3,4,295828,Low
3986,2023-08-29 00:00:00,Night,Rain,Dry,71,20,None,Working,3,9,44064,Medium
790,2024-11-01 00:00:00,Night,Clear,Dry,106,40,None,Working,2,6,197979,Medium
1246,2023-07-07 00:00:00,Evening,Rain,Wet,17,84,Fatigue,Not Working,5,8,779885,Medium
3305,2023-06-08 00:00:00,Morning,Clear,Wet,81,105,None,Working,2,9,563061,High
618,2023-07-21 00:00:00,Afternoon,Clear,Water-logged,39,29,None,Not Working,1,8,285294,Medium
434,2023-05-13 00:00:00,Morning,Clear,Dry,62,88,Phone,Not Working,2,5,340534,Medium
1034,2024-01-04 00:00:00,Morning,Clear,Wet,23,117,Phone,Working,4,8,625572,Medium
83,2024-07-22 00:00:00,Afternoon,Fog,Wet,94,53,Other,Working,4,2,384144,Medium
573,2024-05-10 00:00:00,Afternoon,Fog,Dry,107,100,None,Working,4,0,48485,Medium
4712,2024-10-22 00:00:00,Afternoon,Fog,Dry,24,23,Fatigue,Working,4,1,876491,Low
2849,2025-07-26 00:00:00,Evening,Clear,Dry,73,97,Phone,Working,2,4,854838,Medium
1185,2024-12-08 00:00:00,Morning,Clear,Wet,19,61,Fatigue,Not Working,4,7,498874,Medium
3080,2023-09-25 00:00:00,Night,Clear,Water-logged,50,102,None,Working,2,9,981221,Medium
3108,2025-05-28 00:00:00,Morning,Clear,Water-logged,85,112,Fatigue,Working,4,9,512295,High
2807,2023-11-28 00:00:00,Evening,Rain,Dry,54,20,None,Not Working,1,3,277319,Low
750,2025-05-14 00:00:00,Evening,Rain,Dry,111,76,None,Not Working,3,1,131160,Medium
2,2024-05-15 00:00:00,Night,Clear,Dry,31,92,None,Working,2,6,606829,Medium
114,2025-03-28 00:00:00,Night,Rain,Dry,94,85,None,Not Working,1,9,450400,High
4207,2025-07-02 00:00:00,Evening,Clear,Dry,81,108,Other,Working,1,3,79732,Medium
4302,2025-07-18 00:00:00,Night,Clear,Wet,62,89,None,Working,4,3,117331,Medium
1961,2025-04-29 00:00:00,Morning,Clear,Damaged,72,52,None,Working,5,0,850604,Low
322,2024-10-14 00:00:00,Evening,Clear,Dry,114,23,Phone,Working,2,8,452301,Medium
3695,2023-04-22 00:00:00,Afternoon,Clear,Wet,89,85,Other,Working,5,7,36143,Medium
1337,2024-04-25 00:00:00,Morning,Clear,Dry,79,39,Phone,Working,3,9,709059,Medium
3825,2023-05-17 00:00:00,Morning,Fog,Dry,10,117,Fatigue,Blinking,1,2,961314,Medium
4845,2024-08-07 00:00:00,Morning,Clear,Wet,56,38,Phone,Working,4,2,252493,Low
2683,2025-08-25 00:00:00,Morning,Rain,Dry,98,91,Phone,Blinking,5,1,411885,Medium
4947,2025-11-20 00:00:00,Evening,Clear,Dry,85,99,None,Working,4,7,244393,Medium
2999,2024-01-02 00:00:00,Afternoon,Haze,Dry,47,81,Phone,Working,5,8,255174,High
2420,2023-12-21 00:00:00,Afternoon,Rain,Dry,95,76,Phone,Working,3,4,495164,Medium
4480,2023-05-10 00:00:00,Evening,Clear,Dry,33,31,None,Not Working,1,2,236120,Low
1065,2024-10-11 00:00:00,Afternoon,Clear,Dry,64,35,None,Working,5,0,697069,Low
4364,2023-04-28 00:00:00,Evening,Clear,Water-logged,97,65,None,Working,4,3,784994,Medium
1789,2024-12-27 00:00:00,Morning,Fog,Dry,76,94,None,Working,5,6,626794,Medium
324,2025-05-12 00:00:00,Afternoon,Haze,Dry,75,92,Other,Working,2,6,540996,High
3775,2024-03-31 00:00:00,Evening,Haze,Water-logged,86,83,None,Blinking,2,7,308287,High
3509,2025-08-31 00:00:00,Night,Haze,Dry,95,71,Phone,Working,2,4,62512,High
1627,2025-02-22 00:00:00,Morning,Fog,Wet,99,28,None,Working,3,0,687912,Low
156,2023-04-22 00:00:00,Morning,Clear,Dry,109,58,Other,Working,2,1,872471,Medium
864,2024-10-24 00:00:00,Afternoon,Clear,Dry,72,108,None,Not Working,5,1,18301,Medium
4848,2024-02-18 00:00:00,Morning,Clear,Damaged,42,59,None,Working,5,1,956477,Low
796,2024-04-17 00:00:00,Night,Rain,Dry,98,102,Fatigue,Working,2,9,325654,High
2795,2023-12-01 00:00:00,Afternoon,Rain,Dry,48,101,Other,Working,2,7,909739,Medium
4620,2023-06-28 00:00:00,Night,Clear,Dry,13,63,None,Working,2,7,846323,Medium
4817,2023-08-29 00:00:00,Night,Rain,Dry,46,81,None,Not Working,3,1,876595,Medium
2301,2025-08-23 00:00:00,Night,Clear,Water-logged,79,53,Fatigue,Working,1,6,667368,Medium
2618,2023-08-02 00:00:00,Afternoon,Rain,Dry,29,88,None,Working,3,1,294477,Medium
3334,2024-05-01 00:00:00,Morning,Clear,Water-logged,112,66,None,Working,4,8,408306,Medium
2843,2024-09-04 00:00:00,Night,Clear,Dry,91,111,Other,Not Working,5,2,921802,Medium
2659,2025-09-12 00:00:00,Morning,Clear,Dry,109,39,Phone,Working,4,9,237130,High
2096,2024-02-26 00:00:00,Evening,Rain,Dry,24,52,Other,Working,4,0,198883,Medium
2948,2024-06-20 00:00:00,Evening,Rain,Dry,73,97,None,Not Working,2,9,760581,High
737,2023-08-16 00:00:00,Afternoon,Rain,Wet,21,47,None,Working,3,7,363725,Medium
4681,2024-06-24 00:00:00,Afternoon,Clear,Dry,93,51,None,Blinking,2,6,383946,Medium
2438,2025-07-28 00:00:00,Afternoon,Clear,Dry,69,78,Fatigue,Working,4,4,226880,Medium
3724,2025-01-10 00:00:00,Morning,Clear,Dry,94,114,None,Working,4,4,390836,Medium
4020,2025-10-01 00:00:00,Morning,Rain,Dry,16,68,Other,Not Working,2,0,566302,Low
4719,2024-02-28 00:00:00,Afternoon,Clear,Dry,76,52,Phone,Working,2,0,967779,Low
1653,2023-09-22 00:00:00,Afternoon,Clear,Dry,63,108,Phone,Working,3,1,786641,Medium
1041,2023-08-13 00:00:00,Evening,Rain,Dry,117,27,Phone,Working,1,7,31216,Medium
2802,2025-05-08 00:00:00,Night,Clear,Dry,53,72,Phone,Not Working,1,6,803359,Medium
3561,2024-05-15 00:00:00,Afternoon,Clear,Dry,39,63,Phone,Blinking,3,1,586643,Low
4985,2025-12-09 00:00:00,Evening,Fog,Wet,94,21,Fatigue,Not Working,4,7,957061,Medium
1895,2023-11-16 00:00:00,Evening,Clear,Dry,110,95,None,Working,2,5,531723,Medium
3252,2024-10-22 00:00:00,Morning,Haze,Dry,117,45,Phone,Working,4,6,793907,Medium
1118,2023-08-02 00:00:00,Night,Haze,Dry,13,27,None,Working,2,1,859182,Low
555,2024-10-28 00:00:00,Night,Fog,Wet,33,73,None,Working,3,0,914130,Low
3206,2025-07-18 00:00:00,Night,Clear,Water-logged,22,25,None,Working,2,8,261102,Low
1339,2023-06-18 00:00:00,Morning,Clear,Water-logged,23,103,None,Working,3,5,367337,Medium
3741,2024-05-23 00:00:00,Night,Rain,Dry,88,102,None,Working,2,8,645448,High
4875,2023-04-07 00:00:00,Afternoon,Rain,Wet,75,25,None,Blinking,1,6,41678,Medium
2605,2025-07-02 00:00:00,Morning,Clear,Wet,23,32,Other,Working,4,3,204711,Medium
1122,2023-01-20 00:00:00,Night,Clear,Dry,72,69,Phone,Not Working,2,1,170909,Medium
2322,2025-12-31 00:00:00,Evening,Clear,Damaged,25,69,None,Working,4,1,967639,Medium
3403,2023-05-02 00:00:00,Night,Rain,Dry,64,88,Phone,Working,4,5,683415,Medium
4805,2025-03-02 00:00:00,Night,Rain,Dry,101,61,None,Working,1,3,733939,Medium
1371,2024-02-28 00:00:00,Night,Rain,Water-logged,88,116,None,Working,5,2,155902,Medium
312,2024-11-26 00:00:00,Morning,Rain,Dry,45,32,None,Working,4,6,804666,Medium
1574,2023-01-21 00:00:00,Night,Fog,Dry,17,69,Fatigue,Working,4,2,785795,Medium
2852,2023-07-05 00:00:00,Morning,Rain,Dry,115,115,Phone,Working,2,4,178572,High
2837,2023-06-28 00:00:00,Night,Rain,Water-logged,70,33,None,Working,5,1,564917,Low
3589,2023-12-27 00:00:00,Morning,Clear,Dry,55,50,None,Working,3,6,12774,Medium
2801,2023-02-18 00:00:00,Evening,Clear,Dry,66,28,Phone,Not Working,3,2,219432,Low
96,2025-06-18 00:00:00,Afternoon,Clear,Dry,55,51,Fatigue,Not Working,1,9,176934,Medium
2514,2025-03-20 00:00:00,Evening,Clear,Dry,69,97,Fatigue,Working,2,8,259130,Medium
267,2024-10-08 00:00:00,Evening,Clear,Dry,88,29,None,Working,1,0,140263,Low
762,2023-02-05 00:00:00,Afternoon,Haze,Dry,65,61,None,Working,1,0,474174,Medium
2672,2025-12-27 00:00:00,Afternoon,Rain,Dry,88,114,None,Not Working,3,6,48882,High
1100,2024-08-25 00:00:00,Afternoon,Fog,Damaged,77,55,None,Blinking,5,7,44818,Medium
2182,2023-10-19 00:00:00,Morning,Clear,Water-logged,91,91,Other,Not Working,1,2,710188,Medium
3041,2023-01-01 00:00:00,Morning,Haze,Dry,116,87,None,Blinking,3,1,181867,Medium
4956,2023-11-26 00:00:00,Evening,Clear,Wet,80,36,Phone,Working,5,4,500086,Medium
4335,2025-11-01 00:00:00,Afternoon,Clear,Dry,12,52,None,Not Working,4,5,56879,Low
3216,2024-05-20 00:00:00,Morning,Clear,Dry,67,54,None,Working,5,1,215593,Low
1,2024-08-19 00:00:00,Afternoon,Clear,Dry,37,93,Phone,Working,2,2,837163,Low
216,2023-02-07 00:00:00,Morning,Rain,Wet,84,77,None,Working,5,1,548393,Medium
4447,2023-06-11 00:00:00,Morning,Haze,Water-logged,29,29,Fatigue,Not Working,3,2,514094,Low
603,2023-10-06 00:00:00,Morning,Clear,Wet,80,85,Fatigue,Working,1,8,872352,High
1864,2023-07-10 00:00:00,Evening,Clear,Water-logged,32,100,Phone,Working,1,0,208522,Low
2349,2025-04-21 00:00:00,Evening,Rain,Dry,33,100,None,Not Working,5,4,805255,Medium
397,2025-08-06 00:00:00,Night,Clear,Dry,105,87,None,Working,5,8,167408,High
1874,2025-07-17 00:00:00,Night,Clear,Wet,53,88,Phone,Working,3,3,832608,Medium
1737,2023-04-16 00:00:00,Afternoon,Haze,Wet,32,57,Fatigue,Not Working,2,8,876989,High
4597,2023-08-24 00:00:00,Evening,Clear,Water-logged,54,31,Phone,Working,3,3,340050,Low
1654,2023-07-31 00:00:00,Afternoon,Clear,Dry,69,119,Phone,Working,2,5,504381,Medium
907,2023-11-02 00:00:00,Night,Clear,Dry,119,44,None,Working,1,5,169156,Medium
3463,2024-09-11 00:00:00,Evening,Clear,Dry,37,111,None,Working,2,3,249867,Medium
3739,2023-11-28 00:00:00,Evening,Clear,Dry,63,72,None,Working,3,5,479517,Medium
2946,2023-12-19 00:00:00,Morning,Clear,Dry,104,45,Phone,Working,3,8,355314,Medium
1557,2023-08-06 00:00:00,Evening,Clear,Water-logged,33,53,Phone,Working,3,6,75110,Low
3888,2024-08-12 00:00:00,Evening,Rain,Dry,80,42,None,Working,4,7,923161,Medium
2327,2025-01-07 00:00:00,Night,Clear,Wet,74,98,None,Not Working,3,1,846896,Medium
511,2023-09-23 00:00:00,Evening,Clear,Dry,83,114,None,Working,2,2,445635,Medium
123,2023-12-21 00:00:00,Afternoon,Clear,Water-logged,58,86,Phone,Working,3,2,650757,Medium
4086,2023-07-06 00:00:00,Morning,Clear,Dry,67,79,None,Working,4,6,231756,Medium
3372,2025-01-14 00:00:00,Evening,Clear,Dry,31,33,Phone,Working,3,6,752468,Medium
3036,2023-11-01 00:00:00,Afternoon,Clear,Wet,18,30,None,Not Working,1,3,317087,Low
2821,2024-10-02 00:00:00,Night,Clear,Dry,55,55,None,Working,3,6,749624,Medium
4876,2024-09-12 00:00:00,Evening,Clear,Wet,115,40,None,Working,2,9,278917,Medium
4358,2025-01-01 00:00:00,Evening,Clear,Dry,21,108,Fatigue,Not Working,2,4,309572,Medium
2698,2025-07-14 00:00:00,Afternoon,Rain,Wet,60,70,None,Blinking,1,5,661282,Medium
3003,2025-12-23 00:00:00,Afternoon,Clear,Water-logged,21,60,Phone,Working,2,7,75264,Medium
4704,2023-01-25 00:00:00,Evening,Fog,Dry,94,81,Phone,Not Working,5,2,191098,Medium
973,2023-03-12 00:00:00,Evening,Fog,Dry,53,82,None,Working,2,3,543027,Medium
908,2024-12-18 00:00:00,Afternoon,Rain,Dry,108,53,None,Blinking,5,4,93164,Medium
3768,2025-08-06 00:00:00,Afternoon,Clear,Dry,52,108,None,Working,2,8,780022,Medium
2654,2023-11-06 00:00:00,Morning,Fog,Dry,25,74,None,Not Working,4,6,366898,Medium
946,2023-07-30 00:00:00,Morning,Clear,Wet,38,64,None,Working,1,9,561523,Medium
381,2023-04-16 00:00:00,Morning,Clear,Wet,88,52,None,Working,3,1,652500,Medium
2888,2023-11-02 00:00:00,Afternoon,Clear,Dry,60,56,None,Not Working,5,2,270746,Medium
5,2023-10-12 00:00:00,Morning,Fog,Dry,22,56,None,Blinking,3,9,408569,Medium
3634,2023-11-09 00:00:00,Afternoon,Clear,Wet,91,78,None,Working,5,3,847103,Medium
2518,2023-10-02 00:00:00,Afternoon,Clear,Damaged,28,26,None,Not Working,2,4,307776,Low
4157,2023-12-31 00:00:00,Evening,Haze,Water-logged,58,77,Phone,Working,4,4,409640,Medium
4828,2025-03-19 00:00:00,Morning,Clear,Wet,15,111,Phone,Working,5,2,934764,Medium
8,2023-08-25 00:00:00,Night,Fog,Wet,71,114,None,Working,5,3,593338,Medium
4607,2024-01-23 00:00:00,Night,Fog,Wet,36,66,None,Working,3,3,833270,Medium
3213,2025-07-17 00:00:00,Morning,Clear,Dry,90,46,Phone,Working,4,4,767916,Medium
4696,2023-08-20 00:00:00,Night,Rain,Dry,15,74,Phone,Working,3,1,142368,Medium
4549,2025-09-21 00:00:00,Evening,Clear,Dry,87,85,Fatigue,Working,3,0,595455,Medium
1744,2023-09-02 00:00:00,Morning,Fog,Damaged,109,97,Phone,Working,3,2,630042,High
2982,2024-08-16 00:00:00,Morning,Clear,Dry,112,57,None,Working,2,3,471492,Medium
3119,2024-07-18 00:00:00,Morning,Clear,Damaged,38,57,None,Working,5,6,421543,Medium
1687,2023-04-06 00:00:00,Night,Clear,Dry,11,94,None,Working,3,1,193245,Low
188,2025-05-11 00:00:00,Evening,Clear,Water-logged,38,27,Fatigue,Working,5,0,110847,Low
720,2024-09-25 00:00:00,Evening,Clear,Dry,17,97,Phone,Working,4,3,172307,Low
4610,2025-10-12 00:00:00,Afternoon,Rain,Wet,98,69,None,Working,3,2,53566,Medium
3270,2023-04-21 00:00:00,Evening,Rain,Water-logged,112,63,Phone,Working,4,8,308150,High
69,2025-08-03 00:00:00,Morning,Haze,Dry,42,44,Phone,Not Working,1,8,68543,High
569,2023-12-23 00:00:00,Night,Fog,Water-logged,111,28,Fatigue,Working,5,2,844088,Medium
4503,2025-03-08 00:00:00,Afternoon,Rain,Dry,53,62,Fatigue,Working,1,4,92991,Medium
1978,2024-10-26 00:00:00,Afternoon,Fog,Water-logged,119,34,Phone,Working,4,1,401673,Medium
1934,2025-08-23 00:00:00,Evening,Clear,Dry,100,84,Other,Working,5,6,967972,Medium
3879,2024-06-11 00:00:00,Evening,Clear,Wet,59,22,Fatigue,Working,5,1,687482,Low
421,2025-12-29 00:00:00,Evening,Clear,Dry,14,36,Fatigue,Blinking,4,0,123788,Low
2325,2025-12-23 00:00:00,Night,Clear,Dry,95,105,None,Working,5,9,883313,High
3804,2023-09-20 00:00:00,Night,Haze,Dry,72,71,Phone,Working,2,9,189373,High
4217,2024-09-27 00:00:00,Morning,Clear,Dry,107,100,None,Working,2,7,709517,High
715,2024-05-27 00:00:00,Afternoon,Rain,Damaged,83,50,Fatigue,Working,4,8,517677,High
2783,2025-09-04 00:00:00,Night,Fog,Dry,76,71,None,Working,5,1,130400,Medium
3374,2024-07-19 00:00:00,Evening,Rain,Wet,23,84,Other,Working,3,0,152537,Medium
4615,2023-06-28 00:00:00,Morning,Haze,Dry,105,75,None,Working,4,3,640262,Medium
4550,2023-09-01 00:00:00,Evening,Haze,Wet,100,23,Other,Working,2,0,325855,Low
533,2024-08-24 00:00:00,Night,Rain,Damaged,45,67,None,Working,4,4,478382,Medium
138,2023-07-26 00:00:00,Evening,Clear,Wet,112,104,None,Working,2,5,363550,Medium
3010,2023-01-28 00:00:00,Morning,Clear,Dry,118,119,None,Not Working,5,8,455442,High
159,2024-05-14 00:00:00,Morning,Clear,Water-logged,27,114,Phone,Working,1,8,469991,Medium
779,2024-04-13 00:00:00,Evening,Fog,Wet,76,109,None,Working,5,8,156265,High
4977,2025-05-17 00:00:00,Morning,Clear,Dry,85,30,Fatigue,Working,1,2,471850,Medium
4853,2025-02-11 00:00:00,Evening,Clear,Wet,79,21,Phone,Not Working,3,6,818855,Medium
4265,2023-06-21 00:00:00,Evening,Fog,Wet,10,88,Fatigue,Working,2,4,407870,Medium
54,2025-03-11 00:00:00,Night,Clear,Dry,18,25,None,Working,1,7,580664,Low
3442,2025-10-10 00:00:00,Evening,Clear,Wet,93,116,Other,Working,1,5,55521,Medium
403,2025-05-06 00:00:00,Evening,Haze,Dry,108,48,None,Working,4,2,93562,Medium
3611,2024-04-08 00:00:00,Evening,Clear,Dry,82,51,Fatigue,Working,1,6,879995,Medium
382,2024-04-21 00:00:00,Evening,Clear,Wet,18,98,Phone,Working,1,8,776224,Medium
43,2024-03-12 00:00:00,Morning,Clear,Dry,15,44,None,Working,1,0,413853,Low
3866,2025-06-04 00:00:00,Afternoon,Rain,Wet,105,28,Fatigue,Working,1,8,551235,High
747,2025-01-26 00:00:00,Afternoon,Rain,Water-logged,90,36,None,Working,1,8,249444,Medium
1769,2025-10-11 00:00:00,Afternoon,Fog,Dry,55,46,Phone,Working,3,7,941305,Medium
1491,2023-07-18 00:00:00,Morning,Rain,Water-logged,107,29,Fatigue,Not Working,2,6,954925,High
3398,2023-10-19 00:00:00,Night,Clear,Dry,117,114,Other,Working,5,0,619561,Medium
2870,2025-02-10 00:00:00,Afternoon,Clear,Wet,49,99,None,Working,2,9,673825,Medium
235,2025-02-19 00:00:00,Morning,Clear,Wet,107,39,Phone,Blinking,2,5,887048,Medium
2976,2024-11-04 00:00:00,Morning,Clear,Wet,45,50,None,Not Working,5,3,770042,Low
3432,2024-01-09 00:00:00,Night,Rain,Water-logged,68,109,None,Not Working,1,6,518978,Medium
903,2024-08-27 00:00:00,Morning,Clear,Wet,81,101,Fatigue,Working,3,5,983672,Medium
522,2023-04-17 00:00:00,Afternoon,Rain,Wet,34,46,Phone,Working,4,4,411815,Medium
2230,2024-07-17 00:00:00,Afternoon,Clear,Dry,108,110,None,Working,5,9,60766,High
2130,2023-05-24 00:00:00,Afternoon,Haze,Dry,33,92,None,Blinking,2,5,730970,Medium
4699,2025-07-03 00:00:00,Morning,Clear,Dry,100,90,None,Working,1,1,192070,Medium
3582,2023-04-20 00:00:00,Night,Rain,Dry,68,64,Fatigue,Working,5,2,569195,Medium
50,2024-08-15 00:00:00,Morning,Clear,Damaged,41,32,Phone,Not Working,4,6,476178,Medium
2985,2025-10-02 00:00:00,Evening,Clear,Dry,42,102,None,Blinking,2,9,66541,Medium
503,2023-03-02 00:00:00,Afternoon,Clear,Wet,65,95,None,Working,3,0,998886,Medium
905,2023-02-20 00:00:00,Afternoon,Clear,Wet,62,23,Phone,Working,4,2,105021,Low
885,2025-08-17 00:00:00,Evening,Clear,Dry,98,40,None,Working,3,0,455307,Low
2907,2024-08-09 00:00:00,Night,Clear,Dry,88,106,Phone,Working,5,7,265855,High
576,2024-09-02 00:00:00,Night,Clear,Water-logged,62,42,Phone,Working,4,1,984762,Low
3219,2025-01-19 00:00:00,Evening,Clear,Wet,58,86,Fatigue,Working,4,9,799619,Medium
3583,2024-08-16 00:00:00,Afternoon,Fog,Dry,66,50,Fatigue,Not Working,1,4,544767,Medium
4394,2023-09-01 00:00:00,Morning,Rain,Wet,94,73,Phone,Blinking,2,7,825022,Medium
1531,2024-09-13 00:00:00,Afternoon,Rain,Damaged,35,72,None,Working,2,0,329242,Low
4328,2023-07-05 00:00:00,Night,Clear,Dry,61,116,Fatigue,Blinking,3,5,703689,Medium
3171,2023-08-20 00:00:00,Evening,Fog,Dry,57,46,None,Working,4,5,116001,Medium
4148,2024-01-21 00:00:00,Afternoon,Clear,Dry,18,26,None,Not Working,1,7,917069,Low
1171,2025-09-05 00:00:00,Evening,Clear,Wet,18,65,Other,Working,4,0,348980,Low
2668,2023-02-02 00:00:00,Evening,Rain,Wet,64,110,Phone,Working,5,3,810322,Medium
540,2023-06-15 00:00:00,Morning,Clear,Dry,89,23,Fatigue,Not Working,1,7,761742,Medium
396,2025-01-14 00:00:00,Night,Clear,Wet,52,27,Fatigue,Working,5,7,875025,Low
683,2023-04-26 00:00:00,Morning,Haze,Dry,83,63,None,Working,5,4,56522,Medium
2434,2023-07-15 00:00:00,Afternoon,Clear,Dry,95,75,Fatigue,Working,4,4,516396,Medium
679,2023-04-25 00:00:00,Night,Rain,Dry,65,95,Phone,Working,4,6,440499,High
1031,2023-12-31 00:00:00,Morning,Rain,Dry,53,117,None,Working,1,4,422450,Medium
1224,2025-07-21 00:00:00,Night,Clear,Water-logged,106,20,Fatigue,Working,1,2,75265,Medium
369,2025-01-09 00:00:00,Morning,Rain,Wet,73,60,Phone,Working,4,8,210611,Medium
981,2025-01-07 00:00:00,Afternoon,Rain,Wet,66,72,Other,Working,5,0,304851,Medium
4066,2025-08-14 00:00:00,Morning,Clear,Water-logged,59,93,None,Working,5,6,144007,Medium
4541,2025-06-12 00:00:00,Morning,Clear,Dry,98,25,None,Working,4,8,800785,Medium
2503,2023-07-24 00:00:00,Evening,Clear,Dry,48,82,None,Working,4,8,788585,Medium
3261,2024-03-03 00:00:00,Morning,Clear,Wet,66,91,Phone,Working,4,6,223330,Medium
943,2025-11-01 00:00:00,Evening,Clear,Dry,96,65,None,Blinking,5,4,867351,Medium
2136,2023-05-09 00:00:00,Night,Rain,Dry,99,77,Phone,Working,5,4,410041,Medium
1283,2025-11-13 00:00:00,Evening,Rain,Damaged,95,44,None,Working,3,3,131308,Medium
4314,2023-09-08 00:00:00,Night,Clear,Dry,43,59,Other,Not Working,4,7,151917,Medium
1485,2023-06-11 00:00:00,Afternoon,Clear,Dry,11,20,Other,Working,2,7,823040,Low
2810,2025-09-18 00:00:00,Evening,Clear,Dry,105,20,Phone,Working,4,8,132412,Medium
2410,2024-11-14 00:00:00,Afternoon,Rain,Damaged,84,107,Phone,Working,2,0,177383,Medium
1069,2023-09-17 00:00:00,Afternoon,Clear,Dry,102,67,Phone,Working,3,8,685593,Medium
3961,2025-02-27 00:00:00,Evening,Clear,Dry,36,99,Other,Working,2,8,506923,Medium
2367,2024-02-23 00:00:00,Morning,Clear,Wet,52,54,Phone,Not Working,1,2,132211,Medium
3377,2023-07-25 00:00:00,Evening,Clear,Water-logged,53,85,None,Working,4,2,651477,Medium
3126,2024-12-14 00:00:00,Evening,Clear,Dry,50,108,None,Working,5,0,806139,Medium
4990,2025-09-16 00:00:00,Evening,Fog,Water-logged,16,82,Phone,Blinking,2,8,520151,Medium
1833,2024-01-26 00:00:00,Evening,Clear,Wet,47,90,None,Working,2,4,174052,Medium
1378,2024-02-09 00:00:00,Evening,Fog,Dry,108,108,Phone,Not Working,1,4,88987,High
3096,2023-05-27 00:00:00,Evening,Haze,Damaged,35,80,Other,Working,5,7,114109,Medium
4285,2025-12-30 00:00:00,Evening,Fog,Dry,28,41,None,Not Working,2,6,663397,Medium
3335,2025-05-19 00:00:00,Night,Rain,Dry,14,25,None,Working,4,5,692626,Medium
1750,2023-02-04 00:00:00,Morning,Clear,Dry,75,111,Phone,Not Working,3,8,896093,High
4226,2025-03-20 00:00:00,Evening,Haze,Dry,100,70,None,Working,1,5,990454,Medium
3994,2023-08-07 00:00:00,Morning,Clear,Dry,101,36,None,Working,4,3,422159,Low
1008,2024-12-24 00:00:00,Night,Clear,Water-logged,37,33,Other,Blinking,4,4,905319,Medium
3006,2025-06-23 00:00:00,Night,Clear,Wet,93,79,None,Working,5,0,329697,Low
2107,2024-10-03 00:00:00,Night,Clear,Wet,94,55,None,Working,2,1,829121,Medium
3762,2024-04-01 00:00:00,Evening,Rain,Dry,110,104,None,Working,1,0,588200,Medium
1692,2025-06-07 00:00:00,Evening,Clear,Dry,25,56,Fatigue,Not Working,1,9,995562,Medium
4455,2023-06-06 00:00:00,Night,Fog,Dry,77,59,None,Working,5,8,574720,Medium
916,2024-06-14 00:00:00,Afternoon,Clear,Dry,95,23,None,Working,1,9,162010,Medium
1064,2025-01-31 00:00:00,Afternoon,Rain,Wet,30,35,None,Working,3,7,972908,Medium
392,2023-07-29 00:00:00,Afternoon,Rain,Dry,38,57,None,Not Working,1,6,372527,Medium
2078,2023-07-27 00:00:00,Afternoon,Rain,Dry,23,24,None,Working,2,6,360314,Medium
47,2025-01-06 00:00:00,Afternoon,Clear,Dry,51,88,Phone,Working,4,8,453915,Medium
3700,2023-03-13 00:00:00,Afternoon,Rain,Dry,39,91,Phone,Not Working,2,5,752694,Medium
3498,2024-08-10 00:00:00,Night,Rain,Dry,48,75,Fatigue,Not Working,4,1,29996,Medium
2032,2024-07-15 00:00:00,Evening,Clear,Dry,24,24,None,Working,4,0,661860,Low
480,2024-06-12 00:00:00,Evening,Clear,Dry,109,116,Phone,Working,1,3,238210,Medium
1675,2023-10-07 00:00:00,Evening,Clear,Dry,118,39,None,Working,3,8,908898,Medium
755,2023-08-17 00:00:00,Morning,Haze,Dry,114,44,Phone,Working,4,9,913952,High
4882,2024-03-26 00:00:00,Afternoon,Rain,Dry,118,40,Other,Working,2,6,608756,Medium
1570,2024-05-23 00:00:00,Afternoon,Clear,Wet,115,90,None,Working,3,4,54914,Medium
3008,2025-07-27 00:00:00,Morning,Clear,Damaged,53,50,None,Working,1,7,187923,Medium
3059,2025-06-28 00:00:00,Morning,Clear,Wet,65,86,None,Working,1,7,421920,Medium
2962,2025-04-03 00:00:00,Afternoon,Clear,Dry,63,51,Other,Working,5,6,660173,Medium
1994,2024-10-22 00:00:00,Morning,Clear,Dry,105,23,Phone,Working,1,2,272189,Low
4832,2025-11-06 00:00:00,Evening,Fog,Dry,22,94,Phone,Working,2,5,558369,Medium
786,2023-09-27 00:00:00,Night,Haze,Dry,19,78,Other,Working,5,0,735208,Low
2933,2024-06-05 00:00:00,Morning,Rain,Dry,73,101,Other,Working,2,6,378498,Medium
1326,2024-09-12 00:00:00,Afternoon,Clear,Dry,89,81,None,Working,1,2,912533,Low
1636,2025-09-25 00:00:00,Morning,Clear,Dry,93,86,Phone,Not Working,4,9,583317,High
4752,2023-08-06 00:00:00,Afternoon,Clear,Dry,32,101,Other,Working,5,5,257576,Medium
2324,2023-02-07 00:00:00,Afternoon,Rain,Dry,62,57,Other,Working,1,4,376534,Medium
2924,2025-01-26 00:00:00,Morning,Clear,Water-logged,27,81,Other,Not Working,5,5,665498,Medium
1620,2024-01-18 00:00:00,Evening,Rain,Dry,34,96,None,Working,1,3,711470,Medium
3693,2025-10-04 00:00:00,Evening,Clear,Wet,29,90,Fatigue,Not Working,3,8,821460,Medium
2015,2025-03-13 00:00:00,Evening,Clear,Dry,91,96,None,Not Working,5,9,81396,High
2237,2025-03-27 00:00:00,Night,Rain,Wet,58,111,Fatigue,Blinking,1,6,542089,High
2162,2024-05-24 00:00:00,Evening,Clear,Wet,106,111,Phone,Working,1,7,40048,Medium
2764,2025-02-21 00:00:00,Afternoon,Rain,Wet,94,54,None,Not Working,4,2,90895,Medium
1090,2025-07-18 00:00:00,Morning,Clear,Wet,29,114,None,Not Working,3,2,73225,Medium
2493,2025-06-08 00:00:00,Evening,Clear,Dry,86,115,None,Not Working,5,3,655485,Medium
3311,2023-02-23 00:00:00,Evening,Clear,Dry,98,51,Phone,Not Working,3,5,461366,Medium
2486,2025-04-05 00:00:00,Night,Rain,Dry,66,77,None,Working,2,9,130477,High
2285,2024-06-17 00:00:00,Morning,Clear,Dry,94,24,None,Working,2,1,654594,Low
4501,2024-05-03 00:00:00,Evening,Clear,Wet,26,65,Phone,Working,5,9,59846,Medium
3436,2023-01-10 00:00:00,Afternoon,Clear,Damaged,23,119,None,Not Working,4,3,325030,Medium
4294,2025-12-17 00:00:00,Night,Rain,Dry,118,51,Phone,Blinking,1,7,64546,High
4340,2023-09-18 00:00:00,Morning,Clear,Dry,32,90,Fatigue,Working,3,0,68297,Low
2337,2023-03-13 00:00:00,Afternoon,Clear,Dry,54,69,Fatigue,Working,1,6,937455,Medium
823,2025-06-13 00:00:00,Afternoon,Rain,Damaged,83,115,None,Not Working,2,0,126320,Medium
4680,2025-04-22 00:00:00,Evening,Clear,Water-logged,111,26,None,Working,2,0,912108,Low
3251,2024-03-14 00:00:00,Evening,Haze,Wet,112,54,None,Working,5,7,870022,High
2820,2024-01-06 00:00:00,Afternoon,Rain,Dry,49,46,None,Working,2,5,867056,Medium
1157,2023-11-12 00:00:00,Morning,Rain,Water-logged,27,76,None,Working,5,6,363494,Medium
3486,2025-03-18 00:00:00,Evening,Rain,Damaged,43,44,Other,Working,2,4,741873,Medium
3971,2025-06-16 00:00:00,Night,Clear,Dry,19,103,None,Working,4,5,655347,Medium
601,2023-06-15 00:00:00,Morning,Clear,Dry,56,61,None,Working,2,8,736067,Medium
2376,2025-01-04 00:00:00,Afternoon,Clear,Wet,42,23,Phone,Working,5,4,287312,Low
2906,2024-12-04 00:00:00,Morning,Haze,Dry,90,117,None,Working,2,0,762710,Medium
1638,2023-09-30 00:00:00,Morning,Rain,Wet,114,48,None,Working,2,3,180283,Medium
3294,2025-11-09 00:00:00,Evening,Clear,Dry,29,52,Fatigue,Working,4,5,291016,Medium
1696,2023-02-16 00:00:00,Morning,Rain,Dry,79,104,Phone,Working,2,7,623333,High
4350,2025-04-02 00:00:00,Evening,Fog,Dry,66,78,Fatigue,Working,3,6,524385,High
536,2024-05-01 00:00:00,Night,Clear,Dry,67,49,None,Blinking,4,2,245623,Low
1190,2023-07-22 00:00:00,Evening,Clear,Wet,40,69,Fatigue,Not Working,3,8,130899,Medium
3461,2023-04-28 00:00:00,Afternoon,Haze,Damaged,112,23,Other,Working,4,8,974554,High
4375,2025-11-15 00:00:00,Evening,Clear,Water-logged,58,94,None,Working,1,0,726582,Low
3622,2025-09-05 00:00:00,Morning,Clear,Dry,77,111,Other,Working,5,1,127809,Medium
4970,2024-10-08 00:00:00,Afternoon,Clear,Wet,59,31,Phone,Working,4,7,541022,Medium
1109,2024-06-26 00:00:00,Evening,Clear,Dry,109,111,Other,Not Working,3,6,601960,High
178,2023-12-30 00:00:00,Afternoon,Clear,Dry,36,96,None,Working,5,5,131804,Medium
2694,2023-03-03 00:00:00,Afternoon,Rain,Wet,46,98,None,Working,5,4,240473,Medium
4129,2023-12-14 00:00:00,Afternoon,Rain,Wet,25,59,Phone,Working,1,6,515523,Medium
677,2024-12-18 00:00:00,Morning,Rain,Water-logged,42,108,Other,Working,2,5,314711,Medium
1166,2024-09-03 00:00:00,Night,Clear,Dry,19,93,Phone,Blinking,3,2,506961,Low
3364,2024-09-24 00:00:00,Afternoon,Clear,Dry,119,21,None,Working,2,9,50170,Medium
1681,2025-09-28 00:00:00,Afternoon,Rain,Dry,30,69,Other,Working,5,1,357915,Low
3605,2025-10-12 00:00:00,Morning,Clear,Dry,93,24,None,Working,2,4,516299,Medium
459,2024-11-22 00:00:00,Morning,Haze,Dry,23,37,Phone,Not Working,5,8,225574,Medium
3499,2024-05-08 00:00:00,Morning,Clear,Dry,57,54,None,Not Working,1,9,731700,Medium
4013,2023-12-13 00:00:00,Evening,Clear,Dry,69,103,None,Working,5,4,217232,Medium
1236,2024-09-11 00:00:00,Afternoon,Fog,Dry,17,100,None,Working,1,5,467926,Medium
3350,2024-04-25 00:00:00,Morning,Rain,Dry,68,81,Phone,Working,1,1,278303,Medium
2172,2023-06-12 00:00:00,Morning,Fog,Water-logged,60,53,Phone,Working,3,7,317878,High
3779,2025-02-11 00:00:00,Evening,Rain,Wet,70,103,None,Working,5,7,192389,High
1573,2024-09-10 00:00:00,Evening,Clear,Dry,45,97,Fatigue,Working,4,7,313928,Medium
1980,2023-06-20 00:00:00,Night,Clear,Dry,104,94,None,Working,5,2,480048,Medium
1656,2023-07-04 00:00:00,Night,Clear,Wet,119,68,Fatigue,Working,4,3,36430,Medium
651,2024-11-17 00:00:00,Morning,Rain,Water-logged,25,53,Fatigue,Not Working,4,2,683281,Medium
489,2025-07-23 00:00:00,Night,Rain,Wet,116,77,Fatigue,Working,3,0,333692,Medium
616,2024-11-16 00:00:00,Night,Fog,Dry,33,117,None,Working,4,9,427757,High
2366,2025-02-19 00:00:00,Morning,Clear,Dry,55,68,Fatigue,Working,2,0,349653,Low
2220,2025-07-14 00:00:00,Morning,Haze,Dry,75,26,Fatigue,Blinking,5,6,642290,Medium
1685,2024-08-23 00:00:00,Morning,Rain,Water-logged,96,78,Phone,Not Working,4,7,98653,High
2704,2025-07-23 00:00:00,Morning,Clear,Wet,31,73,None,Not Working,3,8,150639,Medium
1860,2024-06-10 00:00:00,Evening,Rain,Wet,108,29,Fatigue,Working,5,7,509489,Medium
3222,2023-03-05 00:00:00,Morning,Clear,Damaged,98,87,Phone,Not Working,2,9,575419,High
3124,2025-02-03 00:00:00,Afternoon,Rain,Dry,37,37,None,Working,4,5,895449,Low
660,2025-07-06 00:00:00,Evening,Rain,Dry,84,29,Other,Working,2,6,397816,Medium
867,2025-07-26 00:00:00,Morning,Rain,Dry,66,63,Other,Working,4,5,903791,Medium
3132,2025-12-18 00:00:00,Night,Rain,Dry,109,114,Other,Working,1,4,959371,High
2606,2023-01-01 00:00:00,Evening,Rain,Dry,48,31,None,Not Working,2,5,436850,Medium
4008,2025-04-10 00:00:00,Afternoon,Rain,Dry,16,33,None,Working,1,3,592030,Low
3477,2024-05-09 00:00:00,Night,Clear,Dry,42,54,Fatigue,Working,4,6,128144,Medium
4133,2025-02-28 00:00:00,Evening,Clear,Dry,79,62,None,Working,3,0,345056,Low
3613,2025-10-26 00:00:00,Afternoon,Haze,Dry,70,22,None,Working,5,6,107591,Medium
736,2024-07-31 00:00:00,Night,Rain,Dry,48,25,None,Blinking,2,7,594571,Medium
1003,2025-06-17 00:00:00,Night,Fog,Dry,74,38,None,Working,1,4,973456,Medium
4403,2023-12-12 00:00:00,Morning,Rain,Dry,93,49,Fatigue,Working,3,5,570561,Medium
1652,2025-02-03 00:00:00,Afternoon,Fog,Dry,47,22,None,Not Working,2,2,156131,Low
228,2023-06-26 00:00:00,Afternoon,Fog,Wet,81,33,Phone,Working,5,2,325472,Medium
367,2024-04-05 00:00:00,Night,Rain,Wet,62,73,Other,Not Working,3,8,842241,High
1372,2025-09-15 00:00:00,Morning,Clear,Dry,105,41,Phone,Not Working,5,3,612637,Medium
2062,2024-07-08 00:00:00,Evening,Clear,Wet,85,46,None,Not Working,5,1,37212,Low
1307,2023-07-11 00:00:00,Evening,Clear,Damaged,88,96,Phone,Working,5,6,752777,Medium
1945,2024-05-16 00:00:00,Evening,Rain,Water-logged,98,38,None,Working,4,2,290998,Low
4771,2023-06-27 00:00:00,Morning,Rain,Water-logged,80,52,None,Working,1,8,788953,High
4833,2023-06-26 00:00:00,Evening,Clear,Wet,34,51,None,Working,4,0,117362,Low
4514,2024-07-15 00:00:00,Evening,Rain,Dry,25,34,Fatigue,Working,5,4,116058,Medium
1720,2023-04-21 00:00:00,Morning,Clear,Dry,72,60,Phone,Not Working,3,1,681686,Medium
3601,2023-03-24 00:00:00,Morning,Clear,Dry,14,62,Phone,Working,5,9,989340,Medium
2803,2023-06-08 00:00:00,Night,Haze,Wet,45,89,Phone,Working,1,3,268088,Medium
1426,2024-05-30 00:00:00,Night,Clear,Dry,72,37,Other,Blinking,5,2,158870,Low
317,2024-09-12 00:00:00,Afternoon,Clear,Dry,101,104,Phone,Working,2,5,668132,Medium
4586,2025-03-27 00:00:00,Night,Fog,Dry,11,92,Other,Working,5,1,252631,Medium
2701,2023-06-08 00:00:00,Evening,Haze,Dry,65,21,None,Not Working,4,9,841693,Medium
2243,2023-07-06 00:00:00,Evening,Clear,Water-logged,79,86,Phone,Working,3,4,493693,Medium
2400,2023-05-31 00:00:00,Evening,Clear,Dry,53,72,Other,Working,3,6,723204,Medium
2787,2025-05-18 00:00:00,Night,Clear,Dry,68,36,None,Working,2,6,205263,Medium
118,2025-08-28 00:00:00,Morning,Clear,Wet,41,76,None,Working,5,7,999408,Medium
27,2023-09-16 00:00:00,Morning,Clear,Water-logged,106,117,Phone,Working,5,9,374761,High
3748,2023-11-20 00:00:00,Afternoon,Clear,Wet,93,68,None,Working,2,1,237078,Low
1298,2025-07-08 00:00:00,Morning,Clear,Dry,23,104,None,Working,1,9,381734,Medium
3323,2025-07-21 00:00:00,Evening,Clear,Dry,33,29,None,Working,4,7,948949,Low
167,2025-04-02 00:00:00,Afternoon,Clear,Dry,94,35,Phone,Working,4,2,318257,Low
4843,2024-02-07 00:00:00,Afternoon,Clear,Dry,113,88,None,Working,2,0,308294,Medium
2742,2023-02-14 00:00:00,Morning,Clear,Dry,57,52,Fatigue,Working,4,3,669941,Medium
4032,2023-06-02 00:00:00,Afternoon,Rain,Wet,17,30,None,Blinking,5,1,981396,Low
2051,2023-10-18 00:00:00,Afternoon,Fog,Dry,82,113,None,Not Working,3,7,372812,High
2228,2025-06-29 00:00:00,Evening,Clear,Dry,113,40,Other,Working,2,0,536441,Low
4927,2025-04-30 00:00:00,Afternoon,Clear,Water-logged,20,46,None,Working,4,2,974020,Low
854,2024-01-31 00:00:00,Night,Fog,Wet,98,82,None,Blinking,1,7,115530,High
17,2024-10-09 00:00:00,Afternoon,Clear,Dry,66,49,Fatigue,Working,5,5,28886,Medium
4489,2024-07-17 00:00:00,Evening,Clear,Dry,94,91,None,Working,4,7,311604,Medium
3068,2024-10-23 00:00:00,Night,Clear,Dry,37,78,Phone,Working,4,8,835248,Medium
3717,2023-05-10 00:00:00,Afternoon,Clear,Dry,41,50,None,Working,5,8,523989,Medium
2024,2024-06-16 00:00:00,Morning,Rain,Damaged,96,53,Fatigue,Working,2,9,886670,High
1642,2024-03-30 00:00:00,Night,Rain,Wet,25,35,None,Not Working,5,7,249544,Medium
1244,2025-06-04 00:00:00,Night,Rain,Dry,13,64,None,Working,2,4,336900,Medium
4197,2024-02-12 00:00:00,Morning,Rain,Dry,70,44,None,Working,1,9,841187,High
3370,2025-10-07 00:00:00,Evening,Clear,Dry,46,113,Phone,Not Working,4,2,368674,Medium
1607,2025-10-25 00:00:00,Morning,Clear,Dry,109,23,Other,Working,5,9,579163,Medium
2651,2025-04-07 00:00:00,Morning,Clear,Dry,86,65,None,Working,3,4,54512,Medium
3812,2025-02-14 00:00:00,Afternoon,Clear,Dry,104,28,Phone,Working,4,6,846674,Medium
192,2024-12-03 00:00:00,Night,Rain,Dry,96,60,None,Working,4,1,612118,Medium
32,2023-08-30 00:00:00,Morning,Clear,Damaged,32,71,None,Not Working,4,7,953844,Medium
1738,2023-07-10 00:00:00,Morning,Clear,Wet,12,112,Fatigue,Working,5,7,94220,Medium
1257,2024-05-29 00:00:00,Morning,Rain,Dry,39,42,Fatigue,Working,2,5,22822,Medium
2451,2025-03-10 00:00:00,Afternoon,Clear,Water-logged,41,72,None,Working,3,3,180430,Medium
2380,2025-11-01 00:00:00,Evening,Clear,Water-logged,60,94,None,Working,5,9,663325,Medium
4470,2025-01-07 00:00:00,Night,Clear,Dry,106,75,None,Working,3,0,821021,Medium
4600,2024-01-08 00:00:00,Afternoon,Clear,Damaged,53,21,Phone,Working,4,8,646965,Medium
1717,2025-05-25 00:00:00,Morning,Clear,Dry,86,78,Phone,Not Working,2,5,780304,Medium
2253,2025-01-22 00:00:00,Evening,Clear,Wet,13,92,Other,Blinking,1,6,974243,Medium
2338,2023-04-05 00:00:00,Afternoon,Clear,Dry,61,100,Fatigue,Blinking,2,6,942036,Medium
282,2023-01-13 00:00:00,Afternoon,Clear,Dry,71,110,Phone,Blinking,4,6,405733,Medium
1165,2023-06-24 00:00:00,Morning,Clear,Dry,90,34,Phone,Working,2,4,679585,Medium
3797,2023-06-07 00:00:00,Evening,Clear,Damaged,58,82,None,Working,4,5,239872,Medium
2692,2025-05-15 00:00:00,Evening,Fog,Wet,66,87,Fatigue,Working,4,5,889108,Medium
4959,2024-06-22 00:00:00,Morning,Rain,Wet,45,28,Fatigue,Blinking,5,9,902982,Medium
1704,2024-10-25 00:00:00,Evening,Clear,Dry,46,54,None,Working,5,4,372431,Low
2529,2025-10-25 00:00:00,Morning,Rain,Wet,24,65,None,Not Working,4,0,530246,Low
691,2023-11-18 00:00:00,Afternoon,Clear,Wet,114,63,Other,Working,2,1,886208,Medium
582,2025-05-16 00:00:00,Night,Clear,Damaged,75,51,Phone,Working,3,9,595200,Medium
4937,2023-02-03 00:00:00,Night,Clear,Wet,91,71,Phone,Working,3,4,45193,Medium
4412,2024-07-16 00:00:00,Morning,Rain,Wet,50,48,None,Working,3,0,463325,Low
3387,2025-09-21 00:00:00,Morning,Haze,Wet,64,94,None,Working,1,8,553779,Medium
667,2025-08-12 00:00:00,Morning,Rain,Dry,84,90,None,Working,2,5,746922,High
4920,2023-10-19 00:00:00,Afternoon,Clear,Dry,113,80,None,Working,2,4,603063,Medium
3044,2024-02-25 00:00:00,Afternoon,Rain,Wet,32,86,Phone,Not Working,3,3,789374,Medium
331,2023-04-11 00:00:00,Afternoon,Clear,Wet,12,60,Fatigue,Working,4,0,121255,Low
2839,2025-06-13 00:00:00,Evening,Clear,Dry,45,38,Fatigue,Working,4,0,543183,Low
2554,2023-11-09 00:00:00,Night,Clear,Wet,92,71,None,Not Working,4,6,571126,Medium
2942,2025-04-21 00:00:00,Evening,Rain,Wet,100,26,None,Working,4,7,137422,Medium
4392,2024-04-16 00:00:00,Evening,Haze,Wet,107,91,Fatigue,Working,4,8,521828,High
753,2024-12-22 00:00:00,Evening,Clear,Dry,18,33,None,Working,5,7,668636,Low
964,2024-03-06 00:00:00,Afternoon,Rain,Dry,69,90,None,Not Working,1,6,190938,High
115,2024-09-10 00:00:00,Evening,Clear,Dry,101,87,Fatigue,Working,5,6,573630,Medium
3281,2023-10-21 00:00:00,Afternoon,Clear,Wet,99,97,Other,Not Working,2,6,535467,High
3181,2025-07-19 00:00:00,Morning,Clear,Dry,109,30,Phone,Working,5,1,161033,Low
1617,2025-08-12 00:00:00,Night,Clear,Dry,19,70,None,Working,1,2,9017,Low
285,2023-02-22 00:00:00,Evening,Clear,Dry,86,84,None,Not Working,5,8,489044,Medium
2245,2023-07-29 00:00:00,Night,Clear,Dry,67,48,Phone,Working,1,3,755637,Low
822,2024-09-30 00:00:00,Morning,Clear,Dry,104,23,None,Working,4,8,80992,Medium
4687,2024-08-13 00:00:00,Morning,Clear,Dry,58,81,Phone,Working,5,7,508436,Medium
1341,2024-07-25 00:00:00,Afternoon,Clear,Dry,21,104,Phone,Working,4,4,904730,Medium
1846,2025-05-05 00:00:00,Morning,Clear,Dry,59,53,Phone,Working,5,7,784660,Medium
655,2025-08-30 00:00:00,Afternoon,Clear,Dry,28,25,None,Working,2,9,849817,Medium
3262,2025-04-28 00:00:00,Evening,Clear,Dry,67,98,None,Working,1,9,908411,High
932,2024-07-07 00:00:00,Night,Clear,Dry,16,40,None,Working,2,1,920234,Low
4305,2023-03-06 00:00:00,Night,Rain,Dry,102,80,None,Working,4,9,127829,High
1148,2023-04-20 00:00:00,Evening,Clear,Dry,10,119,None,Working,3,8,100289,Medium
711,2024-02-10 00:00:00,Evening,Clear,Dry,36,64,Phone,Working,4,2,795457,Low
4428,2024-10-23 00:00:00,Morning,Fog,Dry,100,47,Phone,Blinking,5,7,628667,High
284,2023-09-09 00:00:00,Morning,Fog,Wet,39,20,Phone,Blinking,2,8,205198,Medium
955,2025-05-01 00:00:00,Afternoon,Clear,Water-logged,79,74,None,Not Working,4,4,21849,Medium
3165,2024-12-30 00:00:00,Morning,Clear,Dry,21,31,None,Working,2,0,959577,Low
2213,2023-06-02 00:00:00,Morning,Clear,Damaged,65,26,None,Working,2,0,684135,Low
245,2023-02-01 00:00:00,Morning,Rain,Dry,84,49,Phone,Working,3,9,16255,High
2568,2023-08-30 00:00:00,Afternoon,Clear,Dry,76,63,Phone,Blinking,1,4,679433,Medium
2003,2023-11-15 00:00:00,Night,Fog,Dry,39,55,None,Working,2,4,324558,Low
3481,2023-08-16 00:00:00,Morning,Clear,Wet,21,103,None,Working,2,9,266736,High
1963,2024-04-26 00:00:00,Night,Haze,Dry,113,80,None,Not Working,3,3,207817,High
2111,2023-11-30 00:00:00,Morning,Rain,Dry,116,66,None,Working,3,8,295184,High
4487,2024-02-22 00:00:00,Morning,Clear,Dry,114,35,Phone,Not Working,1,4,85556,Medium
3859,2023-11-17 00:00:00,Afternoon,Rain,Dry,71,25,Phone,Working,4,3,653802,Medium
2542,2023-04-24 00:00:00,Evening,Clear,Dry,113,26,None,Not Working,2,5,960246,Medium
4028,2025-04-14 00:00:00,Morning,Clear,Dry,116,23,None,Blinking,3,8,956335,Medium
4102,2025-02-26 00:00:00,Afternoon,Rain,Wet,69,50,Phone,Working,3,4,167399,Medium
3930,2024-10-30 00:00:00,Morning,Haze,Dry,26,91,None,Blinking,2,7,917919,Medium
2171,2023-11-07 00:00:00,Evening,Clear,Dry,26,72,Phone,Working,4,3,312159,Medium
2732,2024-10-24 00:00:00,Afternoon,Clear,Dry,34,28,Fatigue,Working,1,9,701189,Medium
444,2023-08-04 00:00:00,Afternoon,Haze,Damaged,12,54,Phone,Not Working,5,7,950173,Medium
1406,2024-10-14 00:00:00,Afternoon,Fog,Dry,107,61,Other,Working,2,9,926038,High
4590,2024-05-09 00:00:00,Evening,Rain,Dry,55,66,Phone,Blinking,2,6,965809,Medium
477,2024-10-05 00:00:00,Morning,Clear,Dry,37,79,Phone,Working,5,2,323164,Medium
504,2024-05-19 00:00:00,Night,Clear,Dry,10,69,Phone,Not Working,2,5,585133,Medium
3655,2025-02-05 00:00:00,Morning,Clear,Dry,60,77,None,Working,1,7,993741,Medium
594,2023-11-10 00:00:00,Afternoon,Haze,Dry,47,57,None,Working,5,5,646679,Medium
3547,2025-06-24 00:00:00,Morning,Fog,Dry,56,93,Phone,Working,2,6,737505,Medium
1408,2025-05-18 00:00:00,Night,Clear,Dry,71,46,None,Working,4,1,274935,Low
135,2024-12-06 00:00:00,Night,Haze,Dry,64,109,None,Working,1,7,790382,High
210,2023-10-11 00:00:00,Morning,Clear,Wet,83,44,None,Working,4,9,86628,Medium
3087,2023-06-27 00:00:00,Afternoon,Haze,Dry,65,31,None,Not Working,1,1,782050,Low
196,2025-03-24 00:00:00,Afternoon,Rain,Water-logged,47,107,Fatigue,Working,5,7,601539,High
4611,2023-07-12 00:00:00,Afternoon,Rain,Dry,111,64,None,Working,5,2,711901,Medium
2713,2023-12-16 00:00:00,Afternoon,Clear,Wet,47,79,Fatigue,Working,1,0,123888,Medium
2626,2023-11-09 00:00:00,Night,Rain,Dry,109,61,None,Working,4,7,978811,Medium
184,2023-06-16 00:00:00,Night,Haze,Dry,32,48,Other,Not Working,4,5,706600,Medium
771,2023-12-15 00:00:00,Morning,Rain,Dry,47,98,Fatigue,Working,4,1,854443,Medium
2178,2023-01-14 00:00:00,Evening,Rain,Wet,30,46,Other,Working,4,5,430173,Medium
2492,2023-05-22 00:00:00,Morning,Clear,Dry,101,71,None,Not Working,2,1,666598,Medium
410,2024-10-10 00:00:00,Morning,Clear,Dry,62,81,None,Working,3,5,549805,Medium
3146,2024-01-23 00:00:00,Afternoon,Clear,Wet,67,31,None,Working,5,3,46878,Low
2131,2024-01-18 00:00:00,Morning,Clear,Wet,95,107,Phone,Working,5,1,881976,Medium
1077,2023-01-13 00:00:00,Afternoon,Clear,Dry,80,100,Phone,Not Working,1,7,220478,High
2580,2025-09-12 00:00:00,Evening,Rain,Dry,29,29,None,Working,2,4,65393,Medium
92,2024-10-05 00:00:00,Evening,Clear,Dry,64,103,Phone,Blinking,4,1,127608,Medium
2256,2023-09-20 00:00:00,Evening,Rain,Dry,52,96,None,Blinking,4,5,577730,Medium
4518,2024-04-15 00:00:00,Night,Rain,Dry,111,119,None,Working,5,9,243651,High
1688,2024-08-18 00:00:00,Afternoon,Clear,Wet,100,82,Fatigue,Working,5,3,141786,Medium
1117,2025-12-08 00:00:00,Morning,Rain,Water-logged,37,95,Phone,Working,2,8,581635,Medium
2841,2023-01-05 00:00:00,Afternoon,Rain,Water-logged,106,45,Fatigue,Working,3,2,774776,Medium
795,2023-10-26 00:00:00,Morning,Clear,Dry,81,41,None,Working,2,8,612415,Medium
407,2024-10-18 00:00:00,Afternoon,Haze,Dry,79,35,None,Working,2,9,773912,Medium
1457,2025-08-21 00:00:00,Evening,Rain,Dry,49,119,Phone,Not Working,1,2,944285,Medium
1760,2024-01-13 00:00:00,Evening,Clear,Dry,31,100,Fatigue,Working,5,0,246964,Low
3840,2023-03-14 00:00:00,Evening,Clear,Wet,40,50,None,Working,2,1,810985,Low
2736,2025-10-16 00:00:00,Evening,Rain,Dry,110,46,Fatigue,Working,3,9,263665,High
951,2025-02-28 00:00:00,Evening,Clear,Dry,75,42,Other,Working,1,6,335212,Medium
2121,2024-11-29 00:00:00,Night,Haze,Dry,47,113,None,Working,5,0,404355,Medium
199,2025-06-18 00:00:00,Night,Clear,Dry,76,65,Fatigue,Working,3,4,192755,Medium
3898,2023-02-15 00:00:00,Night,Rain,Dry,43,46,Phone,Working,5,9,124424,Medium
3274,2025-10-09 00:00:00,Evening,Rain,Wet,116,77,None,Working,4,6,516229,High
2010,2025-08-28 00:00:00,Afternoon,Clear,Damaged,27,67,Phone,Working,4,4,857869,Medium
201,2025-11-19 00:00:00,Evening,Clear,Dry,55,112,None,Blinking,5,8,627285,Medium
1616,2023-12-21 00:00:00,Evening,Rain,Wet,34,109,Phone,Working,3,3,949447,Medium
752,2024-10-05 00:00:00,Night,Rain,Wet,86,56,Phone,Working,1,6,598271,High
1937,2025-04-27 00:00:00,Afternoon,Clear,Wet,60,30,Fatigue,Not Working,4,2,502831,Low
4943,2023-02-15 00:00:00,Night,Clear,Dry,102,108,Phone,Working,2,8,127192,High
2614,2024-12-20 00:00:00,Evening,Clear,Dry,54,68,Phone,Working,1,5,357419,Medium
3460,2024-08-08 00:00:00,Evening,Clear,Dry,61,117,None,Working,4,0,221314,Low
566,2024-11-12 00:00:00,Evening,Clear,Wet,15,78,Phone,Blinking,1,5,837133,Low
3933,2023-02-03 00:00:00,Evening,Clear,Dry,25,103,Fatigue,Working,3,7,250353,Medium
2429,2024-08-18 00:00:00,Afternoon,Rain,Dry,30,105,None,Working,3,3,263289,Medium
3410,2023-09-21 00:00:00,Morning,Clear,Wet,44,37,None,Working,2,4,581420,Low
3630,2025-11-19 00:00:00,Evening,Rain,Damaged,28,61,Phone,Working,3,5,813979,Medium
2560,2025-01-26 00:00:00,Evening,Fog,Dry,80,40,Phone,Working,2,6,475638,Medium
1313,2025-09-18 00:00:00,Evening,Rain,Dry,84,60,Phone,Blinking,2,7,829339,High
4678,2025-01-14 00:00:00,Night,Clear,Wet,119,110,None,Working,3,5,598118,High
4216,2023-06-21 00:00:00,Night,Clear,Dry,14,97,None,Working,3,9,497278,Medium
1004,2025-05-13 00:00:00,Evening,Rain,Dry,85,66,None,Blinking,3,0,953618,Medium
2267,2025-12-03 00:00:00,Evening,Clear,Dry,53,100,Phone,Working,5,0,286682,Medium
1483,2024-02-11 00:00:00,Evening,Rain,Dry,87,31,Other,Not Working,5,1,257734,Medium
1395,2025-07-16 00:00:00,Afternoon,Haze,Wet,58,107,None,Working,1,7,564456,High
2670,2024-08-18 00:00:00,Afternoon,Clear,Dry,27,96,Phone,Working,2,0,867351,Low
3454,2025-10-20 00:00:00,Afternoon,Clear,Dry,54,106,Phone,Working,1,1,668217,Medium
2517,2023-04-18 00:00:00,Morning,Clear,Dry,21,22,None,Working,5,3,995579,Low
3418,2024-01-12 00:00:00,Evening,Rain,Damaged,101,35,Other,Working,1,9,532676,Medium
2094,2024-04-21 00:00:00,Evening,Clear,Wet,16,53,Phone,Working,2,5,422047,Medium
4062,2025-02-24 00:00:00,Morning,Fog,Damaged,108,28,Other,Not Working,2,7,195009,Medium
4106,2025-04-18 00:00:00,Evening,Clear,Dry,58,91,None,Working,4,7,181532,Medium
120,2025-12-07 00:00:00,Evening,Clear,Wet,42,104,None,Not Working,1,0,508984,Low
1400,2024-01-10 00:00:00,Evening,Fog,Dry,83,66,Phone,Working,1,8,996005,High
4124,2023-06-27 00:00:00,Night,Fog,Dry,31,56,Fatigue,Not Working,1,1,734417,Medium
4878,2025-03-03 00:00:00,Evening,Clear,Water-logged,49,60,Other,Working,1,3,33701,Medium
2208,2025-07-14 00:00:00,Night,Clear,Dry,113,52,None,Not Working,1,2,73187,Low
3624,2024-09-20 00:00:00,Night,Fog,Wet,37,113,Phone,Blinking,2,7,60301,High
269,2025-04-15 00:00:00,Afternoon,Fog,Dry,99,94,Phone,Working,3,2,7293,Medium
1345,2025-08-10 00:00:00,Evening,Clear,Dry,29,49,None,Working,4,7,226341,Medium
3964,2024-08-29 00:00:00,Evening,Clear,Dry,16,114,None,Working,1,7,227216,Medium
3648,2025-09-19 00:00:00,Afternoon,Clear,Wet,101,104,Phone,Not Working,3,8,906833,High
2987,2023-07-09 00:00:00,Morning,Rain,Water-logged,89,22,None,Blinking,1,0,157206,Low
2940,2023-02-07 00:00:00,Morning,Clear,Dry,44,85,None,Working,3,5,146586,Medium
1296,2024-06-22 00:00:00,Morning,Fog,Dry,113,83,Phone,Working,4,3,876996,Medium
724,2023-03-31 00:00:00,Evening,Clear,Water-logged,64,41,None,Not Working,4,0,75649,Low
4440,2025-05-13 00:00:00,Morning,Rain,Dry,20,89,None,Working,5,7,660428,Medium
3880,2025-08-16 00:00:00,Morning,Clear,Damaged,83,84,Phone,Working,2,5,980359,Medium
2594,2025-05-05 00:00:00,Evening,Fog,Dry,97,58,Fatigue,Working,2,7,539099,High
377,2023-06-30 00:00:00,Night,Rain,Dry,29,101,Phone,Working,1,3,345185,Medium
463,2025-08-26 00:00:00,Evening,Clear,Damaged,103,66,Fatigue,Not Working,1,4,759766,Medium
1794,2025-03-17 00:00:00,Evening,Clear,Dry,12,114,None,Working,4,1,961182,Low
4599,2024-07-23 00:00:00,Afternoon,Clear,Dry,11,50,Phone,Blinking,5,8,756645,Medium
670,2024-03-15 00:00:00,Afternoon,Rain,Dry,100,30,Other,Working,3,2,543238,Medium
2490,2025-10-16 00:00:00,Afternoon,Fog,Wet,18,22,None,Working,2,9,659066,Medium
1074,2023-02-03 00:00:00,Morning,Clear,Dry,44,115,Other,Blinking,4,0,196016,Medium
2628,2024-03-26 00:00:00,Evening,Clear,Water-logged,56,112,Fatigue,Working,1,4,971479,Medium
3914,2024-07-03 00:00:00,Night,Clear,Water-logged,84,107,None,Blinking,4,9,954245,High
4361,2023-03-24 00:00:00,Morning,Clear,Damaged,50,119,Phone,Working,4,6,176167,Medium
849,2023-09-13 00:00:00,Evening,Clear,Water-logged,12,117,None,Not Working,5,7,214082,Medium
3491,2024-05-11 00:00:00,Morning,Fog,Water-logged,66,30,Phone,Working,2,9,459409,Medium
3045,2023-06-03 00:00:00,Evening,Clear,Dry,88,28,None,Working,3,1,762996,Low
436,2025-10-08 00:00:00,Evening,Rain,Dry,107,101,Fatigue,Blinking,4,8,390015,High
1352,2023-10-18 00:00:00,Evening,Clear,Dry,39,63,Phone,Working,5,1,170094,Low
4672,2025-02-09 00:00:00,Night,Rain,Water-logged,22,90,Phone,Not Working,5,3,740131,Medium
1763,2023-09-23 00:00:00,Morning,Clear,Dry,106,42,None,Blinking,4,9,20084,Medium
2771,2024-05-09 00:00:00,Morning,Clear,Wet,65,118,Phone,Working,3,9,454157,High
2577,2025-10-09 00:00:00,Night,Rain,Dry,20,81,None,Working,1,4,842551,Medium
2100,2023-05-27 00:00:00,Afternoon,Fog,Wet,49,95,None,Working,1,7,325609,High
359,2024-12-24 00:00:00,Night,Fog,Dry,76,46,Other,Working,3,3,424140,Medium
4547,2024-05-28 00:00:00,Morning,Clear,Dry,31,27,Fatigue,Working,4,3,796722,Low
453,2023-11-05 00:00:00,Afternoon,Clear,Wet,89,92,None,Working,4,6,972744,Medium
4400,2023-08-18 00:00:00,Morning,Clear,Dry,69,81,Phone,Working,1,7,113879,Medium
1887,2024-07-15 00:00:00,Morning,Clear,Dry,68,32,None,Working,4,0,481320,Low
3579,2023-03-15 00:00:00,Evening,Clear,Damaged,53,85,None,Working,3,5,622996,Medium
4291,2023-01-14 00:00:00,Evening,Clear,Wet,19,58,None,Working,4,1,315092,Low
2603,2025-03-03 00:00:00,Evening,Rain,Dry,66,80,None,Not Working,3,6,358183,Medium
2971,2025-04-03 00:00:00,Afternoon,Haze,Dry,24,35,None,Working,3,3,630408,Medium
3107,2023-11-06 00:00:00,Evening,Clear,Dry,69,66,None,Blinking,3,0,353124,Low
3581,2023-05-26 00:00:00,Afternoon,Clear,Dry,83,62,Fatigue,Blinking,5,2,208762,Medium
256,2023-02-17 00:00:00,Evening,Clear,Dry,65,29,None,Not Working,1,8,458362,Medium
2572,2024-11-10 00:00:00,Night,Clear,Wet,15,82,Fatigue,Blinking,5,5,508579,Medium
3090,2025-06-28 00:00:00,Afternoon,Fog,Dry,109,29,Phone,Not Working,3,5,977666,Medium
4737,2024-01-18 00:00:00,Evening,Rain,Dry,101,68,None,Working,3,1,180302,Medium
4942,2024-10-17 00:00:00,Afternoon,Clear,Dry,12,94,None,Working,2,4,38243,Low
472,2025-09-30 00:00:00,Night,Clear,Water-logged,63,31,Phone,Not Working,2,6,433846,Medium
67,2023-03-12 00:00:00,Morning,Clear,Wet,33,54,None,Working,2,6,818039,Low
2195,2023-07-02 00:00:00,Morning,Fog,Dry,32,21,None,Not Working,4,2,738079,Medium
4453,2023-05-05 00:00:00,Night,Clear,Dry,23,84,Phone,Working,4,0,215860,Low
3735,2025-03-04 00:00:00,Morning,Clear,Wet,48,93,None,Working,2,6,548180,Medium
754,2024-11-22 00:00:00,Afternoon,Rain,Wet,30,94,Phone,Not Working,4,3,737506,Medium
933,2024-03-30 00:00:00,Night,Clear,Dry,79,47,Phone,Blinking,1,1,244135,Low
3138,2024-07-15 00:00:00,Evening,Haze,Dry,37,78,None,Working,1,1,735213,Medium
3200,2024-07-24 00:00:00,Afternoon,Clear,Dry,83,24,None,Working,1,5,971769,Medium
1164,2025-05-26 00:00:00,Evening,Clear,Wet,75,49,Other,Working,4,8,580209,Medium
1975,2025-11-08 00:00:00,Afternoon,Clear,Dry,22,69,Fatigue,Working,5,8,539734,Medium
4509,2025-08-21 00:00:00,Evening,Clear,Water-logged,42,98,None,Working,2,6,205086,Medium
1619,2023-01-10 00:00:00,Evening,Clear,Water-logged,64,77,Fatigue,Working,2,8,461501,Medium
717,2024-08-07 00:00:00,Night,Clear,Dry,88,28,None,Working,4,7,860921,Medium
1235,2023-09-18 00:00:00,Evening,Clear,Dry,52,95,None,Working,1,1,190898,Medium
132,2023-04-30 00:00:00,Morning,Clear,Dry,53,23,None,Working,4,8,781829,Medium
2427,2024-09-12 00:00:00,Morning,Clear,Dry,65,76,Other,Not Working,1,5,735044,Medium
4662,2025-11-06 00:00:00,Evening,Clear,Wet,54,23,None,Working,3,4,700441,Low
2607,2024-03-26 00:00:00,Morning,Clear,Wet,25,54,Phone,Working,1,4,534818,Medium
1774,2023-12-04 00:00:00,Night,Clear,Dry,114,23,Phone,Working,3,3,587081,Medium
4495,2023-11-04 00:00:00,Evening,Rain,Wet,80,55,Phone,Blinking,2,0,851331,Medium
1108,2023-10-07 00:00:00,Evening,Clear,Dry,101,67,Fatigue,Working,4,1,206361,Medium
1547,2023-07-18 00:00:00,Night,Rain,Dry,107,74,Fatigue,Not Working,3,9,739600,High
4391,2024-12-09 00:00:00,Morning,Haze,Dry,20,48,None,Working,2,2,445070,Medium
1849,2024-01-20 00:00:00,Night,Rain,Dry,41,118,None,Working,4,9,773300,High
4769,2024-02-23 00:00:00,Evening,Haze,Dry,101,20,None,Working,5,5,887482,Medium
620,2024-06-24 00:00:00,Evening,Clear,Dry,47,39,Phone,Working,3,5,408772,Low
3361,2024-06-25 00:00:00,Evening,Fog,Dry,107,21,None,Working,4,5,149768,Medium
3543,2025-01-29 00:00:00,Morning,Fog,Dry,78,31,None,Blinking,2,7,732631,Medium
3826,2025-02-19 00:00:00,Morning,Clear,Dry,13,20,None,Blinking,2,3,964084,Low
1530,2024-04-15 00:00:00,Evening,Fog,Wet,61,103,Phone,Working,1,9,490080,High
2890,2024-08-01 00:00:00,Night,Clear,Wet,65,36,None,Working,3,6,879456,Medium
257,2024-04-02 00:00:00,Night,Clear,Dry,26,49,None,Working,2,6,583678,Low
3881,2023-02-01 00:00:00,Evening,Rain,Dry,90,83,None,Working,3,5,998078,Medium
706,2025-06-16 00:00:00,Night,Clear,Dry,16,58,None,Not Working,3,1,631712,Low
3325,2024-10-04 00:00:00,Evening,Clear,Wet,100,38,None,Blinking,2,6,692180,Medium
4714,2025-04-13 00:00:00,Evening,Clear,Dry,76,62,None,Working,4,9,776741,Medium
4497,2025-03-15 00:00:00,Afternoon,Clear,Wet,36,93,None,Working,1,8,224303,Medium
3802,2024-04-12 00:00:00,Night,Clear,Dry,78,106,None,Working,1,7,640507,Medium
3306,2024-02-23 00:00:00,Afternoon,Clear,Wet,20,21,Fatigue,Working,4,5,65044,Low
3359,2023-11-16 00:00:00,Night,Clear,Water-logged,95,43,Phone,Working,5,1,258706,Medium
1599,2025-06-04 00:00:00,Morning,Haze,Dry,70,80,None,Working,5,3,971979,Medium
1187,2024-05-07 00:00:00,Evening,Rain,Dry,89,119,None,Not Working,1,7,457357,High
3592,2024-01-18 00:00:00,Morning,Clear,Dry,43,37,Fatigue,Not Working,5,5,178411,Medium
4191,2023-11-13 00:00:00,Evening,Haze,Dry,117,28,None,Not Working,2,6,703378,Medium
4147,2023-07-04 00:00:00,Morning,Clear,Wet,85,40,Phone,Working,5,7,157746,Medium
992,2024-04-09 00:00:00,Evening,Clear,Wet,70,47,Phone,Not Working,4,8,573461,Medium
4993,2024-02-07 00:00:00,Afternoon,Clear,Dry,98,21,None,Working,5,6,388574,Medium
1191,2023-10-08 00:00:00,Morning,Rain,Wet,20,80,Phone,Working,2,8,442239,High
143,2023-02-28 00:00:00,Afternoon,Rain,Water-logged,25,100,None,Working,2,2,655190,Medium
2874,2025-01-21 00:00:00,Afternoon,Fog,Dry,17,103,None,Working,2,2,920477,Low
3902,2025-10-20 00:00:00,Afternoon,Haze,Wet,73,44,None,Working,5,4,14106,Medium
2809,2025-06-01 00:00:00,Afternoon,Clear,Dry,114,116,None,Working,1,7,139377,High
936,2023-10-13 00:00:00,Afternoon,Rain,Dry,55,21,Phone,Working,1,6,20023,Medium
1664,2025-09-10 00:00:00,Afternoon,Rain,Wet,12,106,None,Working,1,8,552509,Medium
1096,2024-09-05 00:00:00,Morning,Rain,Dry,111,100,None,Not Working,2,6,896999,High
3123,2025-08-28 00:00:00,Morning,Clear,Dry,64,117,None,Not Working,1,8,76654,High
3699,2024-05-07 00:00:00,Night,Clear,Dry,39,26,Fatigue,Not Working,3,5,326127,Medium
721,2023-03-21 00:00:00,Night,Clear,Wet,97,64,Phone,Working,2,6,219024,Medium
2997,2024-10-23 00:00:00,Morning,Clear,Wet,14,44,Phone,Working,3,4,518985,Low
1140,2025-03-24 00:00:00,Evening,Fog,Damaged,52,31,Phone,Blinking,3,2,437391,Medium
2203,2025-07-30 00:00:00,Afternoon,Clear,Dry,44,74,Phone,Not Working,4,5,986102,Medium
4798,2023-10-13 00:00:00,Evening,Rain,Dry,118,115,Phone,Blinking,3,2,323935,Medium
3615,2025-10-08 00:00:00,Afternoon,Clear,Dry,86,61,None,Working,4,3,306149,Low
4694,2024-09-11 00:00:00,Evening,Fog,Wet,45,102,Fatigue,Not Working,3,9,420300,High
4485,2025-05-14 00:00:00,Morning,Fog,Dry,108,31,Fatigue,Working,3,0,495582,Low
4915,2023-06-04 00:00:00,Morning,Clear,Dry,112,66,Phone,Working,3,4,968116,Medium
4738,2023-04-14 00:00:00,Afternoon,Clear,Water-logged,47,118,Phone,Blinking,5,0,839478,Medium
4417,2025-05-15 00:00:00,Afternoon,Rain,Wet,105,90,None,Working,2,1,450042,Medium
1286,2025-03-02 00:00:00,Evening,Rain,Dry,73,73,None,Not Working,5,9,746968,High
4561,2025-05-10 00:00:00,Evening,Fog,Wet,15,41,None,Working,2,5,434529,Medium
3948,2023-01-22 00:00:00,Evening,Haze,Dry,66,65,Other,Working,2,0,520863,Medium
2197,2025-06-26 00:00:00,Afternoon,Clear,Wet,41,66,Other,Working,2,3,463863,Low
1468,2024-10-01 00:00:00,Afternoon,Clear,Wet,60,87,None,Working,5,9,766844,Medium
4883,2023-06-26 00:00:00,Night,Clear,Dry,42,77,None,Blinking,4,8,53528,Medium
1331,2024-02-23 00:00:00,Evening,Clear,Wet,51,24,Other,Not Working,3,0,514087,Low
1019,2024-07-13 00:00:00,Night,Clear,Dry,86,74,None,Working,3,2,100153,Low
408,2025-02-21 00:00:00,Morning,Clear,Dry,25,31,Phone,Working,1,6,708187,Low
2900,2023-11-29 00:00:00,Morning,Fog,Dry,24,51,Phone,Working,2,9,43419,Medium
1355,2023-05-03 00:00:00,Afternoon,Haze,Wet,82,71,Fatigue,Working,2,2,365552,Medium
4583,2025-01-10 00:00:00,Evening,Clear,Dry,27,104,None,Not Working,3,5,900644,Medium
3993,2024-03-16 00:00:00,Evening,Clear,Dry,53,35,Fatigue,Working,1,1,811339,Low
1333,2023-05-19 00:00:00,Morning,Clear,Water-logged,26,53,Fatigue,Not Working,1,5,296244,Medium
2918,2023-11-21 00:00:00,Night,Clear,Wet,80,36,None,Not Working,2,4,220880,Low
3819,2024-01-24 00:00:00,Night,Rain,Wet,44,38,Phone,Working,1,7,687735,Medium
4196,2024-05-08 00:00:00,Morning,Clear,Dry,64,29,Fatigue,Working,5,8,942496,Medium
3039,2023-06-27 00:00:00,Morning,Clear,Wet,111,113,None,Blinking,3,4,388911,Medium
2507,2023-09-13 00:00:00,Night,Clear,Wet,99,67,None,Not Working,1,0,732485,Medium
3456,2024-09-08 00:00:00,Morning,Clear,Wet,54,66,None,Not Working,5,4,668186,Low
187,2024-10-03 00:00:00,Night,Rain,Wet,12,52,None,Not Working,1,5,274222,Medium
1450,2023-06-14 00:00:00,Evening,Rain,Water-logged,118,40,None,Not Working,3,8,461982,High
3402,2024-07-28 00:00:00,Morning,Haze,Wet,87,92,Fatigue,Blinking,5,9,70592,High
37,2024-04-20 00:00:00,Afternoon,Rain,Water-logged,38,113,Phone,Not Working,3,5,572692,Medium
1098,2024-05-17 00:00:00,Morning,Fog,Wet,54,71,Phone,Working,2,8,691449,High
610,2023-07-16 00:00:00,Evening,Clear,Water-logged,74,35,None,Working,5,0,135868,Low
2166,2024-10-21 00:00:00,Night,Clear,Wet,95,65,Phone,Working,2,1,889006,Medium
3167,2024-11-19 00:00:00,Night,Clear,Dry,107,51,None,Working,4,2,907752,Low
4322,2025-06-17 00:00:00,Night,Fog,Dry,63,41,None,Not Working,1,3,10913,Medium
1713,2025-05-18 00:00:00,Evening,Rain,Wet,58,94,Other,Working,1,2,905070,Medium
727,2024-12-31 00:00:00,Morning,Clear,Dry,15,46,Other,Working,5,8,523740,Medium
49,2024-06-25 00:00:00,Evening,Clear,Wet,77,90,Phone,Working,4,2,741532,Medium
3665,2023-06-06 00:00:00,Evening,Rain,Dry,116,43,None,Working,2,9,220400,Medium
1708,2023-02-13 00:00:00,Morning,Clear,Damaged,26,27,None,Working,3,6,734618,Low
4978,2023-06-17 00:00:00,Morning,Fog,Dry,92,118,Phone,Working,5,1,200664,Medium
3471,2024-11-26 00:00:00,Morning,Clear,Dry,61,38,Fatigue,Working,1,9,113434,Medium
3480,2023-09-15 00:00:00,Afternoon,Haze,Water-logged,48,57,None,Working,5,2,71247,Medium
1863,2023-01-05 00:00:00,Morning,Haze,Wet,40,95,None,Blinking,3,4,986028,High
229,2025-12-14 00:00:00,Night,Clear,Dry,41,79,Phone,Not Working,3,4,669047,Medium
2744,2024-04-16 00:00:00,Morning,Clear,Dry,48,75,Phone,Working,2,1,350681,Medium
3834,2024-01-18 00:00:00,Afternoon,Clear,Damaged,85,28,None,Not Working,1,7,981462,Medium
3937,2023-06-09 00:00:00,Afternoon,Clear,Wet,61,22,None,Working,5,2,958549,Low
2520,2023-10-27 00:00:00,Evening,Clear,Wet,84,30,Phone,Working,5,1,231870,Low
1793,2024-11-17 00:00:00,Evening,Clear,Damaged,116,25,Phone,Not Working,4,1,810135,Low
4587,2024-02-07 00:00:00,Afternoon,Clear,Damaged,67,117,Phone,Working,2,7,514508,High
947,2024-04-01 00:00:00,Morning,Clear,Dry,18,51,Other,Working,5,5,616813,Medium
837,2023-09-30 00:00:00,Night,Fog,Dry,66,31,None,Not Working,4,4,25705,Medium
2864,2025-07-02 00:00:00,Evening,Rain,Dry,90,26,Other,Working,2,7,932101,Medium
681,2023-07-20 00:00:00,Night,Clear,Dry,62,48,Phone,Working,4,9,179328,Medium
1194,2023-11-04 00:00:00,Evening,Haze,Wet,41,101,None,Working,4,6,513575,Medium
820,2023-02-01 00:00:00,Afternoon,Clear,Dry,47,79,None,Working,1,6,33552,Medium
919,2025-04-18 00:00:00,Evening,Clear,Wet,80,34,None,Blinking,5,4,969482,Low
1814,2024-06-23 00:00:00,Morning,Rain,Dry,60,95,Fatigue,Working,2,9,914829,High
1264,2023-01-05 00:00:00,Afternoon,Haze,Dry,80,52,None,Working,3,9,16984,Medium
3082,2024-07-26 00:00:00,Night,Clear,Dry,37,60,Fatigue,Working,5,5,421974,Medium
638,2023-04-24 00:00:00,Morning,Fog,Wet,78,104,None,Working,1,9,642958,High
3282,2023-05-15 00:00:00,Morning,Haze,Dry,35,55,Other,Working,1,3,481040,Medium
3483,2025-08-21 00:00:00,Afternoon,Haze,Wet,40,45,Fatigue,Blinking,1,1,993750,Medium
3662,2024-12-17 00:00:00,Evening,Clear,Dry,51,41,None,Not Working,3,0,522720,Low
3407,2023-02-28 00:00:00,Night,Clear,Wet,13,35,None,Blinking,3,2,922241,Low
1302,2024-05-26 00:00:00,Night,Clear,Dry,94,90,None,Working,1,0,309916,Medium
3956,2023-09-30 00:00:00,Night,Clear,Wet,64,31,Phone,Working,5,2,939253,Low
1316,2023-05-21 00:00:00,Evening,Haze,Wet,28,60,Phone,Working,1,7,401676,Medium
4507,2025-06-05 00:00:00,Evening,Clear,Water-logged,14,74,None,Not Working,5,3,184353,Low
3557,2025-02-19 00:00:00,Afternoon,Clear,Dry,117,102,Other,Not Working,1,0,440693,Medium
2645,2023-07-17 00:00:00,Morning,Clear,Dry,52,31,None,Working,2,4,931964,Low
254,2024-07-11 00:00:00,Afternoon,Clear,Dry,100,80,Phone,Working,3,5,349947,Medium
2334,2024-12-15 00:00:00,Evening,Clear,Damaged,91,60,Other,Not Working,3,1,926809,Low
2385,2024-03-06 00:00:00,Afternoon,Rain,Dry,35,87,Fatigue,Working,4,6,181900,Medium
1514,2024-10-21 00:00:00,Morning,Rain,Dry,14,58,None,Working,1,9,720934,Medium
3932,2024-12-03 00:00:00,Morning,Clear,Water-logged,100,29,Phone,Working,4,0,237345,Low
3612,2024-06-13 00:00:00,Morning,Haze,Water-logged,51,109,Phone,Working,1,2,64132,Medium
1287,2023-02-18 00:00:00,Morning,Fog,Water-logged,104,86,None,Blinking,3,5,818997,High
2050,2025-06-04 00:00:00,Morning,Clear,Dry,22,96,Phone,Working,3,5,948617,Medium
1856,2023-12-31 00:00:00,Afternoon,Clear,Dry,70,110,Phone,Working,2,3,34927,Medium
3591,2024-05-16 00:00:00,Night,Fog,Dry,118,93,Phone,Working,2,8,99111,High
621,2023-03-24 00:00:00,Morning,Clear,Dry,106,20,Other,Not Working,2,8,819984,Medium
4866,2025-04-22 00:00:00,Evening,Clear,Dry,84,68,None,Working,4,5,643083,Medium
1106,2025-10-18 00:00:00,Morning,Clear,Dry,23,111,None,Working,3,3,874694,Medium
19,2025-09-26 00:00:00,Afternoon,Rain,Dry,78,111,Fatigue,Working,2,3,236688,Medium
1038,2024-02-19 00:00:00,Evening,Fog,Dry,28,25,Other,Working,1,0,470699,Low
3162,2024-11-05 00:00:00,Morning,Clear,Dry,63,93,None,Working,4,0,439469,Low
2578,2023-11-20 00:00:00,Evening,Rain,Dry,61,58,None,Working,1,5,473196,Medium
2625,2023-08-21 00:00:00,Afternoon,Clear,Dry,106,46,None,Working,3,1,826752,Low
4465,2023-03-01 00:00:00,Evening,Fog,Damaged,109,28,Phone,Not Working,3,2,411137,Medium
1176,2025-09-23 00:00:00,Evening,Clear,Dry,18,55,Fatigue,Not Working,1,5,793892,Low
2730,2024-08-05 00:00:00,Afternoon,Clear,Dry,50,47,None,Working,4,4,715678,Low
3284,2023-09-18 00:00:00,Night,Clear,Dry,83,78,Fatigue,Working,3,0,90407,Medium
1223,2023-09-02 00:00:00,Afternoon,Clear,Wet,43,30,Other,Blinking,1,4,908862,Low
766,2023-08-19 00:00:00,Evening,Rain,Wet,61,60,None,Working,3,6,135646,Medium
2396,2023-01-03 00:00:00,Afternoon,Clear,Dry,72,101,Phone,Working,5,6,256314,Medium
2897,2024-05-05 00:00:00,Evening,Rain,Dry,11,32,Other,Working,1,5,778293,Medium
3585,2025-12-06 00:00:00,Afternoon,Clear,Dry,117,42,Phone,Working,2,3,380936,Medium
3241,2024-12-06 00:00:00,Afternoon,Rain,Dry,65,96,None,Working,1,2,661123,Medium
4972,2025-05-28 00:00:00,Night,Haze,Dry,32,112,Phone,Not Working,2,3,220438,High
4182,2024-10-22 00:00:00,Evening,Clear,Dry,57,21,None,Working,2,7,458935,Low
1188,2023-03-30 00:00:00,Morning,Clear,Wet,92,55,None,Working,3,7,316470,Medium
2782,2023-01-23 00:00:00,Night,Clear,Water-logged,31,115,Phone,Not Working,4,5,963213,Medium
4780,2023-09-14 00:00:00,Morning,Rain,Water-logged,69,114,None,Not Working,4,0,558185,Medium
1554,2024-11-21 00:00:00,Night,Clear,Wet,112,96,Other,Working,5,6,278560,High
4854,2025-12-27 00:00:00,Afternoon,Rain,Dry,30,35,Fatigue,Not Working,4,3,917769,Medium
1360,2024-08-01 00:00:00,Evening,Rain,Dry,31,101,Fatigue,Working,1,6,505249,Medium
3982,2025-10-31 00:00:00,Night,Rain,Wet,32,77,Phone,Blinking,1,7,276557,Medium
1576,2023-11-23 00:00:00,Morning,Rain,Dry,93,73,Fatigue,Working,2,2,494138,Medium
3095,2024-09-23 00:00:00,Morning,Clear,Water-logged,80,88,None,Not Working,1,3,933915,Medium
980,2025-12-12 00:00:00,Evening,Rain,Dry,55,64,None,Not Working,1,6,306430,Medium
2240,2024-10-18 00:00:00,Morning,Clear,Damaged,45,107,None,Working,2,2,556352,Medium
2760,2023-05-04 00:00:00,Morning,Clear,Dry,116,30,None,Working,5,3,812284,Medium
3897,2023-03-23 00:00:00,Morning,Clear,Dry,98,63,Other,Working,3,6,848631,Medium
371,2025-03-03 00:00:00,Morning,Clear,Dry,19,106,None,Blinking,4,9,929967,Medium
3764,2024-11-30 00:00:00,Afternoon,Fog,Damaged,80,30,Phone,Not Working,3,1,779212,Medium
1982,2025-10-07 00:00:00,Night,Clear,Dry,19,59,Fatigue,Not Working,3,5,965541,Medium
2276,2024-10-15 00:00:00,Evening,Fog,Dry,66,104,Other,Working,2,7,812282,Medium
896,2023-06-06 00:00:00,Morning,Clear,Dry,56,39,None,Blinking,3,3,893366,Low
4840,2024-11-08 00:00:00,Afternoon,Fog,Dry,61,43,Phone,Working,1,5,489968,Medium
3125,2023-04-19 00:00:00,Evening,Clear,Dry,27,98,None,Working,2,8,361216,Medium
402,2025-05-16 00:00:00,Night,Haze,Dry,17,64,Phone,Working,1,7,695942,Medium
1442,2023-06-27 00:00:00,Morning,Clear,Dry,117,23,Phone,Working,4,8,985916,Medium
3850,2024-10-25 00:00:00,Morning,Clear,Dry,47,72,Phone,Working,1,6,496621,Medium
3637,2025-02-11 00:00:00,Night,Fog,Wet,49,22,Fatigue,Working,4,3,166761,Medium
1880,2023-10-13 00:00:00,Evening,Clear,Water-logged,116,20,None,Working,2,3,411373,Low
272,2025-01-31 00:00:00,Night,Clear,Dry,56,77,Phone,Blinking,5,4,369873,Medium
80,2024-04-27 00:00:00,Morning,Clear,Damaged,12,29,Phone,Working,2,7,262626,Medium
1736,2024-02-28 00:00:00,Night,Rain,Wet,105,42,Phone,Working,4,8,50832,High
535,2023-02-19 00:00:00,Evening,Clear,Dry,107,119,Phone,Working,2,3,628103,High
2308,2025-05-08 00:00:00,Evening,Clear,Damaged,18,110,Phone,Working,5,9,453438,High
2989,2023-10-28 00:00:00,Evening,Rain,Dry,31,88,Fatigue,Working,4,1,475133,Medium
2792,2025-03-22 00:00:00,Night,Clear,Dry,101,53,Phone,Working,3,0,268224,Low
1480,2025-03-30 00:00:00,Afternoon,Clear,Wet,58,112,None,Not Working,1,0,303692,Low
1445,2024-09-08 00:00:00,Night,Rain,Dry,97,105,None,Working,1,5,370967,Medium
1986,2023-12-03 00:00:00,Morning,Clear,Dry,97,30,None,Not Working,2,6,772496,Low
2621,2024-12-24 00:00:00,Evening,Fog,Wet,117,70,None,Working,2,0,11522,Medium
4377,2025-09-27 00:00:00,Afternoon,Rain,Wet,59,88,Phone,Not Working,5,2,655455,Medium
111,2025-11-11 00:00:00,Afternoon,Haze,Dry,16,119,Other,Working,5,5,873396,Medium
3386,2024-09-04 00:00:00,Night,Clear,Dry,94,60,None,Working,4,9,618770,Medium
2179,2023-03-10 00:00:00,Evening,Clear,Dry,51,26,Phone,Blinking,4,5,106122,Medium
1995,2025-05-12 00:00:00,Evening,Haze,Damaged,76,55,None,Working,2,7,300759,Medium
4645,2025-08-11 00:00:00,Evening,Clear,Wet,54,56,Phone,Working,4,0,396083,Low
3083,2025-10-18 00:00:00,Morning,Clear,Dry,43,30,Phone,Working,2,0,386887,Low
4667,2024-06-06 00:00:00,Morning,Clear,Dry,61,49,Phone,Working,4,6,230624,Medium
4451,2025-05-04 00:00:00,Afternoon,Clear,Water-logged,115,70,None,Not Working,2,5,385024,Medium
168,2023-01-13 00:00:00,Morning,Clear,Dry,70,118,Phone,Working,2,0,474398,Medium
2817,2025-08-07 00:00:00,Afternoon,Clear,Wet,54,118,Fatigue,Not Working,4,8,759856,High
4984,2023-10-18 00:00:00,Night,Haze,Dry,70,79,None,Working,5,8,472078,High
2249,2023-05-06 00:00:00,Evening,Clear,Dry,21,96,Fatigue,Working,5,3,748426,Medium
419,2023-05-20 00:00:00,Evening,Clear,Dry,48,50,None,Working,5,7,164284,Medium
1334,2023-04-12 00:00:00,Night,Clear,Wet,57,117,Phone,Not Working,2,5,478663,Medium
2740,2024-10-23 00:00:00,Morning,Clear,Wet,55,114,None,Blinking,3,5,484888,Medium
226,2023-01-29 00:00:00,Morning,Clear,Dry,112,89,None,Working,2,7,557807,Medium
1173,2024-02-04 00:00:00,Evening,Clear,Water-logged,71,45,None,Working,2,8,536735,Medium
3468,2025-08-13 00:00:00,Evening,Clear,Wet,19,66,Phone,Working,2,1,220945,Low
4431,2023-08-16 00:00:00,Evening,Fog,Damaged,80,58,Phone,Working,2,6,952357,Medium
4052,2023-08-05 00:00:00,Evening,Clear,Dry,15,63,Other,Working,2,8,258907,Medium
2175,2025-06-25 00:00:00,Morning,Clear,Wet,37,30,None,Working,3,3,525113,Low
2632,2024-09-25 00:00:00,Evening,Rain,Dry,47,23,None,Working,1,7,492760,Medium
1816,2025-01-06 00:00:00,Night,Clear,Dry,102,40,None,Not Working,5,3,459788,Medium
2707,2025-01-30 00:00:00,Morning,Rain,Dry,86,36,Fatigue,Not Working,3,3,691502,Medium
1412,2024-01-23 00:00:00,Morning,Clear,Dry,25,54,None,Working,1,4,150635,Low
2148,2025-11-30 00:00:00,Afternoon,Clear,Dry,93,107,None,Working,1,9,811624,High
1393,2025-11-30 00:00:00,Morning,Rain,Wet,104,96,None,Blinking,2,1,764371,Medium
4060,2024-05-28 00:00:00,Night,Clear,Damaged,55,112,Phone,Not Working,4,4,66506,Medium
4043,2025-07-28 00:00:00,Afternoon,Haze,Wet,19,87,None,Working,4,7,674111,Medium
2086,2025-02-07 00:00:00,Afternoon,Clear,Dry,94,108,None,Blinking,5,4,400811,Medium
1338,2025-08-20 00:00:00,Evening,Clear,Dry,16,100,Other,Working,2,2,204673,Medium
4121,2023-03-14 00:00:00,Afternoon,Fog,Wet,43,95,Fatigue,Not Working,2,1,163212,Medium
384,2024-08-06 00:00:00,Night,Clear,Water-logged,99,84,Phone,Working,5,2,417200,Medium
2231,2025-05-10 00:00:00,Evening,Clear,Wet,94,65,Fatigue,Working,3,6,273075,Medium
768,2023-01-17 00:00:00,Night,Clear,Dry,87,109,None,Working,1,9,280842,Medium
3644,2023-09-10 00:00:00,Afternoon,Clear,Dry,75,102,Phone,Blinking,1,2,175023,Medium
666,2024-06-11 00:00:00,Morning,Rain,Dry,18,117,Phone,Blinking,1,5,380049,Medium
2844,2023-01-19 00:00:00,Night,Clear,Dry,13,57,Fatigue,Working,2,8,362488,Medium
3394,2024-08-18 00:00:00,Afternoon,Rain,Water-logged,88,110,None,Not Working,2,3,22328,Medium
2943,2024-02-23 00:00:00,Afternoon,Haze,Dry,31,107,None,Working,1,9,360086,High
2934,2024-02-23 00:00:00,Evening,Clear,Dry,90,42,None,Not Working,3,4,477696,Medium
2623,2023-06-03 00:00:00,Afternoon,Clear,Water-logged,48,23,None,Not Working,5,2,627792,Low
1022,2024-11-22 00:00:00,Afternoon,Fog,Dry,45,70,Phone,Blinking,3,1,174477,Medium
1308,2025-02-23 00:00:00,Night,Clear,Dry,97,38,Other,Not Working,3,2,100645,Medium
508,2024-03-16 00:00:00,Night,Clear,Dry,13,49,Fatigue,Working,2,9,436526,Medium
4499,2024-06-19 00:00:00,Afternoon,Haze,Dry,95,81,Fatigue,Working,5,9,154944,High
464,2023-10-12 00:00:00,Evening,Clear,Water-logged,28,20,None,Working,2,9,284595,Low
2546,2023-07-31 00:00:00,Afternoon,Clear,Dry,87,119,None,Working,4,2,958533,Medium
4727,2025-11-26 00:00:00,Night,Fog,Dry,37,97,None,Working,3,2,684483,Medium
4374,2023-05-17 00:00:00,Afternoon,Fog,Dry,108,84,None,Not Working,4,0,575710,Medium
4259,2025-08-03 00:00:00,Afternoon,Rain,Dry,106,94,Phone,Working,2,4,173653,High
3573,2023-02-03 00:00:00,Night,Clear,Water-logged,115,64,Phone,Working,3,8,59102,Medium
160,2024-08-02 00:00:00,Evening,Clear,Wet,113,44,None,Working,4,1,906845,Medium
580,2023-05-14 00:00:00,Afternoon,Clear,Wet,15,45,None,Blinking,4,7,280778,Low
2876,2024-08-04 00:00:00,Afternoon,Clear,Dry,80,94,Phone,Working,2,1,8219,Medium
2963,2024-10-25 00:00:00,Afternoon,Clear,Wet,103,49,Phone,Not Working,2,8,699903,Medium
657,2025-12-04 00:00:00,Afternoon,Rain,Dry,76,114,None,Not Working,4,4,845237,Medium
1727,2023-05-05 00:00:00,Evening,Clear,Dry,25,42,Phone,Blinking,4,7,872951,Medium
1375,2024-10-02 00:00:00,Morning,Clear,Water-logged,80,105,None,Working,5,5,21625,Medium
4076,2023-04-02 00:00:00,Evening,Rain,Wet,55,35,Fatigue,Working,2,2,570139,Medium
2686,2023-08-20 00:00:00,Morning,Rain,Water-logged,59,40,None,Working,2,3,129779,Medium
4642,2025-12-12 00:00:00,Afternoon,Clear,Wet,29,104,Other,Not Working,5,8,603873,Medium
4386,2025-08-22 00:00:00,Evening,Fog,Wet,56,64,Fatigue,Working,2,0,284424,Low
4313,2023-03-29 00:00:00,Morning,Rain,Wet,95,57,Other,Not Working,4,2,856811,Medium
2780,2024-04-09 00:00:00,Morning,Clear,Dry,79,45,None,Blinking,2,3,677786,Medium
1672,2025-12-20 00:00:00,Night,Fog,Dry,101,111,Fatigue,Working,5,9,519358,High
4963,2025-05-01 00:00:00,Afternoon,Clear,Water-logged,119,92,Fatigue,Working,1,2,272144,Medium
3939,2024-03-20 00:00:00,Morning,Clear,Dry,51,105,None,Working,5,6,508280,Medium
2356,2024-06-22 00:00:00,Morning,Rain,Dry,115,46,None,Working,4,6,780388,Medium
1381,2023-08-22 00:00:00,Morning,Rain,Dry,17,100,Phone,Not Working,3,6,757509,Medium
4000,2024-10-03 00:00:00,Morning,Haze,Wet,31,21,None,Working,2,5,284190,Medium
4437,2025-04-22 00:00:00,Afternoon,Rain,Wet,86,91,Phone,Working,2,1,689167,Medium
2564,2024-06-01 00:00:00,Morning,Rain,Water-logged,15,68,None,Working,2,8,186094,Medium
3947,2025-01-29 00:00:00,Evening,Rain,Dry,118,59,None,Blinking,2,0,704337,Medium
4189,2024-02-26 00:00:00,Evening,Haze,Dry,100,54,None,Blinking,1,1,997614,Medium
4476,2025-06-20 00:00:00,Afternoon,Fog,Dry,87,75,None,Not Working,4,3,499606,Medium
2700,2025-12-17 00:00:00,Evening,Clear,Dry,17,104,Phone,Working,3,7,627999,Medium
1447,2024-12-09 00:00:00,Evening,Haze,Water-logged,78,56,Phone,Working,1,3,396719,Medium
4017,2024-04-17 00:00:00,Night,Clear,Water-logged,98,109,Fatigue,Working,1,5,400220,Medium
928,2023-01-13 00:00:00,Evening,Rain,Dry,95,102,Other,Working,1,6,475962,High
3467,2024-02-01 00:00:00,Afternoon,Clear,Dry,65,54,None,Working,4,0,656662,Medium
4396,2024-06-05 00:00:00,Night,Clear,Dry,59,102,Other,Working,1,8,818219,High
2180,2024-05-14 00:00:00,Evening,Clear,Dry,90,68,None,Working,4,2,67502,Low
53,2025-07-22 00:00:00,Night,Clear,Water-logged,78,40,None,Working,3,6,204460,Medium
2422,2025-06-17 00:00:00,Morning,Rain,Dry,15,52,None,Working,4,8,664705,Medium
2125,2024-11-20 00:00:00,Night,Clear,Dry,14,95,None,Working,3,6,127262,Medium
3568,2025-12-15 00:00:00,Evening,Fog,Dry,107,81,None,Working,5,9,764472,High
1747,2025-03-05 00:00:00,Morning,Rain,Dry,64,64,Phone,Not Working,1,4,969908,Medium
2758,2024-05-23 00:00:00,Night,Fog,Water-logged,90,117,Fatigue,Working,2,4,856695,High
3758,2025-05-26 00:00:00,Afternoon,Clear,Wet,111,40,None,Blinking,2,9,98846,Medium
1407,2025-08-29 00:00:00,Night,Clear,Dry,40,67,Fatigue,Blinking,4,1,606623,Low
778,2024-11-22 00:00:00,Evening,Clear,Wet,102,72,None,Working,3,3,879179,Medium
4703,2023-10-03 00:00:00,Evening,Rain,Dry,56,96,Fatigue,Working,5,2,785911,Medium
2379,2025-02-06 00:00:00,Afternoon,Rain,Dry,81,65,None,Working,5,1,823324,Medium
2861,2024-12-27 00:00:00,Night,Clear,Dry,25,96,None,Blinking,4,7,729415,Medium
1340,2025-05-23 00:00:00,Morning,Clear,Dry,20,111,None,Blinking,4,3,182118,Medium
2973,2024-03-21 00:00:00,Evening,Clear,Wet,20,27,None,Blinking,1,8,902765,Low
3922,2023-12-02 00:00:00,Afternoon,Clear,Dry,84,71,None,Working,4,7,839500,Medium
4365,2024-02-09 00:00:00,Morning,Clear,Dry,38,23,Phone,Working,3,2,47468,Low
891,2025-08-20 00:00:00,Evening,Rain,Water-logged,47,94,Phone,Not Working,1,8,445305,High
4596,2023-10-03 00:00:00,Evening,Clear,Wet,87,82,Fatigue,Not Working,1,3,978958,Medium
4605,2025-06-10 00:00:00,Evening,Rain,Wet,103,84,None,Working,5,0,48189,Medium
3106,2025-04-13 00:00:00,Afternoon,Rain,Wet,90,34,Phone,Not Working,4,4,43746,Medium
3438,2025-11-21 00:00:00,Evening,Clear,Wet,20,96,None,Working,1,0,699741,Low
433,2025-11-16 00:00:00,Evening,Rain,Wet,102,58,Fatigue,Working,1,3,936466,Medium
3185,2025-04-24 00:00:00,Evening,Clear,Dry,111,83,None,Working,4,4,39179,Medium
611,2024-03-07 00:00:00,Morning,Clear,Dry,51,118,None,Working,3,2,966604,Medium
1633,2024-10-22 00:00:00,Evening,Rain,Wet,91,93,Fatigue,Working,1,8,342094,High
220,2023-03-24 00:00:00,Night,Clear,Dry,104,38,Other,Working,3,1,177744,Medium
2353,2024-05-22 00:00:00,Evening,Clear,Dry,93,76,Fatigue,Working,4,0,799713,Medium
1699,2023-11-17 00:00:00,Night,Fog,Water-logged,32,22,Phone,Working,3,4,78904,Medium
1145,2025-01-16 00:00:00,Afternoon,Rain,Dry,13,81,None,Working,5,2,975494,Medium
4306,2025-11-17 00:00:00,Morning,Clear,Wet,62,68,Fatigue,Not Working,3,0,104386,Low
4039,2023-06-01 00:00:00,Evening,Rain,Dry,106,42,None,Working,3,8,302698,Medium
3287,2025-03-15 00:00:00,Afternoon,Clear,Water-logged,85,100,None,Not Working,1,2,380195,Medium
4625,2023-07-08 00:00:00,Night,Clear,Dry,44,92,Phone,Working,1,2,535503,Medium
2649,2025-01-30 00:00:00,Afternoon,Clear,Wet,21,70,None,Working,3,7,725918,Medium
2553,2024-01-20 00:00:00,Night,Rain,Dry,24,105,Phone,Working,4,7,558146,Medium
1037,2023-09-24 00:00:00,Afternoon,Rain,Wet,11,90,Fatigue,Working,4,8,760625,Medium
2270,2023-04-29 00:00:00,Evening,Clear,Dry,67,100,None,Blinking,2,3,20332,Medium
2254,2024-08-03 00:00:00,Night,Haze,Dry,115,64,Phone,Working,3,4,758953,Medium
1974,2023-10-01 00:00:00,Evening,Clear,Wet,33,62,Phone,Working,3,0,86454,Low
3184,2025-09-06 00:00:00,Morning,Haze,Dry,116,87,Fatigue,Working,1,8,578967,High
1357,2025-04-15 00:00:00,Night,Clear,Dry,109,98,None,Not Working,3,3,804602,Medium
2307,2025-01-29 00:00:00,Morning,Fog,Dry,31,85,Other,Working,2,5,639367,Medium
770,2023-01-14 00:00:00,Night,Haze,Dry,117,20,Phone,Working,1,7,936185,Medium
1317,2024-07-08 00:00:00,Evening,Rain,Wet,119,81,None,Working,4,8,883936,High
4749,2023-08-06 00:00:00,Afternoon,Clear,Dry,24,106,None,Working,3,7,507415,Medium
1203,2023-12-24 00:00:00,Morning,Haze,Wet,44,112,Phone,Not Working,3,9,997015,High
1449,2025-12-10 00:00:00,Night,Clear,Dry,79,31,Phone,Working,3,9,530201,Medium
1397,2024-12-14 00:00:00,Afternoon,Clear,Wet,29,91,Fatigue,Working,3,5,235925,Medium
4535,2025-12-04 00:00:00,Evening,Clear,Wet,22,55,None,Working,2,3,853770,Low
1277,2025-03-24 00:00:00,Morning,Clear,Dry,64,45,Other,Working,5,6,442666,Low
3314,2024-04-30 00:00:00,Morning,Rain,Wet,54,110,Other,Working,5,2,774053,Medium
2006,2024-06-19 00:00:00,Evening,Clear,Water-logged,20,26,Fatigue,Working,5,5,805545,Low
2944,2024-07-15 00:00:00,Evening,Clear,Wet,33,58,None,Working,5,0,314462,Low
252,2024-03-05 00:00:00,Afternoon,Haze,Dry,98,63,None,Working,1,6,826350,Medium
1735,2025-12-23 00:00:00,Morning,Clear,Dry,51,56,Fatigue,Blinking,5,0,879955,Low
3524,2023-02-14 00:00:00,Morning,Clear,Water-logged,49,48,None,Not Working,3,2,258226,Low
1388,2025-07-28 00:00:00,Morning,Rain,Wet,102,67,None,Working,2,1,225442,Medium
2813,2024-11-06 00:00:00,Evening,Clear,Dry,61,36,Phone,Working,3,5,830969,Medium
1612,2025-09-27 00:00:00,Evening,Rain,Dry,38,84,None,Working,1,6,804551,Medium
246,2023-03-09 00:00:00,Night,Rain,Damaged,11,95,Other,Working,2,8,896569,Medium
709,2024-11-06 00:00:00,Afternoon,Rain,Wet,20,73,Phone,Working,4,5,181344,Medium
2754,2025-03-01 00:00:00,Afternoon,Clear,Dry,82,68,None,Working,3,5,511554,Medium
3111,2024-03-29 00:00:00,Evening,Clear,Dry,61,30,None,Working,1,5,10444,Low
145,2023-02-04 00:00:00,Afternoon,Clear,Wet,46,88,None,Working,1,5,146383,Medium
259,2023-07-08 00:00:00,Evening,Clear,Water-logged,21,67,None,Not Working,2,3,840590,Low
3743,2023-02-11 00:00:00,Evening,Clear,Wet,87,54,None,Working,2,2,995608,Low
4877,2024-06-07 00:00:00,Evening,Clear,Dry,90,90,Other,Working,3,7,673694,Medium
3371,2025-08-01 00:00:00,Morning,Clear,Water-logged,80,41,Fatigue,Not Working,2,5,456553,Medium
1278,2024-05-28 00:00:00,Night,Clear,Wet,100,54,None,Blinking,5,3,615433,Medium
3639,2023-11-04 00:00:00,Afternoon,Rain,Wet,82,118,Phone,Blinking,4,8,181337,High
3875,2024-02-26 00:00:00,Morning,Haze,Dry,95,55,None,Working,1,3,104114,Medium
1490,2024-11-21 00:00:00,Afternoon,Rain,Dry,77,26,Other,Working,1,8,50694,Medium
2150,2025-11-19 00:00:00,Night,Rain,Dry,82,90,None,Working,2,1,569930,Medium
3204,2025-04-01 00:00:00,Night,Clear,Wet,55,101,Phone,Working,4,3,272303,Medium
4087,2025-08-16 00:00:00,Morning,Clear,Wet,110,99,None,Not Working,4,6,992976,Medium
3868,2024-10-29 00:00:00,Evening,Rain,Dry,22,39,Fatigue,Working,1,3,75660,Medium
3796,2023-10-18 00:00:00,Evening,Clear,Water-logged,59,114,None,Not Working,4,2,334391,Medium
654,2024-10-19 00:00:00,Evening,Clear,Dry,19,110,Other,Working,1,0,123459,Low
1032,2025-01-27 00:00:00,Evening,Clear,Dry,11,75,Phone,Working,4,6,62679,Medium
3614,2024-03-21 00:00:00,Evening,Clear,Dry,83,60,None,Working,5,0,674744,Low
365,2024-06-14 00:00:00,Night,Clear,Dry,20,113,None,Working,2,7,32749,Medium
2233,2023-08-20 00:00:00,Night,Clear,Dry,111,110,Phone,Working,2,5,119329,Medium
1150,2025-05-14 00:00:00,Night,Haze,Water-logged,65,105,Fatigue,Working,3,9,697137,High
3532,2025-10-18 00:00:00,Evening,Clear,Dry,56,76,Fatigue,Working,3,8,11420,Medium
966,2023-08-03 00:00:00,Afternoon,Fog,Dry,52,48,None,Working,2,4,408518,Medium
2318,2023-02-09 00:00:00,Afternoon,Rain,Dry,31,55,Fatigue,Working,1,5,697321,Medium
3924,2025-12-08 00:00:00,Afternoon,Fog,Dry,32,88,Phone,Working,3,2,158939,Medium
3462,2023-03-30 00:00:00,Morning,Haze,Dry,30,103,Other,Working,3,7,556253,High
1112,2023-11-17 00:00:00,Morning,Clear,Dry,92,35,Phone,Working,3,3,967009,Medium
915,2023-08-31 00:00:00,Evening,Clear,Water-logged,28,99,None,Not Working,5,5,427108,Medium
3384,2023-12-25 00:00:00,Afternoon,Fog,Dry,114,59,Phone,Not Working,2,4,503108,High
2103,2023-11-23 00:00:00,Morning,Haze,Damaged,44,85,Phone,Blinking,2,7,957738,Medium
2403,2025-04-10 00:00:00,Afternoon,Rain,Dry,68,67,None,Not Working,4,3,763301,Medium
2511,2024-01-27 00:00:00,Morning,Fog,Dry,86,117,None,Not Working,1,0,411021,Medium
1073,2023-05-25 00:00:00,Morning,Clear,Dry,53,23,None,Not Working,3,2,912506,Low
567,2025-07-18 00:00:00,Afternoon,Rain,Water-logged,101,49,Phone,Not Working,3,9,290719,Medium
395,2025-11-23 00:00:00,Afternoon,Rain,Dry,44,65,None,Not Working,4,1,949749,Low
3396,2025-05-14 00:00:00,Night,Rain,Dry,26,100,Phone,Working,3,1,800202,Medium
1060,2023-10-29 00:00:00,Evening,Fog,Wet,54,114,None,Not Working,5,8,540882,High
2333,2024-04-19 00:00:00,Evening,Haze,Water-logged,71,31,Phone,Working,3,4,992920,Medium
3363,2023-01-12 00:00:00,Evening,Clear,Dry,82,38,Phone,Working,3,8,420790,Medium
2383,2024-05-02 00:00:00,Night,Haze,Dry,71,78,Phone,Working,3,3,728240,Medium
1890,2024-02-25 00:00:00,Night,Clear,Dry,42,91,Fatigue,Not Working,1,6,221600,Medium
590,2024-10-05 00:00:00,Morning,Rain,Dry,117,108,Phone,Working,1,9,305154,High
3038,2023-05-23 00:00:00,Night,Fog,Dry,54,72,None,Not Working,5,8,120196,Medium
4100,2023-07-07 00:00:00,Morning,Clear,Water-logged,36,98,None,Working,1,8,918823,Medium
3943,2023-10-13 00:00:00,Morning,Fog,Dry,57,87,Phone,Blinking,5,3,727384,Medium
1901,2023-01-02 00:00:00,Evening,Clear,Dry,91,79,Other,Blinking,3,4,709506,Medium
2910,2025-06-28 00:00:00,Afternoon,Clear,Water-logged,41,52,None,Working,2,8,288898,Medium
675,2023-10-09 00:00:00,Afternoon,Haze,Dry,110,116,Other,Working,1,8,53284,High
3864,2024-12-22 00:00:00,Afternoon,Rain,Water-logged,110,110,None,Working,1,7,196239,High
4131,2025-02-01 00:00:00,Afternoon,Clear,Dry,101,99,Phone,Working,1,2,457819,Medium
1892,2025-03-10 00:00:00,Afternoon,Haze,Dry,89,102,Fatigue,Working,5,7,828526,High
2291,2023-04-02 00:00:00,Evening,Rain,Dry,45,42,None,Blinking,5,9,682670,Medium
4278,2023-09-29 00:00:00,Afternoon,Clear,Dry,57,103,Phone,Working,5,7,285107,Medium
1917,2025-11-13 00:00:00,Night,Clear,Water-logged,71,101,None,Working,3,4,597788,Medium
2414,2025-05-27 00:00:00,Morning,Fog,Damaged,83,34,None,Working,4,0,561054,Low
3906,2025-11-11 00:00:00,Afternoon,Rain,Dry,105,31,Phone,Blinking,4,8,761962,High
3801,2025-09-11 00:00:00,Afternoon,Rain,Water-logged,80,25,None,Working,1,1,126233,Medium
2896,2024-11-27 00:00:00,Night,Fog,Dry,11,80,None,Working,3,6,71815,Medium
3636,2023-11-15 00:00:00,Afternoon,Fog,Wet,96,95,None,Working,2,0,951991,Medium
2512,2023-03-19 00:00:00,Night,Haze,Damaged,24,107,None,Working,2,3,989384,Medium
4051,2024-04-27 00:00:00,Night,Fog,Wet,104,99,None,Working,2,5,728321,High
4200,2025-04-14 00:00:00,Evening,Rain,Dry,101,30,Phone,Working,5,8,296408,Medium
3538,2023-05-26 00:00:00,Afternoon,Fog,Wet,81,74,None,Working,1,1,459506,Medium
3766,2025-11-08 00:00:00,Afternoon,Fog,Dry,19,103,None,Working,3,7,899992,Medium
7,2025-08-09 00:00:00,Morning,Rain,Dry,109,73,None,Not Working,1,7,675990,High
3487,2025-04-28 00:00:00,Afternoon,Clear,Dry,50,49,Fatigue,Not Working,3,3,330970,Low
1016,2024-11-17 00:00:00,Night,Rain,Water-logged,110,54,Other,Working,1,8,41417,High
3223,2024-09-05 00:00:00,Morning,Clear,Wet,23,23,None,Working,2,1,474417,Low
1005,2024-12-31 00:00:00,Night,Clear,Dry,17,104,Other,Blinking,1,9,295009,Medium
4081,2025-04-03 00:00:00,Evening,Clear,Dry,61,63,Phone,Working,5,3,889827,Medium
615,2023-10-28 00:00:00,Night,Clear,Dry,53,62,None,Blinking,5,9,290013,Medium
911,2023-12-29 00:00:00,Evening,Clear,Dry,62,101,None,Blinking,2,7,699226,Medium
3012,2023-06-20 00:00:00,Afternoon,Clear,Wet,64,43,Other,Working,4,6,547672,Medium
1622,2024-05-12 00:00:00,Morning,Clear,Dry,54,27,None,Working,4,0,951301,Low
1025,2023-01-24 00:00:00,Night,Clear,Dry,107,91,None,Working,2,4,327884,Medium
2000,2025-09-10 00:00:00,Afternoon,Rain,Dry,47,101,Fatigue,Working,5,3,628987,Medium
2028,2024-11-29 00:00:00,Night,Haze,Dry,119,110,Other,Working,1,0,747243,Medium
4776,2025-10-11 00:00:00,Night,Clear,Wet,57,103,Phone,Working,3,8,256176,High
2636,2025-10-11 00:00:00,Evening,Clear,Dry,17,89,None,Working,5,9,904737,Medium
2211,2024-06-24 00:00:00,Evening,Clear,Wet,15,27,Phone,Working,4,1,604592,Low
3143,2025-06-26 00:00:00,Evening,Rain,Dry,79,44,Phone,Working,3,6,318899,High
2354,2024-07-23 00:00:00,Night,Clear,Dry,51,85,Fatigue,Working,1,9,76734,Medium
2342,2023-12-07 00:00:00,Morning,Clear,Dry,58,90,Fatigue,Working,3,4,985018,Medium
3578,2024-05-27 00:00:00,Afternoon,Clear,Dry,71,32,None,Working,5,6,753119,Medium
4494,2025-07-30 00:00:00,Evening,Clear,Dry,61,34,None,Working,3,9,308663,Medium
1274,2024-09-26 00:00:00,Morning,Clear,Dry,43,105,None,Not Working,3,3,269720,Medium
4701,2025-11-10 00:00:00,Morning,Rain,Damaged,12,51,None,Working,5,8,654584,Medium
4045,2024-10-09 00:00:00,Afternoon,Clear,Dry,32,47,Phone,Working,1,4,687925,Low
3099,2023-11-15 00:00:00,Morning,Clear,Dry,119,27,Phone,Working,3,8,413378,High
3228,2025-03-10 00:00:00,Afternoon,Clear,Wet,19,26,Phone,Not Working,1,9,905273,Medium
3421,2025-01-23 00:00:00,Evening,Rain,Water-logged,41,79,None,Working,3,1,867789,Medium
2779,2023-06-16 00:00:00,Afternoon,Fog,Wet,72,106,Fatigue,Working,4,3,465982,High
1728,2024-10-22 00:00:00,Night,Clear,Wet,12,68,None,Not Working,2,9,567927,Medium
10,2023-02-08 00:00:00,Evening,Clear,Wet,96,47,None,Working,1,7,195173,Medium
2080,2025-04-06 00:00:00,Evening,Rain,Wet,100,75,Fatigue,Not Working,1,0,901924,Medium
34,2023-07-23 00:00:00,Night,Rain,Water-logged,50,93,Fatigue,Working,1,0,787513,Medium
528,2024-08-12 00:00:00,Afternoon,Clear,Dry,74,76,None,Blinking,4,4,160531,Medium
3121,2023-05-12 00:00:00,Afternoon,Clear,Wet,19,94,Phone,Not Working,4,6,984202,Medium
4504,2023-05-02 00:00:00,Morning,Haze,Dry,22,63,None,Blinking,4,7,21597,Medium
4227,2025-03-13 00:00:00,Afternoon,Clear,Dry,116,97,Other,Working,2,5,378624,Medium
4372,2023-12-14 00:00:00,Afternoon,Clear,Wet,116,115,None,Working,1,3,550593,Medium
1050,2024-12-26 00:00:00,Morning,Haze,Dry,28,65,Phone,Working,3,5,594011,Medium
4793,2023-11-07 00:00:00,Morning,Clear,Wet,82,102,None,Not Working,5,9,920024,High
3577,2024-11-23 00:00:00,Morning,Rain,Dry,53,21,None,Working,3,1,942492,Low
3320,2024-01-19 00:00:00,Evening,Clear,Dry,70,27,None,Working,5,2,800521,Low
3298,2024-06-30 00:00:00,Morning,Rain,Wet,58,44,Fatigue,Working,4,2,34315,Medium
87,2025-12-22 00:00:00,Evening,Rain,Wet,10,20,Phone,Not Working,3,9,569956,Medium
494,2025-04-23 00:00:00,Morning,Clear,Dry,55,108,Other,Blinking,1,1,172396,Medium
304,2024-08-28 00:00:00,Evening,Fog,Damaged,72,114,Other,Working,1,6,553572,High
4974,2023-10-12 00:00:00,Evening,Clear,Dry,99,43,None,Blinking,3,5,342472,Medium
825,2025-12-27 00:00:00,Evening,Clear,Wet,107,20,Fatigue,Working,1,5,968957,Medium
4199,2024-05-29 00:00:00,Afternoon,Rain,Wet,55,116,None,Working,3,2,307166,Medium
803,2024-09-29 00:00:00,Evening,Clear,Dry,74,22,Fatigue,Not Working,2,9,913522,Medium
437,2023-04-16 00:00:00,Morning,Clear,Dry,107,87,None,Working,1,7,327809,Medium
1779,2023-07-12 00:00:00,Afternoon,Haze,Water-logged,111,70,Fatigue,Working,3,7,235317,High
3707,2023-12-09 00:00:00,Evening,Rain,Dry,70,73,None,Not Working,5,2,993907,Medium
1516,2024-03-27 00:00:00,Morning,Clear,Wet,105,61,None,Working,1,8,265387,Medium
1539,2023-05-18 00:00:00,Morning,Clear,Dry,26,43,None,Working,3,4,982426,Low
4545,2025-06-20 00:00:00,Afternoon,Clear,Dry,76,49,Fatigue,Working,4,9,874149,Medium
1552,2025-07-22 00:00:00,Evening,Clear,Wet,38,70,None,Blinking,2,7,565482,Medium
4215,2024-05-29 00:00:00,Evening,Clear,Dry,117,23,None,Blinking,4,0,13723,Low
1046,2023-10-11 00:00:00,Evening,Rain,Wet,11,76,Other,Working,4,9,113805,High
3602,2024-01-14 00:00:00,Evening,Rain,Dry,85,67,Phone,Blinking,1,9,720793,High
1610,2025-07-03 00:00:00,Evening,Clear,Dry,54,64,None,Not Working,1,4,84331,Medium
4307,2025-02-26 00:00:00,Afternoon,Clear,Dry,63,28,None,Blinking,2,1,657270,Low
1359,2023-10-10 00:00:00,Afternoon,Haze,Wet,80,63,None,Working,1,2,415691,Medium
2064,2024-09-17 00:00:00,Afternoon,Rain,Wet,117,58,Fatigue,Working,1,4,480324,Medium
247,2025-02-13 00:00:00,Afternoon,Rain,Dry,107,38,None,Working,3,2,932598,Medium
3651,2023-10-08 00:00:00,Evening,Clear,Dry,48,63,None,Working,1,2,257139,Low
1013,2023-07-25 00:00:00,Night,Haze,Damaged,50,84,Fatigue,Not Working,3,9,432210,High
302,2025-10-13 00:00:00,Evening,Clear,Wet,65,100,Other,Working,4,3,296073,Medium
4068,2024-09-25 00:00:00,Night,Clear,Dry,78,31,Phone,Working,2,0,809277,Low
990,2025-05-20 00:00:00,Night,Fog,Wet,100,105,Phone,Working,2,2,536512,High
2767,2023-05-17 00:00:00,Evening,Clear,Wet,37,73,None,Working,3,4,916470,Medium
4912,2024-07-08 00:00:00,Evening,Haze,Dry,60,73,Phone,Working,2,7,302893,Medium
4315,2025-09-29 00:00:00,Night,Rain,Wet,59,44,Other,Working,4,5,985856,Medium
2539,2025-01-20 00:00:00,Evening,Clear,Dry,69,113,Phone,Working,2,5,305061,Medium
713,2024-12-09 00:00:00,Afternoon,Clear,Water-logged,16,107,Other,Not Working,4,3,828457,Medium
2223,2023-04-20 00:00:00,Morning,Clear,Dry,20,62,None,Working,1,0,813219,Low
537,2024-02-02 00:00:00,Night,Clear,Dry,57,47,None,Not Working,1,6,877476,Medium
439,2025-05-29 00:00:00,Evening,Clear,Dry,24,58,Fatigue,Working,5,8,759032,Medium
4353,2023-06-15 00:00:00,Afternoon,Fog,Dry,87,84,Fatigue,Not Working,4,4,200161,Medium
1932,2025-02-11 00:00:00,Evening,Clear,Dry,41,82,None,Working,3,7,455680,Medium
2750,2025-12-01 00:00:00,Evening,Rain,Dry,68,53,Fatigue,Working,2,6,540304,Medium
1498,2025-05-06 00:00:00,Afternoon,Clear,Dry,103,106,Phone,Blinking,3,5,201593,Medium
2974,2023-05-31 00:00:00,Evening,Haze,Dry,117,83,Fatigue,Working,1,6,842058,Medium
4242,2025-06-04 00:00:00,Afternoon,Rain,Water-logged,50,49,None,Working,5,6,7526,Medium
3683,2024-11-20 00:00:00,Evening,Clear,Wet,61,39,None,Working,3,1,586096,Low
4919,2023-02-17 00:00:00,Evening,Clear,Wet,57,85,None,Not Working,4,4,187605,Medium
2640,2025-11-18 00:00:00,Evening,Clear,Wet,22,46,None,Working,5,7,987266,Low
323,2025-01-16 00:00:00,Evening,Clear,Damaged,90,114,None,Working,5,3,327068,Medium
99,2025-07-26 00:00:00,Morning,Clear,Dry,17,88,None,Working,1,5,124529,Medium
515,2025-04-18 00:00:00,Morning,Clear,Wet,38,104,None,Working,4,8,861159,Medium
3445,2023-10-29 00:00:00,Night,Clear,Dry,43,89,Fatigue,Working,3,7,860027,Medium
2917,2024-05-12 00:00:00,Evening,Rain,Dry,113,24,Phone,Not Working,5,3,885583,Medium
1785,2025-01-18 00:00:00,Evening,Rain,Wet,113,87,None,Not Working,5,7,243069,High
3559,2024-10-28 00:00:00,Morning,Rain,Dry,17,30,None,Working,5,4,54157,Medium
62,2025-05-09 00:00:00,Afternoon,Haze,Dry,112,115,Fatigue,Working,1,5,620414,High
4913,2025-12-17 00:00:00,Evening,Clear,Wet,45,41,None,Not Working,3,3,458341,Low
2372,2023-04-19 00:00:00,Night,Rain,Dry,89,86,None,Working,4,8,29459,High
425,2024-10-26 00:00:00,Morning,Clear,Wet,61,45,None,Working,1,0,562203,Low
1593,2023-08-14 00:00:00,Morning,Clear,Dry,37,81,Other,Working,2,3,669101,Medium
2313,2025-01-04 00:00:00,Afternoon,Clear,Dry,109,110,Phone,Working,5,4,320188,High
2295,2023-12-04 00:00:00,Morning,Clear,Dry,77,97,Phone,Working,4,9,967091,High
2811,2023-10-31 00:00:00,Morning,Clear,Dry,35,58,Phone,Working,4,8,452163,Medium
4728,2024-05-05 00:00:00,Night,Clear,Dry,69,69,None,Not Working,3,1,638151,Low
2147,2025-06-04 00:00:00,Afternoon,Rain,Dry,112,44,None,Working,1,3,293964,Medium
3871,2023-11-09 00:00:00,Afternoon,Haze,Wet,24,97,Phone,Working,3,8,219554,Medium
2027,2024-07-22 00:00:00,Evening,Clear,Wet,98,41,None,Blinking,2,4,330678,Medium
1499,2025-05-05 00:00:00,Afternoon,Clear,Dry,92,32,Other,Working,3,7,132635,Medium
924,2023-06-14 00:00:00,Evening,Rain,Dry,46,113,None,Not Working,5,6,550245,High
3575,2025-03-18 00:00:00,Night,Fog,Dry,112,104,Other,Working,1,4,668252,High
1693,2025-09-01 00:00:00,Afternoon,Rain,Wet,29,64,None,Not Working,2,9,451165,Medium
1377,2025-09-11 00:00:00,Afternoon,Rain,Wet,35,80,None,Working,5,7,653530,Medium
4057,2023-06-24 00:00:00,Night,Fog,Dry,60,92,None,Working,5,9,266112,Medium
84,2024-02-02 00:00:00,Morning,Clear,Dry,98,38,None,Working,1,8,966935,Medium
1086,2025-08-12 00:00:00,Afternoon,Clear,Dry,59,44,None,Blinking,3,7,688978,Medium
300,2024-06-10 00:00:00,Morning,Clear,Wet,45,46,Fatigue,Working,4,5,686221,Low
1912,2025-11-09 00:00:00,Night,Haze,Wet,92,96,None,Blinking,4,3,324137,Medium
2898,2023-04-24 00:00:00,Afternoon,Clear,Water-logged,19,66,Other,Working,5,8,108253,Medium
1335,2023-04-03 00:00:00,Night,Clear,Dry,93,55,None,Working,4,3,241115,Medium
3393,2025-03-06 00:00:00,Night,Haze,Dry,21,95,Phone,Working,2,1,244166,Medium
847,2024-08-19 00:00:00,Morning,Clear,Dry,72,40,Other,Working,2,1,776894,Low
4775,2023-03-28 00:00:00,Afternoon,Rain,Wet,113,40,Phone,Blinking,3,4,945569,Medium
3474,2023-03-24 00:00:00,Evening,Clear,Dry,52,32,Phone,Blinking,4,7,172922,Medium
4873,2023-09-07 00:00:00,Morning,Clear,Dry,15,48,Fatigue,Working,4,1,963014,Low
4209,2024-02-22 00:00:00,Morning,Rain,Water-logged,55,112,None,Working,3,2,772523,Medium
3340,2023-12-15 00:00:00,Evening,Rain,Dry,51,83,None,Blinking,4,1,232522,Medium
571,2023-06-14 00:00:00,Evening,Haze,Wet,50,87,None,Working,4,1,951804,Medium
523,2024-01-05 00:00:00,Night,Rain,Water-logged,89,46,Other,Working,1,9,991374,High
1021,2025-07-30 00:00:00,Evening,Clear,Wet,96,95,Other,Working,4,7,593564,Medium
1608,2023-08-21 00:00:00,Night,Clear,Dry,97,98,None,Working,5,1,421231,Medium
3404,2023-04-22 00:00:00,Afternoon,Clear,Dry,68,71,None,Not Working,1,0,110530,Low
3588,2024-07-05 00:00:00,Evening,Rain,Dry,70,116,Phone,Working,4,7,377029,High
4279,2025-03-11 00:00:00,Morning,Clear,Wet,93,96,None,Working,5,9,886738,High
4962,2024-12-27 00:00:00,Morning,Rain,Wet,65,43,Phone,Working,4,4,211885,Medium
1051,2024-04-01 00:00:00,Night,Clear,Dry,115,41,Phone,Not Working,3,9,655895,Medium
2641,2024-02-01 00:00:00,Afternoon,Clear,Dry,64,45,Fatigue,Working,4,8,788722,Medium
2346,2023-11-03 00:00:00,Evening,Clear,Wet,44,26,None,Working,3,9,301484,Medium
1488,2024-05-17 00:00:00,Evening,Clear,Dry,114,65,Phone,Not Working,4,1,70976,Medium
2065,2025-07-04 00:00:00,Morning,Clear,Water-logged,82,54,None,Working,1,3,574951,Medium
4370,2023-07-31 00:00:00,Morning,Rain,Wet,59,86,None,Blinking,1,1,625060,Medium
868,2023-06-05 00:00:00,Morning,Clear,Wet,63,67,Phone,Working,5,7,855771,Medium
1591,2025-01-16 00:00:00,Evening,Clear,Dry,104,54,Other,Working,5,4,691831,Medium
1701,2023-09-18 00:00:00,Night,Rain,Dry,46,63,None,Working,2,2,273314,Medium
1877,2023-11-26 00:00:00,Evening,Clear,Wet,68,87,None,Working,3,5,935149,Medium
4122,2024-08-03 00:00:00,Evening,Clear,Dry,10,107,Fatigue,Not Working,1,9,348434,Medium
4082,2025-11-15 00:00:00,Morning,Clear,Wet,108,56,None,Not Working,4,7,465571,Medium
204,2023-08-12 00:00:00,Night,Rain,Dry,38,113,Phone,Working,2,2,154826,Medium
690,2025-12-28 00:00:00,Morning,Rain,Dry,105,115,None,Working,5,2,7966,Medium
383,2025-09-23 00:00:00,Evening,Clear,Dry,80,54,None,Not Working,1,3,43867,Medium
4679,2025-11-29 00:00:00,Evening,Clear,Dry,72,35,Fatigue,Working,3,3,326558,Low
588,2024-07-21 00:00:00,Morning,Clear,Water-logged,97,52,None,Working,1,2,63957,Low
2656,2023-05-09 00:00:00,Afternoon,Rain,Dry,23,50,Other,Blinking,1,9,560997,Medium
3033,2025-10-23 00:00:00,Evening,Clear,Dry,115,57,Phone,Working,5,4,123307,Medium
1909,2025-03-02 00:00:00,Afternoon,Fog,Dry,35,47,None,Working,1,8,178893,Medium
1776,2024-12-16 00:00:00,Afternoon,Clear,Dry,23,97,Phone,Blinking,3,8,936646,Medium
3362,2025-08-03 00:00:00,Afternoon,Clear,Dry,97,60,Phone,Working,5,7,985905,Medium
1023,2025-09-09 00:00:00,Night,Fog,Water-logged,106,99,None,Working,2,1,40971,Medium
3955,2024-05-18 00:00:00,Morning,Clear,Damaged,39,80,None,Working,2,3,902307,Low
2952,2023-09-01 00:00:00,Evening,Clear,Wet,109,50,Phone,Working,4,0,325609,Low
4593,2025-10-10 00:00:00,Evening,Rain,Wet,47,25,Fatigue,Working,3,1,972297,Low
3814,2023-01-09 00:00:00,Evening,Clear,Dry,27,56,Other,Working,3,7,827688,Medium
121,2024-07-31 00:00:00,Night,Clear,Dry,83,42,None,Working,3,5,756337,Medium
1040,2024-05-06 00:00:00,Afternoon,Fog,Wet,116,105,None,Blinking,1,4,840577,High
2737,2023-08-20 00:00:00,Night,Haze,Dry,50,95,Fatigue,Not Working,2,6,703973,High
340,2023-05-01 00:00:00,Morning,Clear,Water-logged,97,37,Other,Working,3,4,495173,Medium
1781,2025-04-19 00:00:00,Morning,Clear,Dry,75,39,None,Working,5,1,107284,Low
4707,2024-11-05 00:00:00,Evening,Clear,Dry,63,37,None,Working,2,2,24225,Low
59,2025-07-08 00:00:00,Morning,Rain,Dry,100,69,None,Working,4,3,55403,Medium
362,2023-02-20 00:00:00,Evening,Clear,Water-logged,85,78,Phone,Working,4,3,612973,Medium
2569,2023-06-24 00:00:00,Night,Fog,Dry,58,51,None,Working,1,6,323405,Medium
4078,2023-08-26 00:00:00,Afternoon,Rain,Dry,109,42,None,Working,4,6,161381,High
4806,2024-07-18 00:00:00,Evening,Rain,Dry,28,88,None,Working,4,9,206800,Medium
3863,2025-02-28 00:00:00,Afternoon,Fog,Dry,75,59,None,Working,3,0,461568,Low
4532,2024-05-19 00:00:00,Morning,Haze,Damaged,72,43,None,Working,3,3,795585,Medium
2735,2024-06-22 00:00:00,Night,Clear,Dry,119,62,None,Working,3,8,86396,Medium
390,2025-01-30 00:00:00,Night,Fog,Water-logged,95,69,None,Working,1,5,846328,Medium
2036,2023-06-19 00:00:00,Afternoon,Fog,Dry,82,24,Phone,Working,2,7,661174,Medium
1076,2023-08-28 00:00:00,Afternoon,Clear,Dry,14,62,None,Working,5,3,430939,Low
4162,2024-12-13 00:00:00,Morning,Rain,Dry,97,38,None,Not Working,1,6,164739,Medium
2155,2023-09-04 00:00:00,Morning,Clear,Dry,35,73,None,Working,3,3,438869,Medium
4954,2024-08-03 00:00:00,Evening,Clear,Dry,90,92,None,Working,4,0,231308,Medium
1568,2024-03-29 00:00:00,Morning,Rain,Dry,100,80,None,Blinking,2,9,752206,High
2477,2023-10-01 00:00:00,Morning,Rain,Dry,109,47,None,Not Working,3,8,11326,High
3941,2025-10-28 00:00:00,Evening,Clear,Dry,48,64,None,Not Working,5,1,638501,Low
2181,2023-05-18 00:00:00,Afternoon,Clear,Dry,78,115,None,Working,3,7,229515,Medium
1962,2023-11-20 00:00:00,Afternoon,Clear,Wet,77,34,Fatigue,Working,5,2,826628,Low
872,2024-11-20 00:00:00,Afternoon,Clear,Wet,103,42,Other,Working,5,1,637026,Low
2390,2024-05-13 00:00:00,Evening,Clear,Dry,20,28,Phone,Working,4,6,902442,Low
1275,2024-04-15 00:00:00,Afternoon,Rain,Dry,87,111,None,Working,2,8,371726,High
3155,2025-05-02 00:00:00,Afternoon,Rain,Dry,26,62,None,Working,3,4,647434,Medium
1227,2025-06-22 00:00:00,Afternoon,Clear,Wet,63,29,Fatigue,Blinking,5,5,762963,Low
2105,2024-03-02 00:00:00,Evening,Clear,Dry,114,79,None,Working,1,5,987267,Medium
2984,2024-09-12 00:00:00,Night,Clear,Water-logged,79,101,None,Not Working,1,4,457310,Medium
1052,2025-03-20 00:00:00,Evening,Haze,Dry,89,86,None,Blinking,4,9,387407,High
4929,2025-05-29 00:00:00,Evening,Fog,Dry,89,42,Fatigue,Working,2,7,815737,Medium
3273,2023-11-16 00:00:00,Evening,Clear,Dry,38,100,Phone,Not Working,4,3,466316,Medium
2755,2024-06-25 00:00:00,Night,Clear,Wet,64,62,Phone,Working,2,0,999089,Medium
77,2025-08-09 00:00:00,Evening,Rain,Dry,26,66,None,Working,4,4,872046,Low
613,2025-02-26 00:00:00,Evening,Fog,Dry,22,54,Phone,Working,2,0,16102,Low
2555,2023-10-14 00:00:00,Morning,Rain,Wet,57,54,None,Working,2,7,305480,Medium
368,2023-07-14 00:00:00,Night,Clear,Dry,23,104,Phone,Not Working,1,6,855508,Medium
1151,2024-04-07 00:00:00,Evening,Rain,Dry,54,85,None,Working,2,3,348662,Medium
1072,2024-06-23 00:00:00,Morning,Clear,Water-logged,58,32,Fatigue,Working,5,0,288761,Low
165,2025-06-06 00:00:00,Morning,Clear,Water-logged,15,52,None,Working,5,0,398234,Low
1410,2023-04-10 00:00:00,Night,Haze,Dry,21,52,None,Working,1,3,232259,Low
3209,2025-01-03 00:00:00,Afternoon,Clear,Dry,49,100,None,Working,4,2,754558,Medium
1104,2023-08-26 00:00:00,Night,Haze,Dry,92,38,None,Working,2,6,440366,Medium
3224,2023-08-13 00:00:00,Morning,Fog,Water-logged,112,58,None,Working,4,0,907075,Medium
413,2023-08-24 00:00:00,Night,Rain,Dry,107,35,Fatigue,Working,5,2,87131,Medium
2923,2024-05-31 00:00:00,Night,Clear,Dry,80,54,Other,Working,2,3,822230,Medium
1941,2025-10-14 00:00:00,Morning,Fog,Dry,44,27,Phone,Working,5,6,695963,Medium
2091,2023-03-03 00:00:00,Evening,Clear,Dry,55,99,Phone,Working,2,2,144747,Low
1183,2024-11-02 00:00:00,Evening,Clear,Wet,119,92,None,Working,5,4,180978,Medium
1762,2025-05-25 00:00:00,Night,Clear,Dry,103,23,Fatigue,Working,2,9,372906,Medium
3882,2024-04-19 00:00:00,Evening,Clear,Dry,103,77,Fatigue,Working,5,2,206020,Medium
2857,2025-10-21 00:00:00,Morning,Clear,Wet,63,95,None,Blinking,2,5,388356,Medium
241,2025-03-24 00:00:00,Night,Haze,Dry,30,107,Other,Blinking,3,5,265732,Medium
1818,2024-02-26 00:00:00,Evening,Haze,Dry,23,41,None,Blinking,2,3,652591,Medium
3401,2024-02-13 00:00:00,Morning,Clear,Damaged,111,118,Fatigue,Not Working,3,7,661134,High
2030,2024-06-11 00:00:00,Evening,Clear,Dry,105,40,None,Working,3,9,878473,Medium
2957,2024-03-02 00:00:00,Evening,Rain,Damaged,74,94,Phone,Working,1,0,438050,Medium
2600,2024-12-31 00:00:00,Morning,Clear,Dry,69,90,None,Working,4,2,934464,Medium
1262,2023-06-17 00:00:00,Evening,Fog,Dry,116,41,Fatigue,Working,2,2,927875,Medium
1028,2025-02-12 00:00:00,Night,Clear,Dry,26,74,None,Working,3,6,440592,Medium
465,2024-02-06 00:00:00,Night,Clear,Dry,111,34,None,Not Working,3,8,794506,Medium
609,2023-08-28 00:00:00,Evening,Clear,Wet,56,62,None,Not Working,1,0,741543,Low
977,2025-03-01 00:00:00,Evening,Clear,Water-logged,15,112,None,Working,4,6,348365,Medium
4750,2024-06-11 00:00:00,Night,Haze,Damaged,114,75,Phone,Working,5,8,484023,High
198,2023-08-12 00:00:00,Night,Clear,Wet,90,94,None,Working,2,2,44373,Medium
542,2024-11-09 00:00:00,Evening,Rain,Wet,106,80,Other,Working,2,5,719966,Medium
4077,2024-06-21 00:00:00,Afternoon,Rain,Dry,112,69,None,Working,1,2,743740,Medium
3907,2023-05-03 00:00:00,Evening,Rain,Water-logged,52,30,None,Not Working,5,0,162505,Low
18,2024-09-29 00:00:00,Evening,Clear,Dry,74,28,Fatigue,Working,3,0,13537,Low
3256,2024-07-15 00:00:00,Morning,Fog,Dry,75,24,Fatigue,Working,3,2,469749,Medium
2719,2024-11-05 00:00:00,Night,Clear,Wet,31,89,Fatigue,Working,3,4,365058,Medium
2909,2023-01-09 00:00:00,Afternoon,Clear,Wet,25,44,None,Working,1,7,929043,Medium
2343,2025-07-08 00:00:00,Morning,Rain,Dry,31,92,None,Not Working,4,4,468878,Medium
4301,2025-01-21 00:00:00,Morning,Clear,Dry,75,54,Other,Working,3,1,774169,Low
897,2023-10-12 00:00:00,Afternoon,Haze,Dry,45,111,Fatigue,Working,2,7,618111,High
1931,2023-04-23 00:00:00,Evening,Clear,Wet,119,69,Phone,Working,2,9,606772,High
490,2023-06-02 00:00:00,Night,Haze,Dry,52,55,Fatigue,Working,2,9,631877,Medium
3807,2025-09-05 00:00:00,Afternoon,Clear,Dry,15,77,None,Working,2,9,647645,Medium
4236,2023-03-14 00:00:00,Afternoon,Clear,Damaged,33,36,None,Working,4,1,941748,Low
2596,2023-06-11 00:00:00,Evening,Haze,Dry,34,30,Other,Not Working,2,1,186568,Low
1175,2023-09-27 00:00:00,Evening,Clear,Water-logged,18,86,None,Working,4,5,939700,Low
3652,2024-05-23 00:00:00,Afternoon,Clear,Dry,69,110,None,Working,4,1,367464,Medium
4079,2024-04-20 00:00:00,Evening,Rain,Dry,67,45,Phone,Working,2,7,376732,Medium
4211,2023-01-23 00:00:00,Morning,Haze,Dry,47,110,None,Working,5,1,188358,Medium
482,2023-11-27 00:00:00,Evening,Clear,Wet,82,30,Phone,Blinking,4,6,319410,Medium
1461,2024-04-21 00:00:00,Afternoon,Clear,Dry,40,92,None,Working,2,5,108166,Medium
61,2023-08-29 00:00:00,Afternoon,Haze,Dry,83,30,None,Working,1,0,219387,Low
3233,2023-04-17 00:00:00,Morning,Rain,Wet,46,110,Phone,Not Working,2,2,465514,Medium
2545,2025-02-05 00:00:00,Morning,Clear,Dry,117,41,None,Working,4,7,261987,Medium
3694,2024-05-16 00:00:00,Morning,Clear,Dry,72,43,Phone,Not Working,5,4,633553,Medium
3220,2025-04-22 00:00:00,Evening,Rain,Dry,98,87,Phone,Working,2,1,420553,High
976,2025-08-13 00:00:00,Afternoon,Haze,Dry,69,65,Phone,Working,2,4,491103,Medium
3381,2023-10-20 00:00:00,Afternoon,Clear,Dry,88,98,Fatigue,Not Working,1,1,192176,Medium
4964,2023-06-02 00:00:00,Evening,Clear,Dry,87,30,Phone,Working,4,3,559044,Medium
3873,2023-12-04 00:00:00,Morning,Rain,Wet,25,57,None,Working,3,9,115994,Medium
95,2025-04-02 00:00:00,Evening,Clear,Wet,60,86,Phone,Working,2,5,801214,Medium
185,2025-07-17 00:00:00,Afternoon,Rain,Wet,22,70,None,Working,3,2,924459,Low
223,2025-04-16 00:00:00,Morning,Clear,Damaged,115,104,Other,Working,4,9,95358,High
163,2024-09-26 00:00:00,Evening,Clear,Dry,32,30,Phone,Not Working,5,6,56517,Low
73,2024-10-25 00:00:00,Morning,Clear,Wet,11,100,None,Not Working,5,9,869726,Medium
1953,2024-12-08 00:00:00,Evening,Clear,Dry,73,100,None,Not Working,3,8,587620,Medium
1366,2023-11-13 00:00:00,Morning,Rain,Wet,107,105,Fatigue,Working,5,6,325552,High
139,2023-07-26 00:00:00,Afternoon,Rain,Dry,45,93,Other,Working,4,6,148943,High
2405,2025-07-03 00:00:00,Evening,Clear,Damaged,115,38,None,Working,1,4,385135,Medium
266,2025-05-29 00:00:00,Evening,Clear,Dry,50,48,None,Working,2,2,397750,Low
4329,2024-12-31 00:00:00,Morning,Clear,Dry,91,87,None,Not Working,2,9,620759,Medium
1679,2023-08-28 00:00:00,Morning,Rain,Dry,43,107,None,Not Working,2,6,316092,High
3464,2025-09-16 00:00:00,Evening,Fog,Wet,105,111,None,Working,3,0,611731,Medium
236,2024-03-01 00:00:00,Evening,Clear,Dry,17,41,Phone,Blinking,2,8,856381,Low
4269,2023-07-22 00:00:00,Night,Clear,Water-logged,62,118,Other,Not Working,5,3,760028,Medium
1297,2023-06-03 00:00:00,Morning,Clear,Dry,24,38,None,Working,1,4,401423,Low
473,2024-01-22 00:00:00,Morning,Clear,Wet,107,47,None,Working,5,5,294798,Medium
3494,2025-01-14 00:00:00,Night,Haze,Dry,66,107,Phone,Working,4,3,185017,Medium
466,2023-03-17 00:00:00,Afternoon,Clear,Dry,51,110,Phone,Not Working,5,5,843074,Medium
1321,2023-12-20 00:00:00,Morning,Rain,Wet,98,46,Phone,Working,4,7,428528,High
2092,2024-08-12 00:00:00,Night,Haze,Dry,68,108,Phone,Working,2,2,854879,Medium
370,2024-04-03 00:00:00,Morning,Clear,Wet,89,37,None,Working,2,4,977750,Medium
745,2025-09-12 00:00:00,Morning,Clear,Dry,57,56,None,Working,2,3,722886,Low
2838,2024-08-16 00:00:00,Morning,Rain,Dry,72,75,None,Working,1,6,705611,Medium
1756,2024-08-21 00:00:00,Night,Clear,Dry,75,67,None,Not Working,4,0,699615,Low
4183,2025-09-02 00:00:00,Evening,Clear,Water-logged,117,41,None,Not Working,1,1,750233,Low
3778,2025-03-22 00:00:00,Evening,Clear,Dry,60,113,Fatigue,Working,4,5,743668,Medium
563,2025-05-22 00:00:00,Morning,Clear,Dry,104,74,None,Working,3,9,865960,Medium
1222,2024-10-10 00:00:00,Morning,Rain,Dry,68,44,None,Working,2,4,416703,Medium
1583,2025-05-24 00:00:00,Evening,Rain,Water-logged,80,57,None,Working,4,8,743622,Medium
2454,2023-04-23 00:00:00,Afternoon,Rain,Wet,67,70,Other,Working,3,0,783599,Medium
4334,2024-08-06 00:00:00,Evening,Rain,Dry,45,45,None,Working,4,2,418824,Low
409,2023-12-24 00:00:00,Night,Clear,Wet,78,85,None,Not Working,3,3,789953,Medium
3316,2023-04-16 00:00:00,Evening,Clear,Dry,108,36,Phone,Working,1,6,940111,Medium
4407,2023-12-03 00:00:00,Night,Clear,Dry,88,41,Phone,Working,2,3,909999,Low
4648,2023-04-04 00:00:00,Afternoon,Clear,Wet,61,70,Fatigue,Working,5,7,871029,Medium
1773,2025-08-20 00:00:00,Night,Rain,Dry,70,37,Other,Working,5,6,421070,Medium
2756,2025-05-14 00:00:00,Afternoon,Rain,Wet,79,35,Phone,Working,3,3,531525,Medium
4249,2024-01-25 00:00:00,Evening,Clear,Dry,109,108,None,Blinking,5,6,461022,Medium
4424,2024-02-07 00:00:00,Evening,Clear,Dry,90,103,None,Not Working,3,2,11611,Medium
4637,2024-08-24 00:00:00,Afternoon,Haze,Dry,26,56,None,Working,4,2,803334,Low
4402,2024-03-28 00:00:00,Evening,Clear,Dry,71,87,None,Working,5,7,249646,Medium
1314,2025-08-20 00:00:00,Night,Clear,Damaged,17,70,None,Working,1,6,339247,Medium
710,2025-09-01 00:00:00,Evening,Haze,Dry,47,48,None,Working,5,0,894573,Low
2302,2023-09-04 00:00:00,Evening,Clear,Dry,64,83,None,Working,2,0,326688,Medium
3777,2023-10-06 00:00:00,Night,Haze,Dry,92,72,None,Blinking,3,1,908012,Medium
544,2024-03-11 00:00:00,Evening,Fog,Wet,44,23,None,Working,1,6,117603,Low
1039,2025-11-25 00:00:00,Morning,Clear,Water-logged,89,89,None,Working,2,7,792275,Medium
809,2023-11-16 00:00:00,Afternoon,Rain,Wet,22,70,None,Not Working,3,4,409201,Medium
513,2023-09-24 00:00:00,Night,Fog,Dry,24,73,None,Working,1,6,416448,Medium
2491,2023-07-30 00:00:00,Afternoon,Clear,Wet,54,64,None,Working,5,2,19963,Low
4368,2025-04-28 00:00:00,Afternoon,Fog,Wet,14,64,None,Working,3,9,138207,Medium
3958,2024-08-31 00:00:00,Afternoon,Fog,Dry,93,25,Phone,Not Working,3,8,127882,Medium
698,2023-01-23 00:00:00,Evening,Clear,Dry,42,118,None,Not Working,4,9,548679,Medium
4991,2024-11-02 00:00:00,Night,Clear,Water-logged,50,97,Other,Working,1,2,127636,Medium
4250,2024-07-04 00:00:00,Night,Clear,Damaged,32,119,None,Working,4,9,102493,High
2619,2024-11-01 00:00:00,Night,Haze,Dry,20,67,Phone,Working,2,1,754045,Medium
4042,2025-12-08 00:00:00,Afternoon,Clear,Dry,97,35,None,Working,3,8,269256,Medium
4460,2023-08-29 00:00:00,Evening,Clear,Wet,69,82,None,Blinking,3,9,622452,Medium
2328,2025-05-26 00:00:00,Morning,Rain,Dry,88,74,None,Working,3,9,630742,High
4390,2023-05-20 00:00:00,Morning,Clear,Dry,90,88,Phone,Not Working,3,7,924673,High
4426,2025-01-02 00:00:00,Afternoon,Rain,Wet,58,25,None,Working,3,7,865297,Medium
1466,2024-11-20 00:00:00,Morning,Clear,Dry,56,52,Phone,Working,2,5,590641,Medium
2098,2023-01-22 00:00:00,Evening,Clear,Water-logged,56,63,Phone,Working,3,0,623388,Low
4295,2023-12-25 00:00:00,Afternoon,Haze,Wet,84,65,Phone,Working,2,2,74279,Medium
3236,2024-12-12 00:00:00,Morning,Clear,Water-logged,43,76,Fatigue,Working,4,1,88107,Medium
4268,2025-08-26 00:00:00,Morning,Clear,Dry,105,92,None,Working,3,6,69811,Medium
3368,2025-11-20 00:00:00,Afternoon,Rain,Wet,43,102,Other,Working,5,6,318473,High
4792,2023-05-18 00:00:00,Night,Clear,Dry,54,43,None,Working,4,6,967931,Low
1454,2023-03-08 00:00:00,Evening,Clear,Dry,83,87,Fatigue,Working,5,2,813017,Medium
1058,2023-04-01 00:00:00,Afternoon,Clear,Water-logged,59,117,None,Not Working,3,2,935366,Medium
639,2024-05-22 00:00:00,Afternoon,Clear,Wet,119,76,Other,Not Working,5,1,481024,Medium
162,2024-04-26 00:00:00,Evening,Clear,Wet,65,51,Other,Working,4,1,868702,Low
1462,2024-07-01 00:00:00,Evening,Rain,Dry,100,109,None,Working,3,3,299127,High
4579,2023-09-30 00:00:00,Night,Clear,Dry,46,68,None,Blinking,3,7,89430,Medium
3954,2024-05-20 00:00:00,Morning,Rain,Wet,85,101,None,Working,4,7,377166,High
3417,2023-12-05 00:00:00,Afternoon,Rain,Dry,33,56,Other,Not Working,3,7,649474,Medium
1440,2023-08-31 00:00:00,Evening,Clear,Wet,96,75,Other,Working,1,7,685503,Medium
1435,2024-09-20 00:00:00,Morning,Rain,Wet,43,94,None,Not Working,3,2,246125,Medium
861,2023-06-24 00:00:00,Evening,Clear,Water-logged,54,105,Fatigue,Not Working,4,4,135546,Medium
2309,2024-01-04 00:00:00,Morning,Rain,Dry,43,52,Phone,Working,2,5,995542,Medium
4167,2025-09-19 00:00:00,Morning,Fog,Dry,96,78,Phone,Blinking,4,5,634298,High
1012,2024-09-29 00:00:00,Night,Fog,Wet,51,105,Other,Blinking,1,0,712909,Medium
2552,2024-01-10 00:00:00,Morning,Clear,Dry,85,118,Fatigue,Working,2,7,626601,High
3576,2024-04-19 00:00:00,Afternoon,Clear,Wet,70,79,Fatigue,Working,4,1,207161,Low
1509,2024-09-06 00:00:00,Evening,Fog,Dry,13,39,None,Working,3,4,880385,Low
4243,2023-02-01 00:00:00,Evening,Rain,Water-logged,96,50,None,Working,2,4,905637,Medium
4363,2023-04-27 00:00:00,Evening,Clear,Wet,55,62,Fatigue,Blinking,5,0,401295,Low
4246,2025-02-24 00:00:00,Night,Haze,Dry,73,47,Phone,Not Working,3,4,112740,Medium
934,2023-12-21 00:00:00,Evening,Haze,Wet,31,22,Phone,Working,1,9,954240,Medium
1660,2024-06-30 00:00:00,Afternoon,Clear,Dry,21,51,None,Working,4,4,911137,Low
4788,2025-10-13 00:00:00,Night,Clear,Dry,68,74,None,Working,4,5,603848,Medium
151,2024-09-27 00:00:00,Night,Clear,Water-logged,103,69,None,Working,1,0,5152,Low
570,2024-07-10 00:00:00,Afternoon,Haze,Dry,21,111,None,Working,3,9,374631,High
1585,2025-09-19 00:00:00,Night,Rain,Wet,101,20,Other,Not Working,5,0,307127,Medium
1464,2023-02-14 00:00:00,Evening,Clear,Dry,96,20,None,Working,3,3,29759,Low
1319,2023-01-05 00:00:00,Morning,Rain,Dry,76,81,None,Working,2,1,302426,Medium
1290,2023-08-29 00:00:00,Morning,Clear,Wet,104,77,Fatigue,Working,3,4,514828,Medium
4524,2025-04-04 00:00:00,Evening,Rain,Dry,90,53,None,Not Working,2,3,105254,Medium
530,2024-09-24 00:00:00,Night,Clear,Dry,114,56,None,Working,5,7,403668,Medium
2282,2024-10-24 00:00:00,Afternoon,Clear,Damaged,92,21,None,Working,3,0,493042,Low
33,2024-08-01 00:00:00,Morning,Rain,Water-logged,42,66,None,Working,3,9,522130,Medium
4988,2023-07-04 00:00:00,Evening,Clear,Wet,14,39,None,Not Working,2,3,804443,Low
1663,2023-10-08 00:00:00,Night,Clear,Wet,37,55,None,Working,5,5,223764,Medium
4594,2025-10-09 00:00:00,Afternoon,Clear,Dry,46,69,Phone,Not Working,5,4,787541,Medium
2009,2023-01-28 00:00:00,Morning,Clear,Dry,114,110,None,Working,3,8,474138,High
2664,2024-10-14 00:00:00,Evening,Clear,Wet,90,53,None,Blinking,2,3,512857,Low
3009,2023-04-23 00:00:00,Evening,Rain,Dry,102,108,None,Working,4,1,765943,Medium
2031,2024-09-19 00:00:00,Morning,Rain,Dry,53,34,Fatigue,Working,3,1,630174,Low
2026,2023-03-08 00:00:00,Afternoon,Clear,Dry,65,91,None,Working,2,4,933768,Medium
2774,2024-07-29 00:00:00,Afternoon,Clear,Dry,28,27,Phone,Working,3,4,32749,Low
2029,2024-04-30 00:00:00,Afternoon,Clear,Dry,77,117,Phone,Working,2,0,583313,Medium
1644,2024-12-17 00:00:00,Evening,Fog,Wet,86,69,Fatigue,Working,4,4,733383,High
1054,2025-10-17 00:00:00,Evening,Clear,Wet,57,116,None,Working,1,9,550301,Medium
4048,2024-01-24 00:00:00,Evening,Rain,Dry,25,95,Phone,Not Working,5,0,842164,Medium
3029,2025-03-03 00:00:00,Evening,Clear,Dry,56,47,None,Working,3,8,142673,Medium
3681,2025-02-24 00:00:00,Evening,Clear,Water-logged,38,109,Fatigue,Not Working,2,6,821551,Medium
1269,2025-06-24 00:00:00,Evening,Clear,Water-logged,55,21,Fatigue,Working,2,8,145352,Medium
1267,2024-01-18 00:00:00,Afternoon,Haze,Wet,90,26,Fatigue,Working,1,9,218349,Medium
308,2025-02-17 00:00:00,Afternoon,Clear,Dry,68,86,None,Working,3,9,867072,Medium
3890,2025-06-01 00:00:00,Afternoon,Clear,Wet,108,89,Phone,Not Working,3,1,461927,Medium
4410,2025-07-08 00:00:00,Evening,Clear,Dry,66,105,Other,Working,1,9,512280,High
742,2023-10-26 00:00:00,Afternoon,Rain,Wet,97,96,None,Working,2,7,323557,High
1329,2023-11-14 00:00:00,Evening,Clear,Wet,26,99,Other,Working,4,8,462999,Medium
4515,2023-04-28 00:00:00,Evening,Rain,Dry,110,110,Phone,Working,3,4,695519,High
180,2025-08-27 00:00:00,Morning,Haze,Wet,112,53,Phone,Working,5,0,601959,Medium
4053,2024-10-11 00:00:00,Night,Clear,Wet,39,21,Phone,Working,5,2,602043,Low
3839,2024-03-02 00:00:00,Night,Haze,Dry,35,103,Other,Working,5,6,873302,Medium
225,2025-12-30 00:00:00,Afternoon,Clear,Dry,112,105,None,Working,4,1,480866,Medium
506,2023-07-27 00:00:00,Morning,Clear,Dry,31,93,None,Working,1,6,443571,Medium
1177,2023-12-20 00:00:00,Evening,Rain,Wet,110,109,None,Working,1,5,320634,High
4435,2023-09-23 00:00:00,Morning,Clear,Water-logged,15,56,Phone,Working,3,3,877256,Medium
2083,2024-03-30 00:00:00,Afternoon,Clear,Dry,13,37,None,Working,2,0,637091,Low
3653,2025-07-25 00:00:00,Night,Clear,Dry,103,83,Other,Working,5,0,756481,Medium
1129,2025-12-19 00:00:00,Afternoon,Clear,Dry,15,85,Phone,Working,2,0,361833,Low
1282,2023-09-15 00:00:00,Evening,Rain,Dry,110,47,Other,Working,4,9,601536,High
1125,2024-07-11 00:00:00,Evening,Fog,Dry,56,80,None,Working,4,8,738144,Medium
931,2023-06-18 00:00:00,Morning,Clear,Water-logged,73,78,None,Working,1,1,807985,Low
1048,2023-10-11 00:00:00,Morning,Clear,Dry,60,22,Other,Working,1,4,899628,Medium
3380,2025-12-18 00:00:00,Evening,Clear,Wet,74,52,None,Not Working,5,5,948277,Medium
157,2024-04-12 00:00:00,Evening,Clear,Dry,79,80,Fatigue,Working,4,7,463890,Medium
1600,2024-09-19 00:00:00,Night,Rain,Wet,109,84,Phone,Working,5,9,995404,High
4924,2025-11-24 00:00:00,Night,Rain,Dry,35,62,Phone,Working,3,1,816470,Medium
1368,2024-11-04 00:00:00,Night,Clear,Damaged,80,107,Fatigue,Working,2,5,694699,Medium
1169,2025-05-01 00:00:00,Morning,Clear,Dry,115,34,Phone,Working,4,3,361000,Medium
3991,2024-05-11 00:00:00,Morning,Clear,Dry,24,94,Other,Working,3,9,988850,Medium
4287,2025-01-14 00:00:00,Night,Rain,Dry,24,107,Other,Working,5,7,153217,Medium
4558,2023-03-07 00:00:00,Evening,Clear,Dry,83,34,Other,Working,4,6,879077,Medium
558,2025-10-17 00:00:00,Morning,Rain,Water-logged,37,69,None,Working,5,1,420336,Medium
1989,2025-12-28 00:00:00,Afternoon,Clear,Wet,108,81,None,Working,2,5,937727,Medium
4506,2025-05-19 00:00:00,Afternoon,Clear,Dry,82,85,None,Working,4,9,454391,High
1383,2023-02-19 00:00:00,Night,Clear,Wet,104,36,Other,Working,5,9,413791,Medium
1919,2025-04-26 00:00:00,Afternoon,Rain,Dry,12,61,Fatigue,Not Working,1,1,84114,Low
3970,2024-06-13 00:00:00,Afternoon,Clear,Dry,23,83,Other,Working,3,2,82611,Low
456,2024-12-23 00:00:00,Afternoon,Clear,Dry,53,78,None,Working,2,5,536772,Medium
4434,2024-01-13 00:00:00,Night,Clear,Water-logged,104,105,Phone,Blinking,1,4,49373,Medium
3929,2025-01-29 00:00:00,Evening,Clear,Wet,112,36,Phone,Working,4,1,55224,Medium
1726,2024-02-09 00:00:00,Morning,Clear,Dry,23,51,None,Working,5,1,815786,Low
4331,2023-09-04 00:00:00,Afternoon,Rain,Dry,17,115,None,Not Working,4,5,457096,Medium
1501,2025-10-26 00:00:00,Evening,Clear,Dry,83,100,Other,Working,4,0,364337,Medium
2331,2024-06-13 00:00:00,Afternoon,Clear,Wet,77,84,None,Working,5,3,683610,Medium
2791,2025-09-11 00:00:00,Evening,Clear,Dry,86,97,Phone,Working,3,6,631497,Medium
4378,2023-05-14 00:00:00,Night,Clear,Wet,23,105,None,Working,1,8,112001,Medium
2421,2024-07-10 00:00:00,Morning,Clear,Damaged,62,90,None,Working,2,0,940770,Low
2794,2024-03-10 00:00:00,Afternoon,Rain,Damaged,83,89,Phone,Working,4,4,710335,Medium
1611,2024-01-10 00:00:00,Night,Fog,Water-logged,72,58,None,Working,4,0,104070,Medium
4,2025-11-01 00:00:00,Evening,Clear,Wet,25,54,Other,Not Working,4,2,307183,Medium
1676,2025-06-30 00:00:00,Afternoon,Fog,Dry,56,52,None,Not Working,3,4,710681,Medium
1815,2023-06-25 00:00:00,Morning,Clear,Dry,114,64,Fatigue,Working,1,4,886574,Medium
4255,2025-09-29 00:00:00,Morning,Rain,Wet,70,59,Phone,Working,1,5,799556,Medium
173,2025-08-20 00:00:00,Evening,Clear,Dry,21,88,None,Working,4,8,21484,Medium
4542,2024-05-05 00:00:00,Evening,Clear,Dry,54,100,Fatigue,Working,5,3,463817,Medium
2184,2025-09-04 00:00:00,Afternoon,Rain,Dry,77,52,Fatigue,Working,1,4,932109,Medium
1725,2023-02-01 00:00:00,Evening,Rain,Dry,70,26,None,Working,2,4,444176,Medium
2068,2025-04-11 00:00:00,Afternoon,Clear,Damaged,12,102,Fatigue,Working,1,7,343826,Medium
4443,2025-03-08 00:00:00,Morning,Clear,Dry,75,114,Phone,Blinking,4,6,885176,High
517,2024-02-24 00:00:00,Afternoon,Fog,Wet,55,47,Phone,Working,1,3,450234,Medium
2002,2025-01-24 00:00:00,Morning,Clear,Dry,73,65,Phone,Working,4,7,884963,Medium
12,2025-02-11 00:00:00,Night,Rain,Wet,41,51,None,Working,2,1,107454,Medium
1266,2025-05-29 00:00:00,Morning,Clear,Water-logged,93,63,None,Working,4,9,355441,Medium
3938,2023-08-19 00:00:00,Morning,Fog,Wet,42,42,None,Working,3,6,524848,Medium
941,2025-08-11 00:00:00,Afternoon,Clear,Wet,93,64,None,Working,5,3,729144,Medium
534,2025-09-21 00:00:00,Evening,Rain,Dry,102,41,Other,Working,5,2,167433,Medium
211,2024-01-25 00:00:00,Evening,Haze,Damaged,18,78,None,Working,1,0,936374,Low
3749,2024-03-16 00:00:00,Afternoon,Clear,Wet,19,37,None,Working,3,5,67060,Medium
1097,2025-12-25 00:00:00,Morning,Clear,Wet,65,74,Fatigue,Working,4,7,751852,Medium
1804,2025-06-19 00:00:00,Afternoon,Clear,Damaged,58,61,None,Not Working,4,7,620456,Medium
4341,2023-05-08 00:00:00,Afternoon,Rain,Dry,116,83,Phone,Working,1,7,342530,High
2137,2024-11-03 00:00:00,Morning,Fog,Wet,92,66,Other,Working,2,0,77586,Medium
3063,2024-11-11 00:00:00,Evening,Haze,Dry,95,111,Phone,Working,3,5,199021,High
2413,2025-10-29 00:00:00,Afternoon,Clear,Dry,82,52,Other,Working,1,0,113527,Low
2768,2025-05-14 00:00:00,Morning,Clear,Water-logged,25,105,Phone,Not Working,5,7,666034,Medium
2457,2023-07-19 00:00:00,Afternoon,Rain,Dry,20,35,Other,Working,1,6,21791,Medium
3070,2024-11-20 00:00:00,Evening,Rain,Wet,59,68,Phone,Working,4,8,288005,High
4399,2023-09-15 00:00:00,Morning,Clear,Wet,68,51,None,Working,2,1,164497,Low
4177,2024-11-28 00:00:00,Evening,Clear,Dry,12,74,None,Working,3,3,76112,Low
2666,2024-08-11 00:00:00,Afternoon,Clear,Dry,39,38,Phone,Working,3,6,793452,Medium
4234,2025-08-02 00:00:00,Night,Clear,Water-logged,41,85,None,Working,2,1,133619,Low
2597,2025-08-01 00:00:00,Afternoon,Clear,Wet,26,29,None,Working,2,3,82641,Low
1494,2023-09-17 00:00:00,Morning,Clear,Wet,82,30,Phone,Working,3,7,121545,Medium
4770,2025-02-24 00:00:00,Afternoon,Clear,Dry,63,84,Fatigue,Working,2,4,211360,Medium
1965,2024-09-12 00:00:00,Evening,Clear,Dry,114,55,None,Not Working,5,2,842901,Medium
4445,2023-02-19 00:00:00,Afternoon,Clear,Dry,65,112,None,Blinking,1,6,378750,Medium
1795,2025-01-16 00:00:00,Morning,Clear,Dry,14,59,Phone,Not Working,4,1,748818,Low
3186,2024-10-20 00:00:00,Evening,Clear,Wet,13,20,Phone,Not Working,4,6,196766,Low
4673,2025-07-01 00:00:00,Evening,Clear,Dry,99,100,None,Working,3,3,70581,Medium
60,2025-10-18 00:00:00,Afternoon,Clear,Dry,77,47,None,Blinking,2,4,686607,Low
2550,2023-03-04 00:00:00,Morning,Rain,Water-logged,110,23,None,Working,4,9,650822,High
3116,2024-03-07 00:00:00,Night,Clear,Dry,67,85,None,Working,1,4,79216,Medium
2536,2024-10-10 00:00:00,Night,Rain,Dry,39,50,None,Not Working,2,0,280728,Low
2812,2024-03-08 00:00:00,Evening,Clear,Dry,20,35,None,Working,3,4,236293,Low
2789,2023-02-14 00:00:00,Night,Clear,Dry,26,81,None,Working,5,9,445292,Medium
460,2024-02-26 00:00:00,Morning,Haze,Dry,95,31,Phone,Not Working,4,3,850059,Medium
2920,2024-09-17 00:00:00,Afternoon,Clear,Dry,77,71,Other,Not Working,3,2,824866,Medium
4011,2023-03-29 00:00:00,Morning,Clear,Wet,16,112,None,Working,4,0,786515,Low
4893,2025-06-25 00:00:00,Evening,Fog,Dry,78,24,Fatigue,Blinking,2,3,722576,Medium
4643,2025-06-06 00:00:00,Night,Clear,Wet,34,117,None,Working,4,6,803424,Medium
345,2024-08-01 00:00:00,Afternoon,Haze,Water-logged,73,20,Phone,Working,3,1,372490,Low
4608,2024-01-31 00:00:00,Morning,Clear,Wet,94,118,None,Working,4,0,508424,Medium
4346,2025-10-31 00:00:00,Afternoon,Haze,Dry,67,31,None,Working,1,8,358059,Medium
629,2025-10-16 00:00:00,Morning,Clear,Dry,45,119,None,Working,3,8,486183,Medium
2785,2023-12-28 00:00:00,Night,Haze,Dry,89,25,None,Not Working,4,7,900635,Medium
3821,2023-07-01 00:00:00,Afternoon,Clear,Dry,48,21,Phone,Blinking,3,5,671790,Medium
4601,2023-09-10 00:00:00,Morning,Clear,Dry,106,35,None,Working,4,9,943806,Medium
4021,2025-05-05 00:00:00,Afternoon,Clear,Wet,63,87,None,Working,1,3,893132,Low
2389,2023-07-14 00:00:00,Evening,Clear,Damaged,106,24,None,Not Working,1,3,308099,Low
3519,2023-07-14 00:00:00,Morning,Clear,Dry,109,68,None,Working,2,1,519482,Medium
2825,2024-12-31 00:00:00,Afternoon,Clear,Water-logged,90,114,None,Working,4,8,941698,Medium
1587,2025-12-26 00:00:00,Evening,Clear,Dry,59,55,Fatigue,Working,1,0,473580,Low
273,2025-09-19 00:00:00,Night,Clear,Damaged,23,54,Other,Working,3,5,475518,Medium
4940,2023-02-10 00:00:00,Night,Rain,Wet,63,36,Phone,Working,1,0,261961,Low
4846,2023-05-07 00:00:00,Afternoon,Clear,Wet,52,27,None,Working,5,0,501232,Low
2225,2025-07-12 00:00:00,Morning,Fog,Wet,87,59,Phone,Not Working,3,9,764479,High
4810,2023-07-15 00:00:00,Night,Clear,Damaged,39,74,Phone,Not Working,3,9,499581,Medium
4461,2024-08-02 00:00:00,Afternoon,Rain,Damaged,82,20,None,Working,5,2,167122,Medium
3565,2025-04-10 00:00:00,Afternoon,Clear,Dry,61,104,None,Blinking,2,2,490041,Medium
2236,2023-12-09 00:00:00,Evening,Clear,Damaged,46,61,Other,Working,1,1,70939,Medium
2014,2025-04-12 00:00:00,Morning,Clear,Wet,46,79,Fatigue,Working,5,4,581142,Medium
1751,2024-12-20 00:00:00,Evening,Clear,Dry,87,91,None,Working,4,5,341745,Medium
2549,2023-09-12 00:00:00,Afternoon,Fog,Wet,81,36,Fatigue,Not Working,5,8,900230,Medium
1783,2023-04-21 00:00:00,Afternoon,Clear,Wet,105,86,Phone,Working,4,7,500888,High
3147,2025-02-28 00:00:00,Night,Clear,Water-logged,79,80,Other,Working,5,7,484755,Medium
1487,2023-02-06 00:00:00,Afternoon,Haze,Dry,112,64,None,Working,5,3,584705,Medium
1538,2024-11-02 00:00:00,Evening,Fog,Dry,28,59,Phone,Working,2,3,69042,Low
2996,2025-07-03 00:00:00,Night,Clear,Water-logged,102,111,None,Not Working,5,0,412638,Medium
1348,2024-04-22 00:00:00,Afternoon,Haze,Dry,67,22,Fatigue,Working,5,5,591528,Medium
4490,2025-09-30 00:00:00,Evening,Clear,Dry,24,68,None,Working,5,8,151214,Medium
2397,2023-05-26 00:00:00,Morning,Clear,Wet,91,86,Fatigue,Blinking,4,4,232140,Medium
3011,2023-03-12 00:00:00,Evening,Fog,Dry,36,88,Phone,Working,1,3,255805,Medium
1390,2024-03-04 00:00:00,Afternoon,Rain,Dry,17,67,Fatigue,Working,2,4,237204,Medium
813,2025-08-08 00:00:00,Morning,Fog,Dry,104,118,None,Not Working,4,8,243005,High
4254,2023-12-26 00:00:00,Evening,Clear,Wet,33,36,None,Not Working,3,1,673686,Low
4831,2025-09-22 00:00:00,Evening,Clear,Dry,46,36,Phone,Not Working,4,0,246188,Low
1002,2025-03-26 00:00:00,Evening,Clear,Dry,97,44,Phone,Not Working,4,1,902058,Low
4777,2024-06-14 00:00:00,Morning,Clear,Dry,53,55,None,Working,2,0,247260,Low
1439,2024-12-09 00:00:00,Morning,Clear,Water-logged,63,49,Fatigue,Working,4,5,678231,Low
1899,2025-02-11 00:00:00,Afternoon,Clear,Wet,15,31,None,Working,2,6,385324,Low
4260,2023-01-05 00:00:00,Afternoon,Clear,Dry,104,95,Other,Working,2,6,259999,Medium
1904,2024-08-05 00:00:00,Morning,Rain,Dry,56,53,Other,Working,4,4,396744,Medium
388,2025-09-11 00:00:00,Morning,Haze,Damaged,93,90,Phone,Not Working,2,7,366514,High
1160,2025-05-08 00:00:00,Morning,Fog,Wet,93,100,Phone,Working,1,0,605882,High
4193,2024-12-19 00:00:00,Afternoon,Haze,Dry,28,78,Phone,Working,4,4,920031,Medium
4474,2023-02-06 00:00:00,Afternoon,Clear,Water-logged,21,73,None,Working,2,8,128995,Medium
3187,2025-03-28 00:00:00,Afternoon,Clear,Dry,50,108,Phone,Blinking,3,7,452453,High
1711,2025-01-28 00:00:00,Morning,Clear,Water-logged,46,111,None,Working,1,9,263540,High
4123,2024-10-14 00:00:00,Evening,Rain,Wet,62,69,None,Working,3,8,977671,Medium
1820,2025-04-05 00:00:00,Afternoon,Rain,Dry,98,42,None,Working,2,3,233301,Medium
3919,2025-06-13 00:00:00,Evening,Clear,Water-logged,77,83,None,Working,1,0,662311,Medium
1029,2023-01-26 00:00:00,Afternoon,Rain,Wet,19,113,None,Blinking,1,1,656665,Medium
4093,2025-08-25 00:00:00,Afternoon,Clear,Dry,15,38,Fatigue,Not Working,1,8,229420,Medium
301,2023-09-13 00:00:00,Morning,Rain,Water-logged,77,64,Phone,Not Working,4,8,963515,High
1522,2023-08-27 00:00:00,Night,Clear,Dry,71,113,Phone,Working,4,0,191518,Medium
1828,2023-01-04 00:00:00,Night,Clear,Water-logged,64,84,Phone,Working,5,8,856029,Medium
1730,2025-07-11 00:00:00,Evening,Fog,Dry,56,66,None,Working,1,6,108064,Medium
2757,2023-08-12 00:00:00,Afternoon,Clear,Dry,104,71,None,Working,5,0,368922,Medium
4725,2025-06-14 00:00:00,Morning,Clear,Water-logged,99,108,Phone,Working,3,4,14294,High
4726,2025-10-20 00:00:00,Morning,Haze,Water-logged,75,24,Other,Blinking,5,2,530038,Medium
2845,2023-02-27 00:00:00,Evening,Fog,Dry,64,88,Fatigue,Working,3,9,520923,High
714,2023-05-05 00:00:00,Afternoon,Haze,Wet,10,99,None,Working,2,0,707750,Low
2446,2024-12-08 00:00:00,Afternoon,Rain,Dry,31,93,None,Working,4,3,919836,Medium
693,2023-07-10 00:00:00,Evening,Rain,Damaged,12,55,None,Working,2,1,442304,Medium
4317,2025-03-13 00:00:00,Evening,Fog,Dry,82,88,None,Working,5,1,705737,Medium
1930,2023-09-23 00:00:00,Morning,Rain,Dry,113,69,Fatigue,Working,1,8,355157,Medium
3302,2023-02-12 00:00:00,Night,Clear,Dry,37,31,None,Working,4,5,839944,Low
4357,2025-08-01 00:00:00,Morning,Fog,Damaged,53,91,None,Working,5,5,268236,Medium
3405,2024-09-05 00:00:00,Evening,Clear,Dry,14,91,Phone,Working,2,7,751661,High
1131,2025-06-07 00:00:00,Evening,Clear,Wet,62,23,Other,Working,3,9,322716,Medium
4379,2025-01-12 00:00:00,Morning,Fog,Dry,117,81,Other,Working,3,9,645746,High
2840,2024-02-20 00:00:00,Afternoon,Fog,Dry,63,105,Phone,Working,5,8,456765,High
1529,2025-03-17 00:00:00,Night,Clear,Dry,25,79,None,Not Working,1,8,43227,Medium
3071,2025-11-13 00:00:00,Evening,Clear,Dry,115,65,Fatigue,Working,5,0,676839,Medium
3022,2023-08-28 00:00:00,Afternoon,Fog,Water-logged,59,82,Phone,Working,1,2,725771,Medium
3179,2024-07-07 00:00:00,Night,Clear,Dry,99,55,None,Working,2,5,146095,Low
4581,2023-01-29 00:00:00,Night,Clear,Dry,96,29,None,Working,1,1,438122,Low
1988,2025-06-14 00:00:00,Afternoon,Clear,Dry,23,116,None,Working,1,3,755088,Medium
4405,2024-01-09 00:00:00,Night,Clear,Dry,113,24,None,Working,4,5,506601,Medium
2177,2023-04-25 00:00:00,Afternoon,Haze,Dry,95,25,None,Working,1,1,332200,Low
4888,2023-04-01 00:00:00,Evening,Fog,Dry,58,55,None,Blinking,3,3,934420,Medium
1716,2023-05-06 00:00:00,Night,Clear,Dry,70,21,Phone,Working,4,2,628853,Low
281,2025-12-08 00:00:00,Night,Haze,Dry,40,67,None,Working,4,0,938263,Low
3352,2023-01-29 00:00:00,Afternoon,Clear,Dry,12,111,None,Working,2,3,119943,Medium
4709,2025-01-21 00:00:00,Night,Clear,Dry,88,103,None,Working,4,1,980409,Medium
2453,2024-02-21 00:00:00,Evening,Clear,Dry,22,111,None,Working,5,5,318413,Medium
1107,2023-11-12 00:00:00,Afternoon,Clear,Wet,104,30,Phone,Not Working,3,5,580094,Medium
2714,2025-08-07 00:00:00,Afternoon,Clear,Dry,10,60,None,Working,2,1,527473,Low
1180,2024-04-28 00:00:00,Evening,Clear,Dry,84,97,Fatigue,Working,3,3,418319,Medium
2418,2024-07-29 00:00:00,Morning,Clear,Dry,51,47,None,Working,4,7,398073,Low
2371,2024-06-25 00:00:00,Evening,Rain,Dry,107,91,None,Working,3,3,448153,Medium
1545,2024-03-27 00:00:00,Night,Clear,Dry,22,36,None,Working,3,3,391573,Low
4767,2025-03-27 00:00:00,Night,Rain,Dry,90,31,Fatigue,Not Working,1,8,572085,Medium
2869,2024-07-24 00:00:00,Afternoon,Clear,Dry,86,89,Fatigue,Working,3,7,623267,Medium
4126,2024-06-28 00:00:00,Evening,Haze,Wet,70,38,None,Not Working,2,8,371512,Medium
71,2025-10-18 00:00:00,Evening,Rain,Water-logged,116,38,Phone,Working,5,4,646405,Medium
3893,2023-06-26 00:00:00,Evening,Haze,Dry,92,114,Other,Working,3,1,705760,Medium
1241,2025-07-16 00:00:00,Night,Haze,Dry,94,83,None,Working,1,7,695480,High
3616,2023-12-28 00:00:00,Morning,Haze,Wet,57,96,None,Working,4,6,616234,High
3100,2024-06-24 00:00:00,Afternoon,Rain,Dry,55,69,None,Working,5,0,207643,Low
1114,2023-10-27 00:00:00,Evening,Clear,Dry,10,66,None,Working,1,6,262168,Medium
1786,2024-07-27 00:00:00,Night,Fog,Water-logged,65,81,Phone,Working,5,7,574066,Medium
3805,2024-01-11 00:00:00,Afternoon,Rain,Wet,102,99,None,Working,3,5,861351,Medium
1141,2025-06-30 00:00:00,Night,Clear,Wet,91,30,Fatigue,Working,4,0,212097,Low
2255,2025-01-06 00:00:00,Night,Clear,Wet,42,66,None,Working,4,8,318524,Medium
556,2024-06-27 00:00:00,Afternoon,Rain,Dry,84,21,None,Working,4,7,348681,Medium
2643,2025-02-10 00:00:00,Evening,Clear,Wet,94,29,Phone,Working,3,6,449921,Medium
4404,2024-03-25 00:00:00,Afternoon,Clear,Wet,34,58,None,Working,5,6,335329,Medium
3379,2023-01-15 00:00:00,Morning,Rain,Wet,98,65,Other,Working,2,9,973111,High
3513,2024-07-15 00:00:00,Night,Rain,Wet,105,34,None,Working,2,9,791268,Medium
3267,2025-10-22 00:00:00,Afternoon,Rain,Dry,72,45,Phone,Working,1,6,75482,Medium
1748,2025-10-20 00:00:00,Afternoon,Clear,Dry,13,68,None,Blinking,4,6,458702,Medium
2222,2024-02-27 00:00:00,Evening,Clear,Dry,84,37,Phone,Working,4,0,201398,Low
4092,2025-12-08 00:00:00,Afternoon,Clear,Dry,14,62,Fatigue,Not Working,4,3,120571,Low
1284,2025-08-31 00:00:00,Morning,Rain,Dry,54,80,None,Working,3,6,150929,Medium
3414,2025-04-02 00:00:00,Afternoon,Clear,Dry,75,101,Fatigue,Working,2,6,208003,Medium
1922,2025-01-24 00:00:00,Morning,Clear,Dry,53,75,None,Working,4,2,305037,Medium
2439,2023-12-17 00:00:00,Evening,Clear,Dry,113,62,None,Working,2,3,113519,Medium
4529,2023-04-10 00:00:00,Evening,Haze,Wet,66,34,Other,Not Working,1,2,389308,Medium
3757,2024-08-19 00:00:00,Morning,Clear,Dry,75,60,Phone,Working,4,8,991139,Medium
1893,2024-06-07 00:00:00,Night,Haze,Dry,72,66,None,Working,5,6,553307,Medium
3962,2023-02-27 00:00:00,Afternoon,Clear,Dry,93,69,Fatigue,Working,2,2,255243,Medium
274,2023-10-22 00:00:00,Night,Rain,Dry,10,69,None,Working,2,0,983888,Low
339,2024-06-09 00:00:00,Afternoon,Haze,Dry,39,79,None,Blinking,4,3,266301,Medium
4153,2023-04-30 00:00:00,Evening,Clear,Dry,77,97,Phone,Blinking,5,2,452871,Medium
4859,2024-02-11 00:00:00,Night,Clear,Dry,28,118,Other,Not Working,1,7,498684,Medium
4815,2023-10-30 00:00:00,Evening,Haze,Dry,54,97,Other,Not Working,5,2,97904,Medium
4174,2023-12-28 00:00:00,Evening,Clear,Wet,98,86,Phone,Working,2,3,226769,Medium
1486,2024-11-06 00:00:00,Afternoon,Clear,Dry,75,20,None,Working,5,5,538689,Low
2858,2025-08-19 00:00:00,Morning,Clear,Wet,53,37,Fatigue,Working,5,7,583743,Medium
3595,2024-07-06 00:00:00,Afternoon,Rain,Dry,106,22,Other,Working,3,8,805181,Medium
4251,2025-05-29 00:00:00,Afternoon,Clear,Dry,95,109,Phone,Working,4,0,202953,Medium
3276,2025-03-07 00:00:00,Night,Rain,Dry,12,114,None,Blinking,1,2,638450,Medium
2070,2024-03-17 00:00:00,Afternoon,Clear,Dry,17,51,Phone,Not Working,5,2,837434,Low
801,2025-08-02 00:00:00,Evening,Clear,Dry,37,89,None,Working,3,9,144426,Medium
4791,2024-06-16 00:00:00,Morning,Clear,Dry,31,82,Fatigue,Working,5,2,720290,Medium
3688,2025-03-06 00:00:00,Afternoon,Clear,Damaged,43,95,Phone,Not Working,1,0,968782,Medium
1601,2025-12-04 00:00:00,Morning,Clear,Dry,74,108,None,Working,2,7,146189,Medium
4633,2023-11-16 00:00:00,Night,Clear,Dry,34,28,Fatigue,Working,2,0,305181,Low
2057,2024-05-07 00:00:00,Afternoon,Fog,Wet,26,87,Phone,Working,1,0,979807,Medium
2475,2024-09-05 00:00:00,Evening,Clear,Wet,31,82,Other,Working,1,5,24760,Medium
4164,2024-11-26 00:00:00,Afternoon,Clear,Dry,111,106,None,Working,2,9,321528,High
1807,2024-09-08 00:00:00,Evening,Rain,Wet,109,103,None,Working,3,4,446072,High
1540,2025-06-09 00:00:00,Evening,Rain,Wet,112,69,Other,Working,2,5,331768,Medium
1035,2025-04-14 00:00:00,Morning,Rain,Wet,118,79,None,Working,5,2,520759,Medium
4349,2023-11-02 00:00:00,Night,Rain,Dry,119,30,None,Working,4,5,148033,Medium
386,2025-07-05 00:00:00,Night,Clear,Dry,21,104,Phone,Working,5,5,119361,Medium
3960,2025-12-31 00:00:00,Morning,Fog,Dry,119,52,None,Working,4,4,956055,Medium
3600,2024-01-13 00:00:00,Evening,Rain,Water-logged,85,27,Phone,Working,5,2,888095,Medium
4616,2023-02-12 00:00:00,Afternoon,Fog,Water-logged,34,90,None,Working,4,3,487768,Medium
4280,2023-05-09 00:00:00,Afternoon,Clear,Dry,49,46,Phone,Working,3,9,747879,Medium
262,2024-06-04 00:00:00,Night,Fog,Wet,35,57,Phone,Working,4,0,850321,Medium
970,2025-07-21 00:00:00,Afternoon,Fog,Dry,38,28,None,Working,5,8,235810,Medium
4135,2025-09-06 00:00:00,Evening,Rain,Wet,51,70,Other,Working,1,5,425794,Medium
4663,2024-10-10 00:00:00,Afternoon,Clear,Dry,78,92,None,Working,2,2,913942,Medium
4554,2025-12-15 00:00:00,Night,Rain,Water-logged,27,72,None,Blinking,3,0,980074,Low
1662,2025-02-08 00:00:00,Evening,Clear,Damaged,42,55,Phone,Working,2,3,990675,Low
4556,2024-12-01 00:00:00,Evening,Fog,Dry,115,93,Fatigue,Blinking,5,5,734279,High
734,2025-09-04 00:00:00,Evening,Clear,Wet,39,89,None,Working,3,4,879832,Medium
4606,2024-08-20 00:00:00,Night,Rain,Water-logged,16,71,None,Working,4,7,664663,Medium
3789,2023-02-13 00:00:00,Morning,Clear,Wet,24,37,None,Not Working,5,2,901563,Low
3191,2023-12-25 00:00:00,Afternoon,Fog,Wet,37,21,None,Working,2,6,79953,Medium
2118,2024-02-07 00:00:00,Evening,Clear,Wet,13,77,None,Working,1,0,311542,Low
2808,2025-08-21 00:00:00,Morning,Fog,Dry,101,49,None,Working,3,6,161002,Medium
2804,2024-04-18 00:00:00,Night,Clear,Dry,108,85,Other,Working,2,0,57420,Medium
4289,2024-11-09 00:00:00,Afternoon,Clear,Wet,70,57,None,Not Working,5,3,312076,Low
2316,2025-07-02 00:00:00,Morning,Haze,Dry,50,79,None,Working,5,0,212398,Low
875,2023-03-22 00:00:00,Morning,Clear,Water-logged,113,104,None,Working,1,2,810220,Medium
1195,2023-03-20 00:00:00,Morning,Rain,Dry,48,26,Fatigue,Working,4,6,824893,Medium
1823,2023-09-28 00:00:00,Evening,Haze,Dry,24,112,None,Working,2,3,896194,Medium
507,2024-11-14 00:00:00,Night,Clear,Dry,63,101,Fatigue,Working,4,6,875746,High
3078,2023-07-07 00:00:00,Morning,Rain,Wet,116,26,None,Working,5,4,704324,Medium
961,2023-09-01 00:00:00,Morning,Clear,Dry,42,91,Fatigue,Working,5,7,693227,Medium
1533,2025-11-24 00:00:00,Evening,Haze,Water-logged,114,81,None,Not Working,2,2,56807,Medium
2044,2023-05-16 00:00:00,Morning,Clear,Dry,30,56,Fatigue,Working,4,5,11086,Medium
602,2023-08-09 00:00:00,Afternoon,Clear,Dry,112,27,None,Working,2,9,562432,Medium
684,2024-06-14 00:00:00,Evening,Clear,Wet,27,64,Phone,Not Working,2,6,40371,Medium
2156,2025-03-29 00:00:00,Morning,Fog,Dry,37,119,None,Not Working,4,2,960003,Medium
2271,2023-01-23 00:00:00,Morning,Clear,Water-logged,57,113,Fatigue,Blinking,5,3,474861,Medium
3979,2024-03-18 00:00:00,Morning,Rain,Dry,40,59,Fatigue,Working,5,4,332488,Medium
280,2024-11-09 00:00:00,Evening,Clear,Dry,118,104,Fatigue,Working,2,8,527160,High
2951,2023-09-02 00:00:00,Night,Haze,Dry,34,75,None,Working,5,3,80805,Medium
3277,2023-11-26 00:00:00,Night,Clear,Dry,78,98,Phone,Blinking,4,3,480891,Medium
3621,2024-04-06 00:00:00,Evening,Haze,Dry,66,36,Fatigue,Working,1,3,822405,Medium
1384,2023-01-13 00:00:00,Afternoon,Clear,Wet,66,78,Phone,Working,5,7,363243,Medium
3936,2023-06-19 00:00:00,Evening,Rain,Dry,12,61,Phone,Working,5,0,54130,Low
3806,2025-04-18 00:00:00,Night,Fog,Dry,25,81,None,Working,2,2,143523,Medium
2465,2023-01-15 00:00:00,Evening,Clear,Dry,36,84,Phone,Not Working,5,2,556973,Low
2375,2025-07-07 00:00:00,Evening,Clear,Water-logged,61,105,Phone,Blinking,2,4,959317,Medium
2609,2023-12-30 00:00:00,Evening,Clear,Water-logged,104,70,Other,Working,4,6,728984,Medium
3275,2023-11-28 00:00:00,Night,Clear,Wet,58,45,Fatigue,Not Working,4,4,337607,Medium
4072,2025-03-22 00:00:00,Evening,Rain,Dry,18,102,None,Working,1,9,564026,Medium
2743,2024-05-22 00:00:00,Morning,Rain,Dry,72,110,None,Working,3,9,610905,High
3855,2025-05-01 00:00:00,Evening,Clear,Dry,110,92,Phone,Working,2,9,67586,High
1428,2025-09-29 00:00:00,Night,Rain,Wet,63,37,Phone,Not Working,1,1,425383,Medium
1506,2024-10-09 00:00:00,Afternoon,Fog,Wet,49,48,Fatigue,Working,1,6,82083,Medium
2715,2024-06-29 00:00:00,Morning,Clear,Dry,55,39,Phone,Blinking,5,2,88401,Low
2304,2023-08-07 00:00:00,Afternoon,Fog,Wet,109,90,None,Not Working,5,6,435046,High
3511,2025-10-19 00:00:00,Afternoon,Clear,Dry,118,41,None,Working,5,7,127495,Medium
3429,2025-11-27 00:00:00,Night,Clear,Dry,11,24,None,Not Working,1,0,927096,Low
3415,2025-04-02 00:00:00,Evening,Clear,Water-logged,117,97,None,Working,4,0,412717,Medium
843,2023-06-30 00:00:00,Morning,Clear,Water-logged,115,71,Phone,Working,1,4,332042,Medium
751,2025-02-07 00:00:00,Morning,Clear,Dry,96,32,Phone,Working,3,9,790616,Medium
1755,2023-08-08 00:00:00,Night,Clear,Dry,72,58,None,Not Working,4,9,268338,Medium
4320,2024-01-19 00:00:00,Evening,Rain,Dry,13,108,None,Blinking,1,9,52531,Medium
3142,2025-11-05 00:00:00,Night,Rain,Dry,17,33,None,Working,1,8,106627,Medium
1647,2024-03-10 00:00:00,Morning,Fog,Dry,63,25,Fatigue,Blinking,2,6,380891,Medium
4748,2025-06-05 00:00:00,Morning,Clear,Dry,99,25,None,Not Working,3,7,717925,Medium
3373,2025-11-12 00:00:00,Afternoon,Clear,Dry,77,75,None,Not Working,2,8,140662,Medium
3197,2024-03-17 00:00:00,Night,Rain,Damaged,117,56,None,Working,3,5,125400,Medium
1992,2025-12-21 00:00:00,Morning,Clear,Dry,26,70,None,Working,2,5,998268,Medium
646,2023-05-21 00:00:00,Night,Clear,Dry,113,90,Fatigue,Working,2,5,232781,Medium
2423,2023-08-01 00:00:00,Evening,Clear,Dry,42,26,Phone,Working,1,3,415860,Low
